"Time (s)","Gyroscope x (rad/s)","Gyroscope y (rad/s)","Gyroscope z (rad/s)","Absolute (rad/s)"
4.996453800E-2,4.115701467E-2,6.185005885E-3,6.291907281E-2,7.543847743E-2
5.232516300E-2,4.360047355E-2,3.130682046E-3,6.169734150E-2,7.561325553E-2
5.468578800E-2,4.482220486E-2,2.519817324E-3,6.108647957E-2,7.580855832E-2
5.704646500E-2,4.482220486E-2,7.635809743E-5,5.986474827E-2,7.478518546E-2
5.940703800E-2,4.482220486E-2,-1.756236190E-3,5.681042373E-2,7.238465762E-2
6.176776700E-2,4.298960790E-2,-4.199695308E-3,5.497783050E-2,6.991641921E-2
6.412839200E-2,4.543306679E-2,-7.864884101E-3,5.192350596E-2,6.944112924E-2
6.648901700E-2,4.421133921E-2,-9.697478265E-3,4.825831577E-2,6.616304588E-2
6.884969400E-2,4.421133921E-2,-9.697478265E-3,4.398226365E-2,6.311198868E-2
7.121031900E-2,4.176788032E-2,-9.086613543E-3,4.092793912E-2,5.917954522E-2
7.357094400E-2,4.054614902E-2,-8.475748822E-3,3.787361458E-2,5.612699172E-2
7.593162100E-2,4.176788032E-2,-7.864884101E-3,3.481929377E-2,5.494356602E-2
7.829224600E-2,3.810269013E-2,-7.254019380E-3,3.115410358E-2,4.974951218E-2
8.065292300E-2,3.993528336E-2,-5.421424750E-3,2.687804960E-2,4.844221562E-2
8.301354800E-2,3.810269013E-2,-4.810560029E-3,2.504545636E-2,4.585009670E-2
8.537422600E-2,4.115701467E-2,-6.032289471E-3,2.138026804E-2,4.676969354E-2
8.773485100E-2,3.810269013E-2,-5.421424750E-3,1.710421406E-2,4.211604184E-2
9.009547600E-2,3.932442144E-2,-6.032289471E-3,1.221729536E-2,4.161803627E-2
9.245615300E-2,4.054614902E-2,-6.643154658E-3,8.552107029E-3,4.196737112E-2
9.481677800E-2,3.749182448E-2,-9.086613543E-3,6.108647678E-3,3.905789325E-2
9.717745500E-2,3.993528336E-2,-1.153007243E-2,1.832594397E-3,4.160682432E-2
9.953808000E-2,3.810269013E-2,-1.336266659E-2,-6.108647794E-4,4.038253347E-2
1.018987050E-1,3.932442144E-2,-1.641699113E-2,-4.886918236E-3,4.289300280E-2
1.042593820E-1,3.871355578E-2,-1.947131567E-2,-7.330377586E-3,4.395003948E-2
1.066200070E-1,4.176788032E-2,-2.191477455E-2,-9.162971750E-3,4.804969533E-2
1.089806840E-1,3.993528336E-2,-2.374736778E-2,-1.099556591E-2,4.774585640E-2
1.113413090E-1,4.237874225E-2,-2.313650399E-2,-1.282816008E-2,4.995815552E-2
1.137019340E-1,4.237874225E-2,-2.191477455E-2,-1.466075517E-2,4.991145039E-2
1.160626110E-1,4.115701467E-2,-2.252563834E-2,-1.404988952E-2,4.897656209E-2
1.184232360E-1,4.115701467E-2,-2.252563834E-2,-1.466075517E-2,4.915528437E-2
1.207839130E-1,4.237874225E-2,-2.252563834E-2,-1.404988952E-2,5.000761515E-2
1.231445380E-1,4.237874225E-2,-2.130390890E-2,-1.343902480E-2,4.929930746E-2
1.255052150E-1,3.932442144E-2,-2.069304511E-2,-1.221729536E-2,4.608551337E-2
1.278658400E-1,3.871355578E-2,-1.947131567E-2,-1.099556591E-2,4.470765041E-2
1.302264650E-1,3.810269013E-2,-1.763872057E-2,-9.773836471E-3,4.310994477E-2
1.325871420E-1,3.382663801E-2,-1.641699113E-2,-7.941242307E-3,3.842944661E-2
1.349477670E-1,3.077231348E-2,-1.397353224E-2,-4.886918236E-3,3.414786743E-2
1.373084440E-1,2.832885459E-2,-1.153007243E-2,-1.832594397E-3,3.064025089E-2
1.396690690E-1,2.710712515E-2,-1.153007243E-2,-6.108647794E-4,2.946373975E-2
1.420296940E-1,2.527453005E-2,-1.030834299E-2,6.108647794E-4,2.730269145E-2
1.443903710E-1,2.099847607E-2,-8.475748822E-3,4.276053514E-3,2.304471630E-2
1.467509960E-1,1.855501719E-2,-8.475748822E-3,6.108647678E-3,2.129419070E-2
1.491116730E-1,1.733328775E-2,-9.086613543E-3,6.719512399E-3,2.069205782E-2
1.514722980E-1,1.672242396E-2,-9.086613543E-3,7.941242307E-3,2.062205950E-2
1.538329230E-1,1.794415340E-2,-1.030834299E-2,8.552107029E-3,2.239180901E-2
1.561936010E-1,1.611155830E-2,-1.153007243E-2,9.773836471E-3,2.209191618E-2
1.585542260E-1,1.611155830E-2,-1.214093715E-2,1.099556591E-2,2.297579456E-2
1.609149030E-1,1.794415340E-2,-1.397353224E-2,1.099556591E-2,2.526172429E-2
1.632754760E-1,1.855501719E-2,-1.580612548E-2,9.773836471E-3,2.626119085E-2
1.656361530E-1,2.038761228E-2,-1.580612548E-2,1.160643063E-2,2.828776360E-2
1.679968300E-1,2.038761228E-2,-1.702785492E-2,9.773836471E-3,2.830424804E-2
1.703574550E-1,2.099847607E-2,-1.886045001E-2,1.160643063E-2,3.051822086E-2
1.727181320E-1,2.160934173E-2,-1.947131567E-2,1.343902480E-2,3.204220921E-2
1.750787570E-1,2.283107117E-2,-2.069304511E-2,1.404988952E-2,3.386531149E-2
1.774394340E-1,2.160934173E-2,-1.947131567E-2,1.343902480E-2,3.204220921E-2
1.798000590E-1,1.794415340E-2,-2.069304511E-2,1.404988952E-2,3.078301728E-2
1.821606840E-1,1.672242396E-2,-2.313650399E-2,1.527161989E-2,3.237529389E-2
1.845213610E-1,1.550069358E-2,-2.435823344E-2,1.466075517E-2,3.238105588E-2
1.868819860E-1,1.366809942E-2,-2.619082667E-2,1.282816008E-2,3.220773252E-2
1.892426110E-1,1.000291109E-2,-2.741255611E-2,1.404988952E-2,3.238681612E-2
1.916032880E-1,8.170315996E-3,-2.924515121E-2,1.343902480E-2,3.320602837E-2
1.939639130E-1,6.948587019E-3,-2.924515121E-2,1.282816008E-2,3.268215754E-2
1.963245900E-1,6.337722298E-3,-3.046688065E-2,1.221729536E-2,3.343142005E-2
1.986852150E-1,5.115992390E-3,-2.802342176E-2,1.099556591E-2,3.053502932E-2
2.010457880E-1,3.283398226E-3,-2.741255611E-2,1.099556591E-2,2.971752692E-2
2.034065170E-1,2.061668551E-3,-2.557996288E-2,9.773836471E-3,2.746111537E-2
2.057671420E-1,8.399390499E-4,-2.619082667E-2,8.552107029E-3,2.756453217E-2
2.081278190E-1,-3.817904799E-4,-2.435823344E-2,6.719512399E-3,2.527095461E-2
2.104884440E-1,-1.603520010E-3,-2.252563834E-2,4.276053514E-3,2.298391378E-2
2.128491210E-1,-7.101302966E-3,-2.191477455E-2,1.221729559E-3,2.306899371E-2
2.152097460E-1,-7.712167688E-3,-1.947131567E-2,1.221729559E-3,2.097861500E-2
2.175704230E-1,-1.015562657E-2,-1.702785492E-2,-6.108647794E-4,1.983576946E-2
2.199310480E-1,-1.198822167E-2,-1.519526169E-2,-1.221729559E-3,1.939345404E-2
2.222916730E-1,-1.382081583E-2,-1.458439697E-2,-3.665188793E-3,2.042432848E-2
2.246523510E-1,-1.748600416E-2,-1.397353224E-2,-4.276053514E-3,2.278825528E-2
2.270129760E-1,-2.054032870E-2,-1.275180187E-2,-6.108647678E-3,2.493650197E-2
2.293736530E-1,-2.237292193E-2,-1.275180187E-2,-6.719512399E-3,2.661405519E-2
2.317342780E-1,-2.420551702E-2,-1.091920771E-2,-7.330377586E-3,2.754760583E-2
2.340949030E-1,-2.542724647E-2,-1.091920771E-2,-7.941242307E-3,2.878953437E-2
2.364555800E-1,-2.481638081E-2,-1.091920771E-2,-7.330377586E-3,2.808587348E-2
2.388162050E-1,-2.359465137E-2,-1.153007243E-2,-7.330377586E-3,2.726507985E-2
2.411768820E-1,-2.359465137E-2,-1.030834299E-2,-9.162971750E-3,2.733001207E-2
2.435375070E-1,-2.298378758E-2,-8.475748822E-3,-9.162971750E-3,2.615440424E-2
2.458981320E-1,-1.992946304E-2,-7.254019380E-3,-9.162971750E-3,2.310334057E-2
2.482588090E-1,-2.115119249E-2,-6.643154658E-3,-9.162971750E-3,2.398884113E-2
2.506194340E-1,-1.687514037E-2,-6.032289471E-3,-9.773836471E-3,2.041290665E-2
2.529801110E-1,-1.809686981E-2,-5.421424750E-3,-1.038470119E-2,2.155761031E-2
2.553407360E-1,-1.748600416E-2,-4.199695308E-3,-1.160643063E-2,2.140343464E-2
2.577014130E-1,-1.687514037E-2,-1.756236190E-3,-9.773836471E-3,1.958015851E-2
2.600620380E-1,-1.320995111E-2,-2.367100911E-3,-1.160643063E-2,1.774303264E-2
2.624226630E-1,-8.933897130E-3,-3.588830587E-3,-1.099556591E-2,1.461494758E-2
2.647833400E-1,-9.544761851E-3,-2.367100911E-3,-9.773836471E-3,1.386483050E-2
2.671439650E-1,-4.657844082E-3,-1.145371469E-3,-9.773836471E-3,1.088739026E-2
2.695046420E-1,-2.214384731E-3,-1.145371469E-3,-1.038470119E-2,1.067976565E-2
2.718652670E-1,2.061668551E-3,-1.145371469E-3,-8.552107029E-3,8.871352075E-3
2.742258920E-1,3.283398226E-3,-1.145371469E-3,-9.162971750E-3,9.800644418E-3
2.765865690E-1,5.726857111E-3,-1.756236190E-3,-9.162971750E-3,1.094720554E-2
2.789471940E-1,9.392046370E-3,-2.367100911E-3,-8.552107029E-3,1.292099982E-2
2.813078710E-1,1.244636998E-2,-4.810560029E-3,-7.330377586E-3,1.522458699E-2
2.836684960E-1,1.305723470E-2,-6.643154658E-3,-8.552107029E-3,1.696353195E-2
2.860291730E-1,1.672242396E-2,-8.475748822E-3,-8.552107029E-3,2.060622032E-2
2.883897980E-1,1.855501719E-2,-1.091920771E-2,-7.330377586E-3,2.274317910E-2
2.907504230E-1,2.099847607E-2,-1.153007243E-2,-7.941242307E-3,2.523770784E-2
2.931111010E-1,2.160934173E-2,-1.275180187E-2,-7.941242307E-3,2.631796782E-2
2.954716730E-1,1.977674663E-2,-1.397353224E-2,-7.330377586E-3,2.530046929E-2
2.978324030E-1,2.222020552E-2,-1.336266659E-2,-8.552107029E-3,2.730269082E-2
3.001930280E-1,2.099847607E-2,-1.214093715E-2,-1.038470119E-2,2.638523017E-2
3.025536530E-1,2.283107117E-2,-1.214093715E-2,-9.162971750E-3,2.743392456E-2
3.049143300E-1,2.160934173E-2,-1.030834299E-2,-9.162971750E-3,2.563563216E-2
3.072749550E-1,1.977674663E-2,-7.864884101E-3,-1.160643063E-2,2.424222228E-2
3.096356320E-1,1.916588284E-2,-7.254019380E-3,-9.162971750E-3,2.244798239E-2
3.119962570E-1,1.672242396E-2,-4.199695308E-3,-9.773836471E-3,1.981930329E-2
3.143568820E-1,1.733328775E-2,6.872228696E-4,-1.099556591E-2,2.053819878E-2
3.167175590E-1,1.305723470E-2,5.574141163E-3,-1.160643063E-2,1.833771141E-2
3.190781840E-1,9.392046370E-3,1.107192412E-2,-1.282816008E-2,1.937420269E-2
3.214388610E-1,4.505127668E-3,1.595884189E-2,-1.466075517E-2,2.213410382E-2
3.237994860E-1,3.894262947E-3,1.779143699E-2,-1.588248461E-2,2.416513669E-2
3.261601630E-1,-2.825249685E-3,2.145662531E-2,-1.649334840E-2,2.721028017E-2
3.285207880E-1,-6.490438245E-3,2.390008420E-2,-1.710421406E-2,3.009807223E-2
3.308814130E-1,-8.323032409E-3,2.390008420E-2,-1.771507785E-2,3.089192251E-2
3.332420900E-1,-1.015562657E-2,2.512181364E-2,-1.771507785E-2,3.237385140E-2
3.356027150E-1,-1.320995111E-2,2.634354308E-2,-1.832594350E-2,3.470338997E-2
3.379633920E-1,-1.565340906E-2,2.634354308E-2,-1.649334840E-2,3.480002901E-2
3.403240170E-1,-1.748600416E-2,2.573267929E-2,-1.771507785E-2,3.580160762E-2
3.426846940E-1,-1.992946304E-2,2.573267929E-2,-1.710421406E-2,3.676830727E-2
3.450453190E-1,-1.992946304E-2,2.512181364E-2,-1.710421406E-2,3.634340595E-2
3.474059440E-1,-1.748600416E-2,2.695440874E-2,-1.404988952E-2,3.506707697E-2
3.497666210E-1,-1.748600416E-2,2.695440874E-2,-1.527161989E-2,3.557418820E-2
3.521272460E-1,-1.687514037E-2,2.634354308E-2,-1.343902480E-2,3.404937609E-2
3.544879230E-1,-1.626427472E-2,2.756527252E-2,-1.343902480E-2,3.471279690E-2
3.568485480E-1,-1.443168055E-2,2.756527252E-2,-1.221729536E-2,3.342723379E-2
3.592091730E-1,-1.198822167E-2,2.939786762E-2,-1.160643063E-2,3.380327368E-2
3.615698510E-1,-1.198822167E-2,3.061959706E-2,-1.038470119E-2,3.448360773E-2
3.639304760E-1,-7.712167688E-3,3.061959706E-2,-9.162971750E-3,3.287852348E-2
3.662911530E-1,-6.490438245E-3,3.306305781E-2,-7.941242307E-3,3.461726318E-2
3.686517780E-1,-4.657844082E-3,3.184132650E-2,-7.941242307E-3,3.314557157E-2
3.710124030E-1,-4.046979360E-3,3.061959706E-2,-5.497782957E-3,3.137137841E-2
3.733730800E-1,-1.603520010E-3,3.000873141E-2,-4.276053514E-3,3.035423975E-2
3.757337050E-1,-9.926552884E-4,3.184132650E-2,-6.108647678E-3,3.243718568E-2
3.780943820E-1,-2.214384731E-3,3.061959706E-2,-5.497782957E-3,3.118795988E-2
3.804550070E-1,-3.817904799E-4,3.000873141E-2,-6.108647678E-3,3.062654570E-2
3.828156840E-1,1.450803829E-3,2.878700197E-2,-6.108647678E-3,2.946373857E-2
3.851763090E-1,8.399390499E-4,2.634354308E-2,-9.773836471E-3,2.811077443E-2
3.875369340E-1,-1.603520010E-3,2.634354308E-2,-9.773836471E-3,2.814394105E-2
3.898975590E-1,-3.817904799E-4,2.206749097E-2,-1.160643063E-2,2.493650243E-2
3.922582360E-1,2.061668551E-3,2.084576152E-2,-1.221729536E-2,2.424991869E-2
3.946189130E-1,2.061668551E-3,1.840230078E-2,-1.343902480E-2,2.288017785E-2
3.969795380E-1,4.505127668E-3,1.656970754E-2,-1.343902480E-2,2.180501710E-2
3.993402150E-1,6.337722298E-3,1.473711245E-2,-1.160643063E-2,1.980046563E-2
4.017008400E-1,7.559451740E-3,1.290451828E-2,-1.160643063E-2,1.893095705E-2
4.040614650E-1,8.781181648E-3,9.239329956E-3,-1.099556591E-2,1.683380049E-2
4.064221420E-1,1.000291109E-2,5.574141163E-3,-1.099556591E-2,1.587550786E-2
4.087827670E-1,1.122464053E-2,3.741546767E-3,-9.162971750E-3,1.496501850E-2
4.111434440E-1,1.305723470E-2,7.635809743E-5,-7.941242307E-3,1.528268752E-2
4.135040690E-1,1.427896414E-2,-1.145371469E-3,-5.497782957E-3,1.534360812E-2
4.158646940E-1,1.183550525E-2,-5.345066893E-4,-4.276053514E-3,1.259561494E-2
4.182253710E-1,1.366809942E-2,-2.367100911E-3,-3.665188793E-3,1.434760319E-2
4.205859960E-1,1.305723470E-2,-2.367100911E-3,-3.665188793E-3,1.376692244E-2
4.229466730E-1,1.305723470E-2,-1.756236190E-3,-2.443459118E-3,1.339948641E-2
4.253072980E-1,1.122464053E-2,7.635809743E-5,-1.221729559E-3,1.129119165E-2
4.276679760E-1,9.392046370E-3,-5.345066893E-4,-0.000000000E0,9.407243614E-3
4.300286010E-1,9.392046370E-3,-1.145371469E-3,6.108647794E-4,9.481327259E-3
4.323892260E-1,6.948587019E-3,6.872228696E-4,-0.000000000E0,6.982487868E-3
4.347499030E-1,6.948587019E-3,1.298087649E-3,6.108647794E-4,7.095142626E-3
4.371105280E-1,3.894262947E-3,1.908952487E-3,-0.000000000E0,4.336978614E-3
4.394712050E-1,2.672533505E-3,3.130682046E-3,1.221729559E-3,4.293742950E-3
4.418318300E-1,8.399390499E-4,4.963276442E-3,6.108647794E-4,5.070775722E-3
4.441925070E-1,-1.603520010E-3,6.185005885E-3,-1.832594397E-3,6.647102860E-3
4.465531320E-1,-1.603520010E-3,6.185005885E-3,-6.108647794E-4,6.418623684E-3
4.489137050E-1,-3.436114406E-3,6.185005885E-3,-0.000000000E0,7.075392569E-3
4.512744340E-1,-7.101302966E-3,7.406735327E-3,6.108647794E-4,1.027917253E-2
4.536350590E-1,-6.490438245E-3,6.185005885E-3,6.108647794E-4,8.986280776E-3
4.559957360E-1,-5.268708803E-3,4.352411721E-3,-1.221729559E-3,6.942290930E-3
4.583563610E-1,-6.490438245E-3,4.963276442E-3,-6.108647794E-4,8.193476517E-3
4.607169340E-1,-7.101302966E-3,2.519817324E-3,-1.221729559E-3,7.633518604E-3
4.630776630E-1,-5.268708803E-3,6.872228696E-4,-2.443459118E-3,5.848252746E-3
4.654382880E-1,-6.490438245E-3,1.908952487E-3,-3.054323839E-3,7.422855402E-3
4.677989650E-1,-4.657844082E-3,6.872228696E-4,-1.832594397E-3,5.052344899E-3
4.701595380E-1,-2.214384731E-3,-5.345066893E-4,-1.832594397E-3,2.923627774E-3
4.725202670E-1,-1.603520010E-3,7.635809743E-5,-3.665188793E-3,4.001339259E-3
4.748808920E-1,8.399390499E-4,1.298087649E-3,-5.497782957E-3,5.711054771E-3
4.772415170E-1,3.283398226E-3,6.872228696E-4,-5.497782957E-3,6.440387925E-3
4.796021940E-1,5.115992390E-3,7.635809743E-5,-7.941242307E-3,9.446826879E-3
4.819628190E-1,8.781181648E-3,7.635809743E-5,-9.162971750E-3,1.269153391E-2
4.843234960E-1,1.244636998E-2,-5.345066893E-4,-1.221729536E-2,1.744878588E-2
4.866841210E-1,1.488982886E-2,-2.367100911E-3,-1.282816008E-2,1.979575362E-2
4.890447980E-1,1.672242396E-2,-2.367100911E-3,-1.404988952E-2,2.196911526E-2
4.914054230E-1,1.916588284E-2,-2.977965865E-3,-1.710421406E-2,2.586026845E-2
4.937660480E-1,1.916588284E-2,-2.367100911E-3,-1.832594350E-2,2.662281798E-2
4.961266730E-1,2.099847607E-2,-3.588830587E-3,-2.015853859E-2,2.932886600E-2
4.984873510E-1,2.160934173E-2,-1.756236190E-3,-2.138026804E-2,3.044936579E-2
5.008480280E-1,2.038761228E-2,-5.345066893E-4,-2.504545636E-2,3.229884389E-2
5.032086530E-1,1.977674663E-2,6.872228696E-4,-2.626718581E-2,3.288703442E-2
5.055692780E-1,1.855501719E-2,6.872228696E-4,-2.809977904E-2,3.368023931E-2
5.079299550E-1,1.977674663E-2,-1.145371469E-3,-2.871064469E-2,3.488169580E-2
5.102905800E-1,2.099847607E-2,-2.367100911E-3,-2.871064469E-2,3.564884686E-2
5.126512050E-1,1.916588284E-2,-1.756236190E-3,-2.871064469E-2,3.456467198E-2
5.150118820E-1,2.160934173E-2,-1.145371469E-3,-2.748891525E-2,3.498451068E-2
5.173725590E-1,1.977674663E-2,6.872228696E-4,-2.748891525E-2,3.387081995E-2
5.197331840E-1,1.977674663E-2,1.298087649E-3,-2.565632015E-2,3.241992447E-2
5.220938090E-1,1.977674663E-2,1.298087649E-3,-2.382372692E-2,3.098991293E-2
5.244544860E-1,1.977674663E-2,1.298087649E-3,-2.199113183E-2,2.960430067E-2
5.268151110E-1,1.855501719E-2,2.519817324E-3,-2.076940238E-2,2.796437408E-2
5.291757880E-1,1.794415340E-2,3.130682046E-3,-1.832594350E-2,2.583861483E-2
5.315364130E-1,1.855501719E-2,1.908952487E-3,-1.649334840E-2,2.489906231E-2
5.338970380E-1,1.672242396E-2,3.130682046E-3,-1.527161989E-2,2.286182423E-2
5.362577150E-1,1.427896414E-2,3.741546767E-3,-1.404988952E-2,2.037860114E-2
5.386183400E-1,1.366809942E-2,3.130682046E-3,-1.160643063E-2,1.820239940E-2
5.409790170E-1,1.305723470E-2,3.130682046E-3,-1.099556591E-2,1.735497098E-2
5.433396420E-1,1.366809942E-2,3.741546767E-3,-1.160643063E-2,1.831735095E-2
5.457003190E-1,1.244636998E-2,3.130682046E-3,-1.160643063E-2,1.730382986E-2
5.480609440E-1,1.183550525E-2,1.908952487E-3,-1.160643063E-2,1.668629726E-2
5.504216210E-1,1.000291109E-2,3.130682046E-3,-1.221729536E-2,1.609725772E-2
5.527822460E-1,1.000291109E-2,3.130682046E-3,-1.343902480E-2,1.704308622E-2
5.551428710E-1,1.061377581E-2,2.519817324E-3,-1.404988952E-2,1.778766741E-2
5.575035480E-1,8.781181648E-3,6.872228696E-4,-1.404988952E-2,1.658254570E-2
5.598641730E-1,1.000291109E-2,7.635809743E-5,-1.588248461E-2,1.877011930E-2
5.622248510E-1,1.061377581E-2,7.635809743E-5,-1.710421406E-2,2.012988341E-2
5.645854760E-1,1.183550525E-2,-2.977965865E-3,-1.649334840E-2,2.051774858E-2
5.669461010E-1,1.122464053E-2,-4.199695308E-3,-1.710421406E-2,2.088502177E-2
5.693067780E-1,1.244636998E-2,-2.977965865E-3,-1.649334840E-2,2.087608555E-2
5.716674030E-1,1.366809942E-2,-4.199695308E-3,-1.893680729E-2,2.372882325E-2
5.740280800E-1,1.305723470E-2,-2.977965865E-3,-1.954767294E-2,2.369538301E-2
5.763887050E-1,1.305723470E-2,-4.199695308E-3,-2.015853859E-2,2.438227834E-2
5.787493820E-1,1.427896414E-2,-3.588830587E-3,-2.138026804E-2,2.595928318E-2
5.811100070E-1,1.488982886E-2,-2.367100911E-3,-2.260199748E-2,2.716910857E-2
5.834706320E-1,1.244636998E-2,7.635809743E-5,-2.382372692E-2,2.687913541E-2
5.858313090E-1,1.000291109E-2,2.519817324E-3,-2.504545636E-2,2.708657590E-2
5.881919340E-1,7.559451740E-3,4.352411721E-3,-2.504545636E-2,2.652100456E-2
5.905526110E-1,6.337722298E-3,6.185005885E-3,-2.565632015E-2,2.714162459E-2
5.929132360E-1,2.672533505E-3,8.628465235E-3,-2.565632015E-2,2.719999286E-2
5.952739130E-1,8.399390499E-4,9.239329956E-3,-2.321286127E-2,2.499815281E-2
5.976345380E-1,-4.046979360E-3,9.239329956E-3,-2.199113183E-2,2.419407239E-2
5.999951630E-1,-7.712167688E-3,9.239329956E-3,-2.138026804E-2,2.453484481E-2
6.023558400E-1,-9.544761851E-3,7.406735327E-3,-2.076940238E-2,2.402769823E-2
6.047164650E-1,-1.259908639E-2,7.406735327E-3,-1.771507785E-2,2.296564149E-2
6.070771420E-1,-1.626427472E-2,5.574141163E-3,-1.710421406E-2,2.425184159E-2
6.094377670E-1,-1.931859925E-2,6.185005885E-3,-1.527161989E-2,2.539064688E-2
6.117984440E-1,-2.054032870E-2,2.519817324E-3,-1.343902480E-2,2.467512857E-2
6.141590690E-1,-2.481638081E-2,1.298087649E-3,-1.221729536E-2,2.769115552E-2
6.165196940E-1,-2.481638081E-2,7.635809743E-5,-1.099556591E-2,2.714334278E-2
6.188803710E-1,-2.725984156E-2,7.635809743E-5,-9.162971750E-3,2.875873509E-2
6.212409960E-1,-2.725984156E-2,-2.977965865E-3,-9.773836471E-3,2.911176948E-2
6.236016730E-1,-2.909243479E-2,-1.145371469E-3,-8.552107029E-3,3.034501891E-2
6.259622980E-1,-3.031416424E-2,-1.756236190E-3,-7.330377586E-3,3.123727508E-2
6.283229760E-1,-2.970330045E-2,-1.145371469E-3,-4.886918236E-3,3.012440710E-2
6.306836010E-1,-3.214675933E-2,-1.145371469E-3,-7.941242307E-3,3.313290420E-2
6.330442260E-1,-3.031416424E-2,-2.367100911E-3,-7.330377586E-3,3.127756633E-2
6.354049030E-1,-2.725984156E-2,-1.145371469E-3,-6.719512399E-3,2.809915808E-2
6.377655280E-1,-2.787070535E-2,-1.756236190E-3,-8.552107029E-3,2.920614862E-2
6.401262050E-1,-2.970330045E-2,7.635809743E-5,-8.552107029E-3,3.091003757E-2
6.424868300E-1,-2.787070535E-2,6.872228696E-4,-9.162971750E-3,2.934635486E-2
6.448475070E-1,-2.481638081E-2,1.298087649E-3,-1.038470119E-2,2.693287595E-2
6.472081320E-1,-2.115119249E-2,1.298087649E-3,-1.099556591E-2,2.387384437E-2
6.495687570E-1,-1.992946304E-2,1.908952487E-3,-1.160643063E-2,2.314166867E-2
6.519294340E-1,-1.931859925E-2,2.519817324E-3,-1.282816008E-2,2.332636807E-2
6.542900590E-1,-1.870773360E-2,4.352411721E-3,-1.527161989E-2,2.453864622E-2
6.566507360E-1,-1.565340906E-2,1.908952487E-3,-1.588248461E-2,2.238139032E-2
6.590113610E-1,-1.259908639E-2,3.741546767E-3,-1.404988952E-2,1.923890708E-2
6.613720380E-1,-1.137735695E-2,5.574141163E-3,-1.404988952E-2,1.891863357E-2
6.637326630E-1,-8.323032409E-3,4.963276442E-3,-1.221729536E-2,1.559388622E-2
6.660932880E-1,-7.712167688E-3,6.185005885E-3,-1.160643063E-2,1.524601785E-2
6.684539650E-1,-4.657844082E-3,6.185005885E-3,-1.099556591E-2,1.344813292E-2
6.708145900E-1,-7.101302966E-3,6.185005885E-3,-1.099556591E-2,1.447706018E-2
6.731752670E-1,-7.712167688E-3,6.795870606E-3,-9.773836471E-3,1.418412024E-2
6.755358920E-1,-4.657844082E-3,9.850194678E-3,-7.941242307E-3,1.348277331E-2
6.778965690E-1,-4.657844082E-3,8.017600514E-3,-6.108647678E-3,1.110373838E-2
6.802571940E-1,-3.436114406E-3,6.795870606E-3,-4.276053514E-3,8.733577340E-3
6.826178190E-1,-4.657844082E-3,6.795870606E-3,-2.443459118E-3,8.593594198E-3
6.849784960E-1,-2.825249685E-3,5.574141163E-3,-2.443459118E-3,6.709961099E-3
6.873391210E-1,-3.436114406E-3,5.574141163E-3,-6.108647794E-4,6.576555915E-3
6.896997980E-1,-3.436114406E-3,3.130682046E-3,-6.108647794E-4,4.688412105E-3
6.920604230E-1,-9.926552884E-4,1.298087649E-3,-0.000000000E0,1.634134654E-3
6.944211010E-1,-3.817904799E-4,7.635809743E-5,6.108647794E-4,7.243965132E-4
6.967817260E-1,-1.603520010E-3,-2.367100911E-3,-0.000000000E0,2.859098310E-3
6.991423510E-1,-9.926552884E-4,-3.588830587E-3,-0.000000000E0,3.723582885E-3
7.015030280E-1,-2.214384731E-3,-3.588830587E-3,-6.108647794E-4,4.261028103E-3
7.038636530E-1,-4.046979360E-3,-3.588830587E-3,-6.108647794E-4,5.443427477E-3
7.062243300E-1,-2.825249685E-3,-2.367100911E-3,-2.443459118E-3,4.422182150E-3
7.085849550E-1,-5.268708803E-3,-1.756236190E-3,-2.443459118E-3,6.067466561E-3
7.109456320E-1,-5.268708803E-3,-1.145371469E-3,-1.832594397E-3,5.694696697E-3
7.133062570E-1,-1.015562657E-2,6.872228696E-4,-4.886918236E-3,1.129119109E-2
7.156668820E-1,-1.076649129E-2,1.908952487E-3,-4.886918236E-3,1.197678606E-2
7.180275590E-1,-1.137735695E-2,3.741546767E-3,-4.276053514E-3,1.271723464E-2
7.203881840E-1,-1.259908639E-2,4.963276442E-3,-5.497782957E-3,1.461494811E-2
7.227488610E-1,-1.320995111E-2,5.574141163E-3,-4.886918236E-3,1.514779944E-2
7.251094860E-1,-1.443168055E-2,8.017600514E-3,-6.108647678E-3,1.760315023E-2
7.274701630E-1,-1.382081583E-2,8.628465235E-3,-5.497782957E-3,1.719566748E-2
7.298307880E-1,-1.443168055E-2,8.628465235E-3,-4.276053514E-3,1.734959508E-2
7.321914130E-1,-1.320995111E-2,8.017600514E-3,-4.886918236E-3,1.620699529E-2
7.345520900E-1,-1.198822167E-2,7.406735327E-3,-5.497782957E-3,1.512622902E-2
7.369126630E-1,-8.933897130E-3,6.795870606E-3,-5.497782957E-3,1.249895966E-2
7.392733920E-1,-8.933897130E-3,6.795870606E-3,-6.108647678E-3,1.277943472E-2
7.416340170E-1,-8.323032409E-3,6.185005885E-3,-6.719512399E-3,1.235633494E-2
7.439946420E-1,-6.490438245E-3,3.130682046E-3,-6.108647678E-3,9.446826723E-3
7.463553190E-1,-4.657844082E-3,3.741546767E-3,-6.719512399E-3,8.991469879E-3
7.487159440E-1,-2.214384731E-3,4.963276442E-3,-4.276053514E-3,6.915363073E-3
7.510766210E-1,-9.926552884E-4,3.130682046E-3,-4.276053514E-3,5.391768564E-3
7.534371940E-1,2.672533505E-3,4.352411721E-3,-1.832594397E-3,5.426262558E-3
7.557979230E-1,3.283398226E-3,5.574141163E-3,6.108647794E-4,6.498069667E-3
7.581585480E-1,3.283398226E-3,6.795870606E-3,2.443459118E-3,7.933161643E-3
7.605192260E-1,3.283398226E-3,8.017600514E-3,2.443459118E-3,9.001839499E-3
7.628797980E-1,5.115992390E-3,8.628465235E-3,4.276053514E-3,1.090451393E-2
7.652405280E-1,5.726857111E-3,1.046105940E-2,7.941242307E-3,1.432808380E-2
7.676011530E-1,5.115992390E-3,1.229365356E-2,7.941242307E-3,1.550389065E-2
7.699617780E-1,2.672533505E-3,1.290451828E-2,9.773836471E-3,1.640722118E-2
7.723224550E-1,1.450803829E-3,1.290451828E-2,1.404988952E-2,1.913193193E-2
7.746830800E-1,1.450803829E-3,1.351538301E-2,1.588248461E-2,2.090511246E-2
7.770437570E-1,2.290742996E-4,1.229365356E-2,1.710421406E-2,2.106514969E-2
7.794043820E-1,-3.817904799E-4,1.290451828E-2,1.893680729E-2,2.291887926E-2
7.817650070E-1,-9.926552884E-4,1.229365356E-2,1.832594350E-2,2.208980506E-2
7.841256840E-1,-2.825249685E-3,8.628465235E-3,1.954767294E-2,2.155328201E-2
7.864862570E-1,-4.046979360E-3,7.406735327E-3,1.954767294E-2,2.129200055E-2
7.888469860E-1,-6.490438245E-3,6.185005885E-3,1.893680729E-2,2.095191535E-2
7.912076110E-1,-5.268708803E-3,2.519817324E-3,1.954767294E-2,2.040147762E-2
7.935682880E-1,-5.268708803E-3,7.635809743E-5,1.893680729E-2,1.965624057E-2
7.959289130E-1,-5.879573524E-3,-5.345066893E-4,1.954767294E-2,2.041976003E-2
7.982895900E-1,-6.490438245E-3,-1.145371469E-3,1.954767294E-2,2.062884344E-2
8.006502150E-1,-5.268708803E-3,-2.977965865E-3,1.893680729E-2,1.988039847E-2
8.030108400E-1,-4.657844082E-3,-2.977965865E-3,1.893680729E-2,1.972730246E-2
8.053715170E-1,-4.046979360E-3,-5.345066893E-4,1.893680729E-2,1.937179418E-2
8.077321420E-1,-5.879573524E-3,1.298087649E-3,1.954767294E-2,2.045399555E-2
8.100928190E-1,-5.879573524E-3,4.352411721E-3,1.588248461E-2,1.748617140E-2
8.124534440E-1,-4.657844082E-3,7.406735327E-3,1.404988952E-2,1.655157501E-2
8.148140690E-1,-3.436114406E-3,9.850194678E-3,1.160643063E-2,1.560584664E-2
8.171747460E-1,-3.436114406E-3,1.107192412E-2,9.773836471E-3,1.516318783E-2
8.195353710E-1,-2.825249685E-3,1.290451828E-2,7.941242307E-3,1.541336943E-2
8.218960480E-1,-2.825249685E-3,1.168278884E-2,5.497782957E-3,1.321723149E-2
8.242566730E-1,-9.926552884E-4,1.107192412E-2,4.276053514E-3,1.191039470E-2
8.266173510E-1,2.672533505E-3,8.628465235E-3,1.832594397E-3,9.216900231E-3
8.289779760E-1,6.948587019E-3,5.574141163E-3,-1.221729559E-3,8.991470090E-3
8.313386530E-1,9.392046370E-3,2.519817324E-3,-1.221729559E-3,9.800644748E-3
8.336992780E-1,1.305723470E-2,-5.345066893E-4,-3.054323839E-3,1.342035653E-2
8.360599030E-1,1.733328775E-2,-2.977965865E-3,-4.886918236E-3,1.825357813E-2
8.384205800E-1,2.405280061E-2,-5.421424750E-3,-6.108647678E-3,2.540166609E-2
8.407812050E-1,2.893971838E-2,-7.864884101E-3,-5.497782957E-3,3.048916725E-2
8.431418820E-1,3.382663801E-2,-1.091920771E-2,-6.108647678E-3,3.606641253E-2
8.455025070E-1,3.749182448E-2,-1.275180187E-2,-9.162971750E-3,4.064732962E-2
8.478631840E-1,3.871355578E-2,-1.580612548E-2,-7.941242307E-3,4.256332146E-2
8.502238090E-1,4.237874225E-2,-1.458439697E-2,-8.552107029E-3,4.562675711E-2
8.525844340E-1,4.360047355E-2,-1.458439697E-2,-7.941242307E-3,4.665585985E-2
8.549451110E-1,4.482220486E-2,-1.336266659E-2,-9.162971750E-3,4.766079057E-2
8.573057360E-1,4.543306679E-2,-9.697478265E-3,-7.330377586E-3,4.703125639E-2
8.596664130E-1,4.237874225E-2,-8.475748822E-3,-8.552107029E-3,4.405603985E-2
8.620270380E-1,4.176788032E-2,-6.032289471E-3,-7.330377586E-3,4.283315046E-2
8.643877150E-1,3.749182448E-2,-2.367100911E-3,-7.941242307E-3,3.839665869E-2
8.667483400E-1,3.321577236E-2,7.635809743E-5,-7.941242307E-3,3.415196471E-2
8.691089650E-1,3.016144782E-2,4.352411721E-3,-6.108647678E-3,3.108009007E-2
8.714696420E-1,2.466366626E-2,7.406735327E-3,-4.886918236E-3,2.621141224E-2
8.738302670E-1,1.977674663E-2,9.850194678E-3,-3.665188793E-3,2.239597400E-2
8.761909440E-1,1.611155830E-2,1.046105940E-2,-4.276053514E-3,1.967995702E-2
8.785515690E-1,1.122464053E-2,1.107192412E-2,-1.832594397E-3,1.587256945E-2
8.809122460E-1,5.115992390E-3,1.107192412E-2,-0.000000000E0,1.219675702E-2
8.832728710E-1,8.399390499E-4,9.850194678E-3,6.108647794E-4,9.904796241E-3
8.856335480E-1,-2.214384731E-3,8.628465235E-3,6.108647794E-4,8.929001502E-3
8.879941730E-1,-7.101302966E-3,8.017600514E-3,1.832594397E-3,1.086594791E-2
8.903547980E-1,-1.198822167E-2,8.017600514E-3,1.832594397E-3,1.453814909E-2
8.927154760E-1,-1.320995111E-2,6.795870606E-3,3.054323839E-3,1.516626387E-2
8.950761010E-1,-1.687514037E-2,6.795870606E-3,4.886918236E-3,1.883709610E-2
8.974367780E-1,-1.809686981E-2,6.185005885E-3,7.330377586E-3,2.048134347E-2
8.997974030E-1,-2.176205814E-2,6.795870606E-3,7.941242307E-3,2.414196266E-2
9.021580280E-1,-2.176205814E-2,5.574141163E-3,8.552107029E-3,2.403740333E-2
9.045187050E-1,-2.115119249E-2,6.795870606E-3,9.162971750E-3,2.403158031E-2
9.068793300E-1,-1.809686981E-2,6.185005885E-3,1.038470119E-2,2.176219230E-2
9.092400070E-1,-1.809686981E-2,4.352411721E-3,1.099556591E-2,2.161810941E-2
9.116006320E-1,-1.443168055E-2,3.741546767E-3,1.160643063E-2,1.889396221E-2
9.139613090E-1,-9.544761851E-3,2.519817324E-3,1.404988952E-2,1.717123623E-2
9.163219340E-1,-6.490438245E-3,1.908952487E-3,1.527161989E-2,1.670306147E-2
9.186826110E-1,-3.817904799E-4,1.908952487E-3,1.771507785E-2,1.782172401E-2
9.210432360E-1,3.283398226E-3,6.872228696E-4,1.649334840E-2,1.683102851E-2
9.234038610E-1,6.337722298E-3,-2.367100911E-3,1.588248461E-2,1.726334870E-2
9.257645380E-1,1.183550525E-2,-4.810560029E-3,1.527161989E-2,1.991087759E-2
9.281251630E-1,1.427896414E-2,-4.810560029E-3,1.710421406E-2,2.279439500E-2
9.304858400E-1,1.916588284E-2,-4.199695308E-3,1.649334840E-2,2.563199265E-2
9.328464650E-1,2.038761228E-2,-4.810560029E-3,1.588248461E-2,2.628782113E-2
9.352071420E-1,1.977674663E-2,-7.254019380E-3,1.343902480E-2,2.498695444E-2
9.375677670E-1,1.916588284E-2,-6.032289471E-3,1.343902480E-2,2.417285603E-2
9.399284440E-1,1.916588284E-2,-5.421424750E-3,1.160643063E-2,2.305281205E-2
9.422890690E-1,1.733328775E-2,-4.810560029E-3,9.162971750E-3,2.018772902E-2
9.446496940E-1,1.611155830E-2,-4.199695308E-3,6.719512399E-3,1.795470965E-2
9.470103710E-1,1.122464053E-2,-2.977965865E-3,6.108647678E-3,1.312160098E-2
9.493709960E-1,8.170315996E-3,-1.145371469E-3,3.665188793E-3,9.027710018E-3
9.517316730E-1,4.505127668E-3,6.872228696E-4,1.832594397E-3,4.911909283E-3
9.540922980E-1,8.399390499E-4,6.872228696E-4,1.221729559E-3,1.634134632E-3
9.564529760E-1,-2.825249685E-3,6.872228696E-4,-1.221729559E-3,3.153876055E-3
9.588136010E-1,-5.879573524E-3,-1.756236190E-3,-4.276053514E-3,7.479196751E-3
9.611742260E-1,-8.933897130E-3,-3.588830587E-3,-6.719512399E-3,1.174078659E-2
9.635349030E-1,-1.015562657E-2,-4.810560029E-3,-7.941242307E-3,1.376014419E-2
9.658955280E-1,-1.259908639E-2,-6.032289471E-3,-1.038470119E-2,1.740596199E-2
9.682562050E-1,-1.137735695E-2,-7.254019380E-3,-1.282816008E-2,1.861791447E-2
9.706168300E-1,-1.259908639E-2,-6.643154658E-3,-1.404988952E-2,2.000669581E-2
9.729775070E-1,-1.504254527E-2,-5.421424750E-3,-1.649334840E-2,2.297173385E-2
9.753381320E-1,-1.443168055E-2,-4.199695308E-3,-1.832594350E-2,2.370128793E-2
9.776988090E-1,-1.504254527E-2,-3.588830587E-3,-2.015853859E-2,2.540717520E-2
9.800594340E-1,-1.504254527E-2,-1.145371469E-3,-2.199113183E-2,2.666833184E-2
9.824201110E-1,-1.320995111E-2,7.635809743E-5,-2.382372692E-2,2.724111972E-2
9.847807360E-1,-1.137735695E-2,-1.145371469E-3,-2.382372692E-2,2.642586028E-2
9.871413610E-1,-8.933897130E-3,-2.367100911E-3,-2.443459071E-2,2.612406760E-2
9.895020380E-1,-6.490438245E-3,-4.199695308E-3,-2.321286127E-2,2.446630658E-2
9.918626630E-1,-4.657844082E-3,-6.032289471E-3,-2.382372692E-2,2.501307642E-2
9.942233400E-1,8.399390499E-4,-7.254019380E-3,-2.382372692E-2,2.491779002E-2
9.965839650E-1,2.672533505E-3,-9.086613543E-3,-2.138026804E-2,2.338428623E-2
9.989446420E-1,8.170315996E-3,-1.214093715E-2,-2.015853859E-2,2.491030101E-2
1.001305267E0,1.183550525E-2,-1.275180187E-2,-1.771507785E-2,2.482965201E-2
1.003665892E0,1.611155830E-2,-1.458439697E-2,-1.710421406E-2,2.765576042E-2
1.006026569E0,1.916588284E-2,-1.641699113E-2,-1.404988952E-2,2.888335262E-2
1.008387194E0,2.283107117E-2,-1.947131567E-2,-1.282816008E-2,3.263359673E-2
1.010747871E0,2.344193682E-2,-2.008217946E-2,-1.282816008E-2,3.342723477E-2
1.013108496E0,2.466366626E-2,-2.069304511E-2,-1.099556591E-2,3.402059698E-2
1.015469173E0,2.832885459E-2,-2.130390890E-2,-1.038470119E-2,3.693538352E-2
1.017829798E0,2.588539571E-2,-2.252563834E-2,-9.162971750E-3,3.551644893E-2
1.020190476E0,2.466366626E-2,-2.130390890E-2,-6.719512399E-3,3.327618991E-2
1.022551101E0,2.588539571E-2,-1.947131567E-2,-6.108647678E-3,3.296212100E-2
1.024911726E0,2.344193682E-2,-1.886045001E-2,-4.886918236E-3,3.048151811E-2
1.027272403E0,2.160934173E-2,-1.702785492E-2,-3.054323839E-3,2.768104743E-2
1.029633028E0,1.916588284E-2,-1.275180187E-2,-1.221729559E-3,2.305281196E-2
1.031993705E0,1.916588284E-2,-7.864884101E-3,1.221729559E-3,2.075283330E-2
1.034354330E0,1.794415340E-2,-2.367100911E-3,4.886918236E-3,1.874774060E-2
1.036715007E0,1.488982886E-2,1.908952487E-3,4.886918236E-3,1.578711731E-2
1.039075632E0,1.366809942E-2,4.963276442E-3,7.330377586E-3,1.628451689E-2
1.041436309E0,1.061377581E-2,8.017600514E-3,1.038470119E-2,1.687531256E-2
1.043796934E0,1.183550525E-2,1.046105940E-2,1.038470119E-2,1.890383472E-2
1.046157559E0,9.392046370E-3,1.107192412E-2,1.282816008E-2,1.937420269E-2
1.048518236E0,8.170315996E-3,1.046105940E-2,1.466075517E-2,1.977689484E-2
1.050878861E0,1.000291109E-2,1.168278884E-2,1.710421406E-2,2.300217216E-2
1.053239538E0,7.559451740E-3,9.239329956E-3,1.710421406E-2,2.085820383E-2
1.055600163E0,5.726857111E-3,7.406735327E-3,1.832594350E-2,2.057903850E-2
1.057960840E0,1.000291109E-2,7.406735327E-3,1.954767294E-2,2.317389643E-2
1.060321465E0,1.061377581E-2,6.185005885E-3,2.015853859E-2,2.360663494E-2
1.062682090E0,8.170315996E-3,3.741546767E-3,2.015853859E-2,2.207079323E-2
1.065042767E0,1.122464053E-2,2.519817324E-3,2.138026804E-2,2.427875400E-2
1.067403392E0,1.366809942E-2,1.908952487E-3,1.893680729E-2,2.343210856E-2
1.069764069E0,1.427896414E-2,1.298087649E-3,1.832594350E-2,2.326830577E-2
1.072124694E0,1.916588284E-2,1.298087649E-3,1.649334840E-2,2.531889883E-2
1.074485371E0,1.916588284E-2,2.519817324E-3,1.343902480E-2,2.354332033E-2
1.076845996E0,2.222020552E-2,5.574141163E-3,1.282816008E-2,2.625586170E-2
1.079206673E0,2.344193682E-2,4.352411721E-3,7.941242307E-3,2.513028490E-2
1.081567298E0,2.405280061E-2,6.795870606E-3,6.719512399E-3,2.588190336E-2
1.083927923E0,2.466366626E-2,8.017600514E-3,4.886918236E-3,2.639053469E-2
1.086288601E0,2.649625950E-2,8.017600514E-3,2.443459118E-3,2.779036124E-2
1.088649226E0,2.405280061E-2,7.406735327E-3,1.832594397E-3,2.523401172E-2
1.091009903E0,2.649625950E-2,8.628465235E-3,6.108647794E-4,2.787248348E-2
1.093370528E0,2.710712515E-2,9.850194678E-3,-1.221729559E-3,2.886719924E-2
1.095731205E0,2.771798894E-2,1.107192412E-2,-1.832594397E-3,2.990372580E-2
1.098091830E0,2.649625950E-2,1.290451828E-2,-1.832594397E-3,2.952857534E-2
1.100452507E0,2.405280061E-2,1.412624773E-2,-3.054323839E-3,2.806095127E-2
1.102813132E0,2.222020552E-2,1.473711245E-2,-4.276053514E-3,2.700378955E-2
1.105173757E0,1.977674663E-2,1.718057133E-2,-2.443459118E-3,2.631087667E-2
1.107534434E0,1.550069358E-2,1.962403022E-2,-3.054323839E-3,2.519331176E-2
1.109895059E0,1.244636998E-2,2.145662531E-2,-2.443459118E-3,2.492527608E-2
1.112255736E0,9.392046370E-3,2.512181364E-2,-1.221729559E-3,2.684788034E-2
1.114616361E0,5.726857111E-3,2.939786762E-2,-0.000000000E0,2.995048435E-2
1.116977038E0,2.061668551E-3,3.184132650E-2,-6.108647794E-4,3.191384819E-2
1.119337663E0,-3.436114406E-3,3.367391974E-2,-0.000000000E0,3.384877771E-2
1.121698340E0,-8.933897130E-3,3.733910993E-2,-0.000000000E0,3.839301562E-2
1.124058965E0,-1.320995111E-2,3.978256881E-2,1.832594397E-3,4.195847938E-2
1.126419590E0,-1.687514037E-2,3.917170316E-2,3.054323839E-3,4.276121590E-2
1.128780267E0,-1.931859925E-2,3.794997558E-2,4.276053514E-3,4.279828919E-2
1.131140892E0,-2.176205814E-2,3.611737862E-2,4.276053514E-3,4.238321421E-2
1.133501569E0,-2.603811212E-2,3.428478539E-2,4.276053514E-3,4.326331501E-2
1.135862194E0,-2.848157100E-2,3.428478539E-2,6.108647678E-3,4.498846488E-2
1.138222871E0,-3.214675933E-2,3.061959706E-2,6.719512399E-3,4.490128847E-2
1.140583496E0,-3.397935256E-2,3.184132650E-2,6.719512399E-3,4.704910542E-2
1.142944173E0,-3.275762498E-2,3.061959706E-2,6.719512399E-3,4.534063923E-2
1.145304746E0,-3.459021822E-2,3.000873141E-2,6.108647678E-3,4.619873086E-2
1.147665476E0,-3.092502989E-2,3.000873141E-2,6.108647678E-3,4.352237368E-2
1.150026101E0,-3.031416424E-2,2.634354308E-2,6.108647678E-3,4.062322478E-2
1.152386726E0,-2.603811212E-2,2.451094985E-2,6.108647678E-3,3.627789302E-2
1.154747403E0,-2.237292193E-2,2.023489587E-2,7.941242307E-3,3.119394133E-2
1.157108028E0,-1.809686981E-2,1.656970754E-2,6.719512399E-3,2.544019953E-2
1.159468705E0,-1.504254527E-2,1.351538301E-2,5.497782957E-3,2.095636809E-2
1.161829330E0,-1.015562657E-2,1.107192412E-2,3.665188793E-3,1.546472967E-2
1.164190007E0,-5.879573524E-3,8.017600514E-3,4.276053514E-3,1.082293567E-2
1.166550632E0,-1.603520010E-3,6.185005885E-3,2.443459118E-3,6.840765065E-3
1.168911309E0,3.283398226E-3,2.519817324E-3,1.832594397E-3,4.526431871E-3
1.171271934E0,5.115992390E-3,6.872228696E-4,1.832594397E-3,5.477595789E-3
1.173632611E0,6.948587019E-3,-1.145371469E-3,-0.000000000E0,7.042353113E-3
1.175993236E0,8.170315996E-3,-3.588830587E-3,1.221729559E-3,9.007019017E-3
1.178353861E0,1.061377581E-2,-4.199695308E-3,1.221729559E-3,1.147964724E-2
1.180714538E0,1.183550525E-2,-2.977965865E-3,6.108647794E-4,1.221968171E-2
1.183075163E0,1.061377581E-2,-2.367100911E-3,-0.000000000E0,1.087453005E-2
1.185435840E0,1.183550525E-2,-2.977965865E-3,6.108647794E-4,1.221968171E-2
1.187796465E0,1.366809942E-2,-3.588830587E-3,1.221729559E-3,1.418412034E-2
1.190157142E0,1.488982886E-2,-4.199695308E-3,3.054323839E-3,1.576937977E-2
1.192517767E0,1.488982886E-2,-2.977965865E-3,3.665188793E-3,1.562078401E-2
1.194878392E0,1.305723470E-2,-2.367100911E-3,1.832594397E-3,1.339600489E-2
1.197239069E0,1.550069358E-2,-2.977965865E-3,3.665188793E-3,1.620411649E-2
1.199599694E0,1.427896414E-2,-4.810560029E-3,3.054323839E-3,1.537397798E-2
1.201960371E0,1.366809942E-2,-6.643154658E-3,1.832594397E-3,1.530708489E-2
1.204320996E0,1.427896414E-2,-9.697478265E-3,3.054323839E-3,1.752879904E-2
1.206681673E0,1.244636998E-2,-1.091920771E-2,6.108647678E-3,1.764813868E-2
1.209042298E0,9.392046370E-3,-1.275180187E-2,6.108647678E-3,1.697452687E-2
1.211402976E0,1.122464053E-2,-1.336266659E-2,5.497782957E-3,1.829696781E-2
1.213763548E0,9.392046370E-3,-1.397353224E-2,4.886918236E-3,1.753146053E-2
1.216124278E0,6.948587019E-3,-1.458439697E-2,6.719512399E-3,1.749683809E-2
1.218484903E0,4.505127668E-3,-1.641699113E-2,6.108647678E-3,1.808671749E-2
1.220845528E0,7.559451740E-3,-1.702785492E-2,5.497782957E-3,1.942469488E-2
1.223206205E0,5.115992390E-3,-1.702785492E-2,6.719512399E-3,1.900718465E-2
1.225566830E0,6.337722298E-3,-1.580612548E-2,5.497782957E-3,1.789485803E-2
1.227927507E0,5.726857111E-3,-1.702785492E-2,5.497782957E-3,1.878750524E-2
1.230288132E0,5.726857111E-3,-1.458439697E-2,6.108647678E-3,1.681716693E-2
1.232648809E0,6.948587019E-3,-1.153007243E-2,9.162971750E-3,1.628451667E-2
1.235009434E0,1.000291109E-2,-9.086613543E-3,8.552107029E-3,1.599260175E-2
1.237370111E0,8.170315996E-3,-6.643154658E-3,7.330377586E-3,1.283043268E-2
1.239730736E0,9.392046370E-3,-2.367100911E-3,7.941242307E-3,1.252505613E-2
1.242091413E0,8.170315996E-3,-5.345066893E-4,9.162971750E-3,1.228819808E-2
1.244452038E0,1.061377581E-2,1.298087649E-3,1.038470119E-2,1.490567970E-2
1.246812663E0,1.061377581E-2,2.519817324E-3,9.773836471E-3,1.464682886E-2
1.249173340E0,8.781181648E-3,4.352411721E-3,8.552107029E-3,1.300735075E-2
1.251533965E0,1.183550525E-2,5.574141163E-3,1.038470119E-2,1.670306119E-2
1.253894642E0,8.170315996E-3,8.017600514E-3,1.038470119E-2,1.545567858E-2
1.256255267E0,8.781181648E-3,9.239329956E-3,1.099556591E-2,1.683380049E-2
1.258615944E0,5.115992390E-3,9.239329956E-3,1.099556591E-2,1.524601804E-2
1.260976569E0,3.283398226E-3,1.107192412E-2,1.160643063E-2,1.637307056E-2
1.263337246E0,-3.817904799E-4,1.168278884E-2,1.160643063E-2,1.647247860E-2
1.265697871E0,-5.268708803E-3,1.290451828E-2,1.038470119E-2,1.738182682E-2
1.268058496E0,-1.015562657E-2,1.168278884E-2,7.941242307E-3,1.739792044E-2
1.270419173E0,-1.504254527E-2,1.229365356E-2,7.330377586E-3,2.076406805E-2
1.272779798E0,-2.176205814E-2,1.168278884E-2,5.497782957E-3,2.530415671E-2
1.275140476E0,-2.481638081E-2,1.168278884E-2,3.665188793E-3,2.767262042E-2
1.277501101E0,-2.909243479E-2,1.168278884E-2,6.108647794E-4,3.135650607E-2
1.279861778E0,-3.397935256E-2,1.229365356E-2,-1.221729559E-3,3.615553819E-2
1.282222351E0,-3.703367710E-2,1.473711245E-2,-3.665188793E-3,4.002635796E-2
1.284583080E0,-3.825540841E-2,1.656970754E-2,-5.497782957E-3,4.205064920E-2
1.286943705E0,-4.008800164E-2,1.473711245E-2,-9.162971750E-3,4.368283885E-2
1.289304382E0,-3.886627033E-2,1.656970754E-2,-1.038470119E-2,4.350843822E-2
1.291665007E0,-4.008800164E-2,1.473711245E-2,-1.282816008E-2,4.459587481E-2
1.294025684E0,-3.642281145E-2,1.412624773E-2,-1.343902480E-2,4.131318744E-2
1.296386309E0,-3.581194952E-2,1.412624773E-2,-1.404988952E-2,4.098104438E-2
1.298746934E0,-3.275762498E-2,1.168278884E-2,-1.343902480E-2,3.728480840E-2
1.301107611E0,-2.664897591E-2,1.046105940E-2,-1.649334840E-2,3.303985809E-2
1.303468236E0,-2.420551702E-2,8.628465235E-3,-1.710421406E-2,3.086926635E-2
1.305828913E0,-1.748600416E-2,7.406735327E-3,-1.649334840E-2,2.515254681E-2
1.308189538E0,-1.320995111E-2,4.352411721E-3,-1.710421406E-2,2.204541754E-2
1.310550215E0,-7.712167688E-3,6.872228696E-4,-1.893680729E-2,2.045855508E-2
1.312910840E0,-4.046979360E-3,-3.588830587E-3,-1.954767294E-2,2.028224012E-2
1.315271517E0,3.894262947E-3,-5.421424750E-3,-1.832594350E-2,1.950377746E-2
1.317632142E0,1.122464053E-2,-7.254019380E-3,-2.015853859E-2,2.418636042E-2
1.319992819E0,1.611155830E-2,-8.475748822E-3,-2.076940238E-2,2.761862966E-2
1.322353444E0,2.038761228E-2,-9.086613543E-3,-1.832594350E-2,2.888012267E-2
1.324714069E0,2.527453005E-2,-7.254019380E-3,-1.893680729E-2,3.240409445E-2
1.327074746E0,3.016144782E-2,-9.086613543E-3,-2.015853859E-2,3.739847803E-2
1.329435371E0,3.443750367E-2,-5.421424750E-3,-1.954767294E-2,3.996805002E-2
1.331795996E0,3.871355578E-2,-5.421424750E-3,-1.710421406E-2,4.266949011E-2
1.334156673E0,3.871355578E-2,-4.199695308E-3,-1.893680729E-2,4.330103362E-2
1.336517351E0,4.360047355E-2,-4.199695308E-3,-1.832594350E-2,4.748135360E-2
1.338877976E0,4.543306679E-2,-2.977965865E-3,-1.771507785E-2,4.885545846E-2
1.341238653E0,4.665479809E-2,-2.367100911E-3,-1.527161989E-2,4.914769299E-2
1.343599278E0,4.909825698E-2,-4.810560029E-3,-1.282816008E-2,5.097393468E-2
1.345959955E0,4.909825698E-2,-6.643154658E-3,-1.038470119E-2,5.062225164E-2
1.348320580E0,4.909825698E-2,-7.864884101E-3,-9.773836471E-3,5.067566595E-2
1.350681205E0,4.848739132E-2,-8.475748822E-3,-7.330377586E-3,4.976544857E-2
1.353041882E0,4.787652567E-2,-9.086613543E-3,-6.108647678E-3,4.911256288E-2
1.355402507E0,4.543306679E-2,-1.030834299E-2,-4.886918236E-3,4.684343564E-2
1.357763184E0,4.298960790E-2,-1.091920771E-2,-1.832594397E-3,4.439249809E-2
1.360123809E0,4.054614902E-2,-9.697478265E-3,-2.443459118E-3,4.176124731E-2
1.362484486E0,3.688096255E-2,-8.475748822E-3,6.108647794E-4,3.784728356E-2
1.364845111E0,3.382663801E-2,-7.254019380E-3,2.443459118E-3,3.468187897E-2
1.367205788E0,2.832885459E-2,-4.199695308E-3,1.832594397E-3,2.869703548E-2
1.369566413E0,2.344193682E-2,-1.756236190E-3,4.276053514E-3,2.389337567E-2
1.371927090E0,1.916588284E-2,6.872228696E-4,4.886918236E-3,1.979104116E-2
1.374287715E0,1.366809942E-2,4.963276442E-3,4.886918236E-3,1.534056794E-2
1.376648392E0,1.183550525E-2,8.628465235E-3,7.330377586E-3,1.637876773E-2
1.379009017E0,8.170315996E-3,1.290451828E-2,1.038470119E-2,1.846950661E-2
1.381369642E0,8.170315996E-3,1.290451828E-2,1.221729536E-2,1.955870552E-2
1.383730319E0,2.672533505E-3,1.779143699E-2,1.343902480E-2,2.245629206E-2
1.386090944E0,-9.926552884E-4,2.023489587E-2,1.649334840E-2,2.612406777E-2
1.388451621E0,-2.214384731E-3,2.328922041E-2,1.710421406E-2,2.898008671E-2
1.390812246E0,-4.046979360E-3,2.512181364E-2,1.954767294E-2,3.208730403E-2
1.393172923E0,-5.268708803E-3,2.512181364E-2,2.015853859E-2,3.263788430E-2
1.395533548E0,-5.879573524E-3,2.512181364E-2,2.199113183E-2,3.390110300E-2
1.397894226E0,-7.712167688E-3,2.328922041E-2,2.382372692E-2,3.419700692E-2
1.400254798E0,-8.323032409E-3,2.145662531E-2,2.504545636E-2,3.401374021E-2
1.402615528E0,-8.933897130E-3,2.023489587E-2,2.565632015E-2,3.387495081E-2
1.404976153E0,-9.544761851E-3,1.962403022E-2,2.687804960E-2,3.462130256E-2
1.407336778E0,-8.323032409E-3,1.779143699E-2,2.809977904E-2,3.428418995E-2
1.409697455E0,-6.490438245E-3,1.412624773E-2,2.809977904E-2,3.211345895E-2
1.412058080E0,-5.879573524E-3,1.168278884E-2,2.687804960E-2,2.989124437E-2
1.414418757E0,-5.268708803E-3,8.628465235E-3,2.809977904E-2,2.986314261E-2
1.416779382E0,-4.657844082E-3,8.017600514E-3,2.748891525E-2,2.901065134E-2
1.419140059E0,-3.436114406E-3,4.352411721E-3,2.748891525E-2,2.804266092E-2
1.421500684E0,-9.926552884E-4,4.352411721E-3,2.871064469E-2,2.905563579E-2
1.423861361E0,-9.926552884E-4,2.519817324E-3,2.626718581E-2,2.640643660E-2
1.426221986E0,2.290742996E-4,6.872228696E-4,2.443459071E-2,2.444532621E-2
1.428582663E0,-3.817904799E-4,6.872228696E-4,2.321286127E-2,2.322616989E-2
1.430943288E0,8.399390499E-4,-5.345066893E-4,2.199113183E-2,2.201365654E-2
1.433303965E0,8.399390499E-4,-2.977965865E-3,2.076940238E-2,2.099861552E-2
1.435664590E0,-3.817904799E-4,-2.367100911E-3,1.954767294E-2,1.969417295E-2
1.438025267E0,2.061668551E-3,-4.199695308E-3,1.649334840E-2,1.714405027E-2
1.440385840E0,-3.817904799E-4,-5.421424750E-3,1.466075517E-2,1.563570761E-2
1.442746517E0,2.061668551E-3,-6.643154658E-3,1.282816008E-2,1.459258963E-2
1.445107194E0,8.399390499E-4,-7.254019380E-3,9.162971750E-3,1.171692562E-2
1.447467819E0,2.672533505E-3,-6.032289471E-3,4.886918236E-3,8.210537220E-3
1.449828496E0,2.061668551E-3,-6.032289471E-3,2.443459118E-3,6.827114027E-3
1.452189121E0,2.290742996E-4,-4.810560029E-3,-0.000000000E0,4.816011091E-3
1.454549798E0,1.450803829E-3,-4.199695308E-3,-2.443459118E-3,5.070775571E-3
1.456910423E0,-3.817904799E-4,-2.367100911E-3,-6.108647678E-3,6.562355305E-3
1.459271101E0,2.290742996E-4,-1.756236190E-3,-8.552107029E-3,8.733577458E-3
1.461631726E0,-3.817904799E-4,-1.756236190E-3,-1.221729536E-2,1.234878275E-2
1.463992403E0,-2.825249685E-3,-5.345066893E-4,-1.404988952E-2,1.434109929E-2
1.466353028E0,-9.926552884E-4,-5.345066893E-4,-1.649334840E-2,1.653183606E-2
1.468713705E0,8.399390499E-4,-1.145371469E-3,-1.771507785E-2,1.777192608E-2
1.471074330E0,1.450803829E-3,1.298087649E-3,-1.771507785E-2,1.782172400E-2
1.473434955E0,-1.603520010E-3,1.908952487E-3,-1.710421406E-2,1.728495052E-2
1.475795632E0,-9.926552884E-4,7.635809743E-5,-1.893680729E-2,1.896296035E-2
1.478156257E0,-2.214384731E-3,-5.345066893E-4,-1.954767294E-2,1.967995718E-2
1.480516934E0,-2.825249685E-3,7.635809743E-5,-1.832594350E-2,1.854260153E-2
1.482877559E0,-3.436114406E-3,6.872228696E-4,-1.771507785E-2,1.805832607E-2
1.485238236E0,-4.657844082E-3,-5.345066893E-4,-1.649334840E-2,1.714677085E-2
1.487598809E0,-6.490438245E-3,-2.367100911E-3,-1.527161989E-2,1.676160283E-2
1.489959538E0,-6.490438245E-3,-1.756236190E-3,-1.404988952E-2,1.557592853E-2
1.492320163E0,-9.544761851E-3,-2.367100911E-3,-1.221729536E-2,1.568336543E-2
1.494680840E0,-8.323032409E-3,-4.199695308E-3,-1.160643063E-2,1.488689159E-2
1.497041465E0,-8.933897130E-3,-4.199695308E-3,-1.038470119E-2,1.432808352E-2
1.499402142E0,-9.544761851E-3,-1.756236190E-3,-7.330377586E-3,1.216228925E-2
1.501762767E0,-1.015562657E-2,-1.145371469E-3,-6.719512399E-3,1.223112725E-2
1.504123392E0,-8.933897130E-3,7.635809743E-5,-4.886918236E-3,1.018343352E-2
1.506484069E0,-1.137735695E-2,-5.345066893E-4,-2.443459118E-3,1.164905322E-2
1.508844746E0,-1.198822167E-2,1.908952487E-3,-3.054323839E-3,1.251760570E-2
1.511205371E0,-7.712167688E-3,1.908952487E-3,-6.108647794E-4,7.968361552E-3
1.513565996E0,-8.933897130E-3,4.352411721E-3,2.443459118E-3,1.023369426E-2
1.515926673E0,-7.101302966E-3,6.795870606E-3,3.054323839E-3,1.029277685E-2
1.518287298E0,-5.879573524E-3,1.107192412E-2,4.886918236E-3,1.345506813E-2
1.520647976E0,-6.490438245E-3,1.412624773E-2,6.719512399E-3,1.693601223E-2
1.523008601E0,-8.933897130E-3,1.595884189E-2,8.552107029E-3,2.019003930E-2
1.525369278E0,-8.933897130E-3,1.962403022E-2,7.941242307E-3,2.297782429E-2
1.527729903E0,-1.015562657E-2,2.023489587E-2,9.162971750E-3,2.442432831E-2
1.530090580E0,-1.198822167E-2,2.267835476E-2,9.162971750E-3,2.723940683E-2
1.532451205E0,-1.259908639E-2,2.267835476E-2,1.099556591E-2,2.817706908E-2
1.534811882E0,-1.626427472E-2,2.390008420E-2,1.038470119E-2,3.071779086E-2
1.537172507E0,-1.870773360E-2,2.390008420E-2,1.160643063E-2,3.249465423E-2
1.539533184E0,-1.748600416E-2,2.328922041E-2,1.221729536E-2,3.158180543E-2
1.541893809E0,-1.870773360E-2,2.267835476E-2,1.282816008E-2,3.207567243E-2
1.544254434E0,-1.870773360E-2,2.206749097E-2,1.343902480E-2,3.189922948E-2
1.546615111E0,-1.992946304E-2,2.267835476E-2,1.221729536E-2,3.256921211E-2
1.548975736E0,-1.870773360E-2,2.145662531E-2,1.404988952E-2,3.174532189E-2
1.551336413E0,-1.809686981E-2,1.718057133E-2,1.343902480E-2,2.834212617E-2
1.553697038E0,-1.748600416E-2,1.534797717E-2,9.773836471E-3,2.523585988E-2
1.556057715E0,-1.382081583E-2,1.168278884E-2,1.038470119E-2,2.086491132E-2
1.558418340E0,-1.320995111E-2,1.046105940E-2,1.099556591E-2,2.012061236E-2
1.560779017E0,-1.015562657E-2,8.628465235E-3,8.552107029E-3,1.583432026E-2
1.563139642E0,-9.544761851E-3,8.017600514E-3,8.552107029E-3,1.511697494E-2
1.565500319E0,-8.323032409E-3,7.406735327E-3,9.773836471E-3,1.482094720E-2
1.567860944E0,-8.933897130E-3,5.574141163E-3,1.099556591E-2,1.522458661E-2
1.570221621E0,-6.490438245E-3,3.130682046E-3,1.160643063E-2,1.366148567E-2
1.572582246E0,-5.268708803E-3,1.908952487E-3,1.221729536E-2,1.344119406E-2
1.574942871E0,-5.268708803E-3,6.872228696E-4,1.221729536E-2,1.332268267E-2
1.577303548E0,-4.046979360E-3,7.635809743E-5,1.282816008E-2,1.345160078E-2
1.579664173E0,-3.436114406E-3,7.635809743E-5,1.404988952E-2,1.446416635E-2
1.582024851E0,-1.603520010E-3,1.908952487E-3,1.466075517E-2,1.487121778E-2
1.584385476E0,-2.825249685E-3,1.908952487E-3,1.466075517E-2,1.505203898E-2
1.586746153E0,-1.603520010E-3,3.741546767E-3,1.466075517E-2,1.521539322E-2
1.589106778E0,-5.268708803E-3,5.574141163E-3,1.282816008E-2,1.494630500E-2
1.591467455E0,-5.879573524E-3,6.795870606E-3,1.343902480E-2,1.616665178E-2
1.593828080E0,-3.436114406E-3,9.239329956E-3,1.466075517E-2,1.766663076E-2
1.596188757E0,-2.825249685E-3,8.628465235E-3,1.527161989E-2,1.776667730E-2
1.598549382E0,-3.436114406E-3,1.107192412E-2,1.282816008E-2,1.729034635E-2
1.600910059E0,-5.268708803E-3,1.107192412E-2,1.343902480E-2,1.819214621E-2
1.603270684E0,-5.268708803E-3,1.046105940E-2,1.404988952E-2,1.829186846E-2
1.605631361E0,-7.101302966E-3,1.107192412E-2,1.404988952E-2,1.924617892E-2
1.607991986E0,-5.268708803E-3,9.850194678E-3,1.527161989E-2,1.892109938E-2
1.610352663E0,-5.268708803E-3,9.239329956E-3,1.588248461E-2,1.911485883E-2
1.612713288E0,-7.101302966E-3,8.017600514E-3,1.588248461E-2,1.915629764E-2
1.615073965E0,-6.490438245E-3,6.795870606E-3,1.649334840E-2,1.898262857E-2
1.617434590E0,-5.268708803E-3,8.017600514E-3,1.588248461E-2,1.855517523E-2
1.619795215E0,-1.603520010E-3,8.017600514E-3,1.710421406E-2,1.895804138E-2
1.622155892E0,-2.214384731E-3,8.017600514E-3,1.710421406E-2,1.901945205E-2
1.624516517E0,8.399390499E-4,8.017600514E-3,1.649334840E-2,1.835804884E-2
1.626877142E0,3.283398226E-3,9.850194678E-3,1.527161989E-2,1.846698170E-2
1.629237819E0,5.115992390E-3,9.239329956E-3,1.588248461E-2,1.907332991E-2
1.631598496E0,1.000291109E-2,9.239329956E-3,1.588248461E-2,2.092072575E-2
1.633959121E0,1.000291109E-2,1.168278884E-2,1.404988952E-2,2.083135091E-2
1.636319798E0,1.183550525E-2,1.229365356E-2,1.221729536E-2,2.098750601E-2
1.638680423E0,1.305723470E-2,1.351538301E-2,1.160643063E-2,2.208769313E-2
1.641041101E0,1.366809942E-2,1.412624773E-2,1.038470119E-2,2.223083074E-2
1.643401726E0,1.488982886E-2,1.473711245E-2,6.719512399E-3,2.200093938E-2
1.645762403E0,1.366809942E-2,1.473711245E-2,6.108647678E-3,2.100749870E-2
1.648123028E0,1.183550525E-2,1.351538301E-2,6.719512399E-3,1.918063110E-2
1.650483705E0,1.244636998E-2,1.229365356E-2,5.497782957E-3,1.833771144E-2
1.652844330E0,1.305723470E-2,1.229365356E-2,4.886918236E-3,1.858782574E-2
1.655205007E0,1.122464053E-2,1.046105940E-2,4.276053514E-3,1.592830664E-2
1.657565632E0,1.000291109E-2,1.107192412E-2,4.276053514E-3,1.552193183E-2
1.659926257E0,8.170315996E-3,1.107192412E-2,3.054323839E-3,1.409505095E-2
1.662286934E0,7.559451740E-3,1.107192412E-2,3.054323839E-3,1.374997122E-2
1.664647559E0,6.337722298E-3,9.850194678E-3,2.443459118E-3,1.196509722E-2
1.667008236E0,3.894262947E-3,9.850194678E-3,3.054323839E-3,1.102363430E-2
1.669368861E0,1.450803829E-3,1.168278884E-2,3.054323839E-3,1.216228930E-2
1.671729538E0,-4.657844082E-3,1.290451828E-2,3.054323839E-3,1.405528362E-2
1.674090163E0,-7.712167688E-3,1.290451828E-2,3.665188793E-3,1.547377560E-2
1.676450840E0,-8.933897130E-3,1.351538301E-2,4.886918236E-3,1.692223583E-2
1.678811465E0,-1.198822167E-2,1.412624773E-2,5.497782957E-3,1.932599159E-2
1.681172142E0,-1.504254527E-2,1.534797717E-2,5.497782957E-3,2.218251990E-2
1.683532767E0,-1.992946304E-2,1.595884189E-2,5.497782957E-3,2.611692457E-2
1.685893444E0,-2.176205814E-2,1.718057133E-2,4.276053514E-3,2.805430162E-2
1.688254069E0,-2.481638081E-2,1.779143699E-2,3.665188793E-3,3.075421265E-2
1.690614746E0,-2.542724647E-2,1.840230078E-2,4.886918236E-3,3.176588589E-2
1.692975371E0,-2.603811212E-2,1.840230078E-2,4.276053514E-3,3.217005735E-2
1.695336048E0,-2.725984156E-2,1.718057133E-2,6.108647678E-3,3.279613651E-2
1.697696673E0,-2.542724647E-2,1.412624773E-2,6.108647678E-3,2.972223602E-2
1.700057298E0,-2.542724647E-2,1.229365356E-2,6.719512399E-3,2.903154539E-2
1.702417976E0,-2.176205814E-2,1.168278884E-2,6.719512399E-3,2.559739394E-2
1.704778601E0,-1.931859925E-2,1.046105940E-2,6.719512399E-3,2.297376521E-2
1.707139278E0,-1.687514037E-2,7.406735327E-3,7.941242307E-3,2.006722253E-2
1.709499903E0,-1.259908639E-2,4.352411721E-3,5.497782957E-3,1.441894875E-2
1.711860528E0,-1.137735695E-2,6.872228696E-4,7.941242307E-3,1.389171896E-2
1.714221205E0,-5.879573524E-3,-2.977965865E-3,6.719512399E-3,9.412200189E-3
1.716581882E0,-2.825249685E-3,-6.643154658E-3,6.719512399E-3,9.862321556E-3
1.718942507E0,-9.926552884E-4,-9.086613543E-3,6.719512399E-3,1.134476783E-2
1.721303184E0,4.505127668E-3,-1.336266659E-2,5.497782957E-3,1.513547658E-2
1.723663809E0,6.948587019E-3,-1.397353224E-2,6.108647678E-3,1.675881981E-2
1.726024486E0,1.183550525E-2,-1.580612548E-2,3.054323839E-3,1.998103304E-2
1.728385111E0,1.366809942E-2,-1.519526169E-2,2.443459118E-3,2.058357141E-2
1.730745788E0,1.855501719E-2,-1.397353224E-2,2.443459118E-3,2.335634301E-2
1.733106413E0,1.794415340E-2,-1.030834299E-2,2.443459118E-3,2.083806778E-2
1.735467090E0,1.977674663E-2,-7.864884101E-3,3.054323839E-3,2.150127911E-2
1.737827715E0,2.038761228E-2,-4.810560029E-3,1.832594397E-3,2.102747309E-2
1.740188392E0,1.855501719E-2,-1.756236190E-3,2.443459118E-3,1.879743389E-2
1.742549017E0,1.794415340E-2,1.908952487E-3,6.108647794E-4,1.805574414E-2
1.744909694E0,1.488982886E-2,5.574141163E-3,-0.000000000E0,1.589899535E-2
1.747270319E0,1.061377581E-2,8.017600514E-3,-6.108647794E-4,1.331567913E-2
1.749630996E0,5.726857111E-3,1.046105940E-2,-2.443459118E-3,1.217378941E-2
1.751991621E0,-2.214384731E-3,1.107192412E-2,-3.054323839E-3,1.169700379E-2
1.754352246E0,-6.490438245E-3,1.290451828E-2,-6.108647794E-4,1.445771547E-2
1.756712923E0,-1.320995111E-2,1.229365356E-2,-6.108647794E-4,1.805574374E-2
1.759073548E0,-1.626427472E-2,1.290451828E-2,-1.221729559E-3,2.079773659E-2
1.761434226E0,-2.176205814E-2,1.107192412E-2,-6.108647794E-4,2.442432873E-2
1.763794851E0,-2.664897591E-2,9.850194678E-3,-1.221729559E-3,2.843742033E-2
1.766155528E0,-2.848157100E-2,9.850194678E-3,-1.221729559E-3,3.016154580E-2
1.768516153E0,-3.153589368E-2,1.107192412E-2,6.108647794E-4,3.342862919E-2
1.770876830E0,-3.397935256E-2,8.017600514E-3,-6.108647794E-4,3.491778164E-2
1.773237455E0,-3.520108387E-2,9.850194678E-3,-1.221729559E-3,3.657369634E-2
1.775598132E0,-3.764454275E-2,1.046105940E-2,-1.832594397E-3,3.911398427E-2
1.777958757E0,-3.764454275E-2,9.239329956E-3,-2.443459118E-3,3.883873466E-2
1.780319434E0,-3.764454275E-2,9.239329956E-3,-4.886918236E-3,3.906864199E-2
1.782680059E0,-3.886627033E-2,9.850194678E-3,-6.108647678E-3,4.055772283E-2
1.785040736E0,-3.459021822E-2,9.239329956E-3,-6.108647678E-3,3.632029723E-2
1.787401361E0,-3.153589368E-2,9.239329956E-3,-8.552107029E-3,3.395609434E-2
1.789762038E0,-2.725984156E-2,9.850194678E-3,-9.773836471E-3,3.058844842E-2
1.792122663E0,-2.664897591E-2,8.628465235E-3,-1.160643063E-2,3.032041493E-2
1.794483340E0,-2.176205814E-2,7.406735327E-3,-1.038470119E-2,2.522476802E-2
1.796843965E0,-1.931859925E-2,4.352411721E-3,-1.282816008E-2,2.359477603E-2
1.799204642E0,-1.443168055E-2,6.872228696E-4,-1.343902480E-2,1.973203148E-2
1.801565267E0,-1.015562657E-2,-1.756236190E-3,-1.466075517E-2,1.792090564E-2
1.803925944E0,-6.490438245E-3,-6.643154658E-3,-1.527161989E-2,1.787399414E-2
1.806286569E0,-2.825249685E-3,-8.475748822E-3,-1.832594350E-2,2.038775512E-2
1.808647246E0,8.399390499E-4,-1.030834299E-2,-1.893680729E-2,2.157707355E-2
1.811007871E0,2.672533505E-3,-1.214093715E-2,-2.138026804E-2,2.473177413E-2
1.813368496E0,5.726857111E-3,-1.397353224E-2,-2.321286127E-2,2.769284066E-2
1.815729173E0,6.948587019E-3,-1.458439697E-2,-2.443459071E-2,2.929226382E-2
1.818089798E0,7.559451740E-3,-1.336266659E-2,-2.504545636E-2,2.937653917E-2
1.820450476E0,9.392046370E-3,-1.275180187E-2,-2.382372692E-2,2.860749815E-2
1.822811048E0,1.183550525E-2,-1.397353224E-2,-2.382372692E-2,3.004844010E-2
1.825171778E0,1.122464053E-2,-1.397353224E-2,-2.443459071E-2,3.030348795E-2
1.827532403E0,1.244636998E-2,-1.336266659E-2,-2.443459071E-2,3.050446209E-2
1.829893080E0,1.244636998E-2,-1.214093715E-2,-2.321286127E-2,2.900261038E-2
1.832253705E0,1.244636998E-2,-1.275180187E-2,-2.138026804E-2,2.783229128E-2
1.834614382E0,1.183550525E-2,-1.336266659E-2,-2.076940238E-2,2.738627610E-2
1.836975007E0,9.392046370E-3,-1.458439697E-2,-1.893680729E-2,2.568107942E-2
1.839335684E0,8.781181648E-3,-1.336266659E-2,-1.832594350E-2,2.432098301E-2
1.841696309E0,7.559451740E-3,-1.214093715E-2,-1.832594350E-2,2.324624423E-2
1.844056986E0,4.505127668E-3,-1.153007243E-2,-1.832594350E-2,2.211512945E-2
1.846417611E0,2.061668551E-3,-9.086613543E-3,-1.710421406E-2,1.947745264E-2
1.848778288E0,-3.817904799E-4,-9.086613543E-3,-1.588248461E-2,1.830206620E-2
1.851138913E0,-4.046979360E-3,-7.254019380E-3,-1.649334840E-2,1.846698082E-2
1.853499590E0,-4.657844082E-3,-6.032289471E-3,-1.466075517E-2,1.652337042E-2
1.855860215E0,-8.323032409E-3,-4.199695308E-3,-1.527161989E-2,1.789225205E-2
1.858220892E0,-1.076649129E-2,-5.345066893E-4,-1.466075517E-2,1.819727382E-2
1.860581517E0,-1.137735695E-2,1.298087649E-3,-1.404988952E-2,1.812536008E-2
1.862942194E0,-8.933897130E-3,6.872228696E-4,-1.404988952E-2,1.666391877E-2
1.865302819E0,-1.015562657E-2,1.298087649E-3,-1.282816008E-2,1.641290570E-2
1.867663496E0,-7.712167688E-3,6.872228696E-4,-1.099556591E-2,1.344813279E-2
1.870024121E0,-5.268708803E-3,6.872228696E-4,-9.773836471E-3,1.112472234E-2
1.872384798E0,-6.490438245E-3,-5.345066893E-4,-7.941242307E-3,1.027009325E-2
1.874745423E0,-9.926552884E-4,-2.367100911E-3,-5.497782957E-3,6.067466414E-3
1.877106048E0,-3.817904799E-4,-2.367100911E-3,-5.497782957E-3,5.997878636E-3
1.879466726E0,2.672533505E-3,-3.588830587E-3,-2.443459118E-3,5.098297046E-3
1.881827351E0,3.894262947E-3,-4.199695308E-3,-1.832594397E-3,6.013412243E-3
1.884188028E0,6.337722298E-3,-4.810560029E-3,1.832594397E-3,8.164962580E-3
1.886548653E0,1.000291109E-2,-6.032289471E-3,1.832594397E-3,1.182392273E-2
1.888909330E0,9.392046370E-3,-6.643154658E-3,4.886918236E-3,1.249896030E-2
1.891269955E0,1.244636998E-2,-6.643154658E-3,7.330377586E-3,1.589899572E-2
1.893630632E0,1.244636998E-2,-6.032289471E-3,7.330377586E-3,1.565359631E-2
1.895991257E0,1.427896414E-2,-5.421424750E-3,8.552107029E-3,1.750483356E-2
1.898351934E0,1.488982886E-2,-5.421424750E-3,1.038470119E-2,1.894573484E-2
1.900712559E0,1.427896414E-2,-2.367100911E-3,9.162971750E-3,1.713044176E-2
1.903073236E0,1.427896414E-2,7.635809743E-5,8.552107029E-3,1.664431381E-2
1.905433861E0,1.305723470E-2,4.352411721E-3,7.941242307E-3,1.589019179E-2
1.907794538E0,1.305723470E-2,8.017600514E-3,6.719512399E-3,1.673096360E-2
1.910155163E0,9.392046370E-3,1.168278884E-2,3.054323839E-3,1.529794052E-2
1.912515840E0,8.170315996E-3,1.595884189E-2,2.443459118E-3,1.809445192E-2
1.914876465E0,6.337722298E-3,1.779143699E-2,1.221729559E-3,1.892602909E-2
1.917237142E0,3.894262947E-3,2.145662531E-2,-1.221729559E-3,2.184135245E-2
1.919597767E0,2.061668551E-3,2.206749097E-2,-2.443459118E-3,2.229787271E-2
1.921958444E0,-2.214384731E-3,2.390008420E-2,-3.665188793E-3,2.428067407E-2
1.924319069E0,-5.879573524E-3,2.390008420E-2,-4.276053514E-3,2.498135391E-2
1.926679746E0,-7.712167688E-3,2.634354308E-2,-6.719512399E-3,2.825971761E-2
1.929040371E0,-8.933897130E-3,2.756527252E-2,-1.099556591E-2,3.099292237E-2
1.931401048E0,-8.323032409E-3,2.451094985E-2,-1.099556591E-2,2.812404666E-2
1.933761673E0,-1.137735695E-2,2.390008420E-2,-1.160643063E-2,2.890272492E-2
1.936122351E0,-1.259908639E-2,2.390008420E-2,-1.099556591E-2,2.916939273E-2
1.938482976E0,-1.076649129E-2,2.267835476E-2,-1.221729536E-2,2.791930184E-2
1.940843653E0,-1.259908639E-2,2.145662531E-2,-1.282816008E-2,2.799438227E-2
1.943204278E0,-1.504254527E-2,1.901316643E-2,-9.162971750E-3,2.591792270E-2
1.945564955E0,-1.748600416E-2,2.023489587E-2,-1.038470119E-2,2.868890676E-2
1.947925580E0,-1.748600416E-2,2.267835476E-2,-1.099556591E-2,3.067524386E-2
1.950286205E0,-1.748600416E-2,2.328922041E-2,-1.099556591E-2,3.112957755E-2
1.952646882E0,-1.992946304E-2,2.328922041E-2,-9.162971750E-3,3.199267628E-2
1.955007507E0,-1.931859925E-2,2.390008420E-2,-6.719512399E-3,3.145749750E-2
1.957368184E0,-2.176205814E-2,2.390008420E-2,-6.108647678E-3,3.289554340E-2
1.959728809E0,-2.237292193E-2,2.328922041E-2,-4.276053514E-3,3.257637267E-2
1.962089486E0,-2.176205814E-2,2.206749097E-2,-3.054323839E-3,3.114306064E-2
1.964450111E0,-2.054032870E-2,1.962403022E-2,-6.108647794E-4,2.841444739E-2
1.966810788E0,-1.809686981E-2,1.840230078E-2,1.832594397E-3,2.587469368E-2
1.969171413E0,-1.748600416E-2,1.718057133E-2,4.276053514E-3,2.488407134E-2
1.971532090E0,-1.626427472E-2,1.534797717E-2,6.108647678E-3,2.318194581E-2
1.973892715E0,-1.382081583E-2,1.412624773E-2,7.941242307E-3,2.129857165E-2
1.976253392E0,-9.544761851E-3,1.290451828E-2,1.038470119E-2,1.911729818E-2
1.978614017E0,-8.933897130E-3,1.229365356E-2,1.099556591E-2,1.875768924E-2
1.980974694E0,-7.712167688E-3,1.168278884E-2,1.282816008E-2,1.898754267E-2
1.983335319E0,-6.490438245E-3,1.168278884E-2,1.404988952E-2,1.939104792E-2
1.985695996E0,-4.046979360E-3,1.168278884E-2,1.466075517E-2,1.917819958E-2
1.988056621E0,-3.436114406E-3,1.046105940E-2,1.588248461E-2,1.932599192E-2
1.990417298E0,-1.603520010E-3,8.017600514E-3,1.527161989E-2,1.732268942E-2
1.992777871E0,-1.603520010E-3,4.963276442E-3,1.343902480E-2,1.441571285E-2
1.995138601E0,1.450803829E-3,3.130682046E-3,1.466075517E-2,1.506133274E-2
1.997499226E0,1.450803829E-3,6.872228696E-4,1.404988952E-2,1.414130484E-2
1.999859903E0,2.061668551E-3,-1.756236190E-3,1.466075517E-2,1.490880897E-2
2.002220528E0,5.115992390E-3,-2.367100911E-3,1.160643063E-2,1.290293676E-2
2.004581205E0,5.726857111E-3,-5.421424750E-3,8.552107029E-3,1.163302511E-2
2.006941830E0,6.948587019E-3,-7.864884101E-3,7.330377586E-3,1.280131630E-2
2.009302507E0,5.115992390E-3,-7.254019380E-3,4.886918236E-3,1.013292382E-2
2.011663132E0,3.283398226E-3,-7.864884101E-3,1.221729559E-3,8.609862307E-3
2.014023809E0,3.894262947E-3,-9.086613543E-3,-1.221729559E-3,9.961147158E-3
2.016384382E0,8.399390499E-4,-7.864884101E-3,-2.443459118E-3,8.278429319E-3
2.018745059E0,-9.926552884E-4,-7.254019380E-3,-4.276053514E-3,8.478843986E-3
2.021105736E0,-2.825249685E-3,-6.032289471E-3,-6.108647678E-3,9.038037868E-3
2.023466361E0,-2.825249685E-3,-4.810560029E-3,-6.719512399E-3,8.733577186E-3
2.025827038E0,-6.490438245E-3,-6.032289471E-3,-4.886918236E-3,1.011910444E-2
2.028187715E0,-4.657844082E-3,-4.810560029E-3,-5.497782957E-3,8.663868462E-3
2.030548288E0,-7.101302966E-3,-4.199695308E-3,-5.497782957E-3,9.914210102E-3
2.032909017E0,-5.879573524E-3,-2.367100911E-3,-2.443459118E-3,6.792867142E-3
2.035269642E0,-5.268708803E-3,-5.345066893E-4,-1.221729559E-3,5.434851697E-3
2.037630267E0,-2.825249685E-3,-2.367100911E-3,1.832594397E-3,4.116261013E-3
2.039990944E0,-3.817904799E-4,-2.367100911E-3,5.497782957E-3,5.997878636E-3
2.042351569E0,-9.926552884E-4,-1.756236190E-3,7.941242307E-3,8.193476641E-3
2.044712246E0,1.450803829E-3,-2.367100911E-3,1.038470119E-2,1.074941940E-2
2.047072871E0,5.726857111E-3,-3.588830587E-3,1.404988952E-2,1.559089455E-2
2.049433548E0,6.948587019E-3,-2.367100911E-3,1.771507785E-2,1.917576625E-2
2.051794173E0,9.392046370E-3,-4.199695308E-3,1.954767294E-2,2.208980519E-2
2.054154851E0,1.122464053E-2,-4.199695308E-3,2.199113183E-2,2.504475743E-2
2.056515476E0,1.183550525E-2,-4.810560029E-3,2.443459071E-2,2.757299214E-2
2.058876101E0,1.550069358E-2,-3.588830587E-3,2.809977904E-2,3.229162103E-2
2.061236778E0,1.672242396E-2,-4.199695308E-3,2.932151034E-2,3.401511241E-2
2.063597455E0,1.733328775E-2,-3.588830587E-3,2.993237413E-2,3.477455378E-2
2.065958080E0,2.099847607E-2,-3.588830587E-3,3.237583488E-2,3.875577875E-2
2.068318757E0,2.283107117E-2,-3.588830587E-3,3.176496923E-2,3.928295796E-2
2.070679382E0,2.588539571E-2,-2.367100911E-3,3.359756246E-2,4.247885452E-2
2.073040007E0,2.649625950E-2,-1.145371469E-3,3.237583488E-2,4.185162276E-2
2.075400684E0,2.832885459E-2,7.635809743E-5,3.054323979E-2,4.165836446E-2
2.077761361E0,2.832885459E-2,1.908952487E-3,2.748891525E-2,3.951972373E-2
2.080121986E0,2.893971838E-2,3.741546767E-3,2.748891525E-2,4.008923713E-2
2.082482663E0,2.710712515E-2,3.130682046E-3,2.504545636E-2,3.703879437E-2
2.084843288E0,2.649625950E-2,4.352411721E-3,2.382372692E-2,3.589659064E-2
2.087203965E0,2.283107117E-2,2.519817324E-3,2.015853859E-2,3.056098769E-2
2.089564590E0,2.099847607E-2,1.298087649E-3,1.649334840E-2,2.673296786E-2
2.091925267E0,2.038761228E-2,6.872228696E-4,1.466075517E-2,2.512100221E-2
2.094285892E0,2.222020552E-2,2.519817324E-3,1.221729536E-2,2.548233346E-2
2.096646569E0,2.222020552E-2,1.908952487E-3,8.552107029E-3,2.388556400E-2
2.099007194E0,2.222020552E-2,6.872228696E-4,4.276053514E-3,2.263834009E-2
2.101367871E0,2.466366626E-2,7.635809743E-5,3.054323839E-3,2.485218619E-2
2.103728444E0,2.588539571E-2,-5.345066893E-4,1.832594397E-3,2.595568937E-2
2.106089173E0,2.771798894E-2,-4.199695308E-3,-0.000000000E0,2.803434236E-2
2.108449798E0,3.138317913E-2,-6.643154658E-3,-2.443459118E-3,3.217150802E-2
2.110810476E0,3.565923125E-2,-8.475748822E-3,-4.276053514E-3,3.690126996E-2
2.113171101E0,3.749182448E-2,-9.086613543E-3,-3.054323839E-3,3.869796303E-2
2.115531778E0,3.993528336E-2,-1.030834299E-2,-3.665188793E-3,4.140679173E-2
2.117892403E0,3.932442144E-2,-1.091920771E-2,-4.276053514E-3,4.103564124E-2
2.120253080E0,4.237874225E-2,-1.275180187E-2,-4.276053514E-3,4.446179123E-2
2.122613705E0,4.237874225E-2,-1.336266659E-2,-5.497782957E-3,4.477437069E-2
2.124974382E0,3.688096255E-2,-1.397353224E-2,-7.330377586E-3,4.011482815E-2
2.127335007E0,3.627009690E-2,-1.519526169E-2,-7.330377586E-3,4.000187923E-2
2.129695684E0,3.260490671E-2,-1.275180187E-2,-9.162971750E-3,3.618906525E-2
2.132056309E0,2.893971838E-2,-1.275180187E-2,-8.552107029E-3,3.276055991E-2
2.134416986E0,2.344193682E-2,-1.153007243E-2,-1.160643063E-2,2.858629399E-2
2.136777611E0,2.160934173E-2,-9.086613543E-3,-1.160643063E-2,2.615797063E-2
2.139138288E0,1.916588284E-2,-9.086613543E-3,-1.282816008E-2,2.478828961E-2
2.141498913E0,1.488982886E-2,-7.254019380E-3,-1.404988952E-2,2.171928167E-2
2.143859538E0,1.672242396E-2,-5.421424750E-3,-1.588248461E-2,2.369144628E-2
2.146220215E0,1.305723470E-2,-8.475748822E-3,-1.893680729E-2,2.451392189E-2
2.148580840E0,1.244636998E-2,-1.153007243E-2,-1.954767294E-2,2.588370555E-2
2.150941517E0,1.366809942E-2,-1.153007243E-2,-2.076940238E-2,2.740670698E-2
2.153302142E0,1.305723470E-2,-1.458439697E-2,-2.199113183E-2,2.944156741E-2
2.155662819E0,1.244636998E-2,-1.641699113E-2,-2.260199748E-2,3.058234807E-2
2.158023444E0,1.366809942E-2,-1.702785492E-2,-2.199113183E-2,3.098991229E-2
2.160384121E0,1.672242396E-2,-1.886045001E-2,-2.382372692E-2,3.468322364E-2
2.162744746E0,1.672242396E-2,-2.191477455E-2,-2.321286127E-2,3.603794854E-2
2.165105423E0,1.855501719E-2,-2.435823344E-2,-2.260199748E-2,3.805867167E-2
2.167466048E0,1.916588284E-2,-2.680169232E-2,-2.565632015E-2,4.176013099E-2
2.169826726E0,2.222020552E-2,-2.680169232E-2,-2.443459071E-2,4.253372154E-2
2.172187351E0,2.222020552E-2,-2.863428742E-2,-2.443459071E-2,4.371165945E-2
2.174548028E0,2.405280061E-2,-2.985601686E-2,-2.565632015E-2,4.613204660E-2
2.176908601E0,2.893971838E-2,-2.863428742E-2,-2.748891525E-2,4.912301067E-2
2.179269278E0,3.138317913E-2,-2.680169232E-2,-2.932151034E-2,5.062593814E-2
2.181629955E0,3.260490671E-2,-2.496909723E-2,-3.054323979E-2,5.118032097E-2
2.183990632E0,3.810269013E-2,-2.313650399E-2,-3.176496923E-2,5.473688046E-2
2.186351257E0,3.871355578E-2,-1.824958436E-2,-3.298669681E-2,5.403618137E-2
2.188711934E0,4.421133921E-2,-1.519526169E-2,-3.298669681E-2,5.721591263E-2
2.191072559E0,4.421133921E-2,-1.091920771E-2,-3.420842811E-2,5.695689743E-2
2.193433236E0,4.787652567E-2,-9.086613543E-3,-3.420842811E-2,5.953943911E-2
2.195793861E0,4.970912263E-2,-6.643154658E-3,-3.359756246E-2,6.036492839E-2
2.198154538E0,5.276344717E-2,-4.199695308E-3,-3.298669681E-2,6.236778787E-2
2.200515163E0,5.581776798E-2,-4.199695308E-3,-2.993237413E-2,6.347604024E-2
2.202875840E0,5.703949928E-2,-2.367100911E-3,-2.809977904E-2,6.362943680E-2
2.205236465E0,5.826122686E-2,-4.199695308E-3,-2.809977904E-2,6.481979311E-2
2.207597142E0,6.192641705E-2,-5.421424750E-3,-2.321286127E-2,6.635593345E-2
2.209957767E0,6.620246917E-2,-9.697478265E-3,-1.954767294E-2,6.970595044E-2
2.212318444E0,6.742420048E-2,-1.336266659E-2,-1.527161989E-2,7.041168967E-2
2.214679069E0,7.231111825E-2,-1.580612548E-2,-1.221729536E-2,7.501995555E-2
2.217039746E0,7.597630471E-2,-1.763872057E-2,-7.330377586E-3,7.834065213E-2
2.219400371E0,8.025235683E-2,-1.702785492E-2,-5.497782957E-3,8.222295444E-2
2.221761048E0,8.391755074E-2,-1.458439697E-2,-2.443459118E-3,8.521050669E-2
2.224121673E0,9.002619982E-2,-1.397353224E-2,-0.000000000E0,9.110420548E-2
2.226482351E0,9.124792367E-2,-1.580612548E-2,3.665188793E-3,9.267928995E-2
2.228842976E0,9.246965498E-2,-1.824958436E-2,6.719512399E-3,9.449251964E-2
2.231203653E0,9.063705802E-2,-2.130390890E-2,1.282816008E-2,9.398667199E-2
2.233564278E0,8.758273721E-2,-2.130390890E-2,1.649334840E-2,9.163308863E-2
2.235924955E0,8.697187155E-2,-2.130390890E-2,2.015853859E-2,9.178414708E-2
2.238285580E0,8.452841640E-2,-2.008217946E-2,2.443459071E-2,9.025184947E-2
2.240646257E0,8.330668509E-2,-1.824958436E-2,2.809977904E-2,8.979225296E-2
2.243006882E0,8.269581944E-2,-1.153007243E-2,2.932151034E-2,8.849458792E-2
2.245367559E0,7.780890167E-2,-8.475748822E-3,2.993237413E-2,8.379743742E-2
2.247728184E0,7.903063297E-2,-4.199695308E-3,3.115410358E-2,8.505325719E-2
2.250088861E0,7.536543906E-2,-5.345066893E-4,3.115410358E-2,8.155251849E-2
2.252449486E0,7.170025259E-2,1.298087649E-3,3.054323979E-2,7.794549859E-2
2.254810163E0,7.108938694E-2,1.298087649E-3,3.115410358E-2,7.762708378E-2
2.257170788E0,6.986765563E-2,-1.145371469E-3,3.054323979E-2,7.626067582E-2
2.259531465E0,6.986765563E-2,-1.145371469E-3,2.993237413E-2,7.601807812E-2
2.261892090E0,6.742420048E-2,-1.145371469E-3,2.871064469E-2,7.329144428E-2
2.264252767E0,6.864593178E-2,-1.145371469E-3,2.382372692E-2,7.267149228E-2
2.266613392E0,6.742420048E-2,6.872228696E-4,2.138026804E-2,7.073620676E-2
2.268974069E0,6.620246917E-2,1.298087649E-3,1.771507785E-2,6.854397084E-2
2.271334694E0,6.742420048E-2,1.298087649E-3,1.527161989E-2,6.914427102E-2
2.273695371E0,6.864593178E-2,6.872228696E-4,1.160643063E-2,6.962359842E-2
2.276055996E0,7.047852129E-2,1.908952487E-3,8.552107029E-3,7.102115598E-2
2.278416673E0,7.292198390E-2,2.519817324E-3,5.497782957E-3,7.317233652E-2
2.280777298E0,7.658717036E-2,2.519817324E-3,1.832594397E-3,7.665052215E-2
2.283137976E0,8.147408813E-2,5.574141163E-3,-0.000000000E0,8.166454608E-2
2.285498601E0,8.575014025E-2,6.185005885E-3,-3.054323839E-3,8.602714539E-2
2.287859226E0,9.308052063E-2,6.795870606E-3,-6.108647678E-3,9.352797846E-2
2.290219851E0,1.010217592E-1,4.352411721E-3,-8.552107029E-3,1.014764892E-1
2.292580528E0,1.101847365E-1,3.741546767E-3,-8.552107029E-3,1.105794460E-1
2.294941205E0,1.187368408E-1,-5.345066893E-4,-1.160643063E-2,1.193039492E-1
2.297301830E0,1.285106838E-1,-2.977965865E-3,-1.099556591E-2,1.290145984E-1
2.299662507E0,1.358410567E-1,-6.032289471E-3,-1.160643063E-2,1.364693754E-1
2.302023184E0,1.431714296E-1,-8.475748822E-3,-1.404988952E-2,1.441086256E-1
2.304383809E0,1.498909444E-1,-1.091920771E-2,-1.466075517E-2,1.510015299E-1
2.306744434E0,1.590539217E-1,-1.275180187E-2,-1.466075517E-2,1.602363760E-1
2.309105111E0,1.627191007E-1,-1.397353224E-2,-1.588248461E-2,1.640884477E-1
2.311465788E0,1.682168841E-1,-1.580612548E-2,-1.649334840E-2,1.697609621E-1
2.313826413E0,1.712712198E-1,-1.580612548E-2,-1.649334840E-2,1.727880056E-1
2.316186986E0,1.737146676E-1,-1.641699113E-2,-1.832594350E-2,1.754484070E-1
2.318547715E0,1.749363989E-1,-1.641699113E-2,-1.893680729E-2,1.767225620E-1
2.320908340E0,1.767689884E-1,-1.763872057E-2,-1.771507785E-2,1.785279353E-1
2.323269017E0,1.749363989E-1,-1.763872057E-2,-1.893680729E-2,1.768402408E-1
2.325629642E0,1.773798615E-1,-1.641699113E-2,-1.649334840E-2,1.788998697E-1
2.327990319E0,1.755472720E-1,-1.702785492E-2,-1.832594350E-2,1.773207059E-1
2.330350944E0,1.749363989E-1,-1.886045001E-2,-1.893680729E-2,1.769662761E-1
2.332711621E0,1.712712198E-1,-1.947131567E-2,-1.832594350E-2,1.733459059E-1
2.335072246E0,1.688277572E-1,-2.008217946E-2,-1.771507785E-2,1.709383793E-1
2.337432923E0,1.639408320E-1,-2.191477455E-2,-1.832594350E-2,1.664112194E-1
2.339793548E0,1.608865112E-1,-2.374736778E-2,-1.710421406E-2,1.635266373E-1
2.342154226E0,1.578321904E-1,-2.130390890E-2,-1.710421406E-2,1.601793089E-1
2.344514851E0,1.498909444E-1,-2.191477455E-2,-1.832594350E-2,1.525889667E-1
2.346875528E0,1.468366235E-1,-2.008217946E-2,-1.954767294E-2,1.494871214E-1
2.349236153E0,1.431714296E-1,-1.641699113E-2,-2.076940238E-2,1.455985712E-1
2.351596830E0,1.388953775E-1,-1.519526169E-2,-2.260199748E-2,1.415403552E-1
2.353957455E0,1.340084672E-1,-1.397353224E-2,-2.382372692E-2,1.368250666E-1
2.356318132E0,1.309541315E-1,-1.336266659E-2,-2.443459071E-2,1.338827645E-1
2.358678757E0,1.285106838E-1,-1.214093715E-2,-2.565632015E-2,1.316079214E-1
2.361039434E0,1.272889525E-1,-1.214093715E-2,-2.748891525E-2,1.307880738E-1
2.363400059E0,1.272889525E-1,-1.153007243E-2,-2.809977904E-2,1.308625904E-1
2.365760736E0,1.254563481E-1,-1.153007243E-2,-2.748891525E-2,1.289491307E-1
2.368121361E0,1.260672212E-1,-1.091920771E-2,-2.565632015E-2,1.291139811E-1
2.370482038E0,1.266780794E-1,-1.153007243E-2,-2.565632015E-2,1.297633428E-1
2.372842663E0,1.278998107E-1,-1.336266659E-2,-2.504545636E-2,1.310122029E-1
2.375203340E0,1.303432733E-1,-1.458439697E-2,-2.321286127E-2,1.331950091E-1
2.377563913E0,1.327867359E-1,-1.886045001E-2,-2.138026804E-2,1.358129216E-1
2.379924642E0,1.346193254E-1,-2.008217946E-2,-2.076940238E-2,1.376845118E-1
2.382285267E0,1.358410567E-1,-2.191477455E-2,-1.954767294E-2,1.389789968E-1
2.384645944E0,1.382845193E-1,-2.435823344E-2,-1.893680729E-2,1.416846304E-1
2.387006569E0,1.413388401E-1,-2.557996288E-2,-1.771507785E-2,1.447232746E-1
2.389367246E0,1.468366235E-1,-2.741255611E-2,-1.466075517E-2,1.500912389E-1
2.391727871E0,1.505018175E-1,-2.680169232E-2,-1.221729536E-2,1.533570673E-1
2.394088548E0,1.505018175E-1,-2.557996288E-2,-8.552107029E-3,1.528995425E-1
2.396449173E0,1.547778696E-1,-2.252563834E-2,-7.330377586E-3,1.565801000E-1
2.398809851E0,1.559995860E-1,-1.824958436E-2,-4.886918236E-3,1.571394289E-1
2.401170476E0,1.559995860E-1,-1.519526169E-2,-1.221729559E-3,1.567426535E-1
2.403531153E0,1.559995860E-1,-1.336266659E-2,-0.000000000E0,1.565708520E-1
2.405891778E0,1.553887278E-1,-1.030834299E-2,1.832594397E-3,1.557410577E-1
2.408252455E0,1.553887278E-1,-8.475748822E-3,6.108647678E-3,1.557395602E-1
2.410613080E0,1.559995860E-1,-9.086613543E-3,8.552107029E-3,1.564978463E-1
2.412973757E0,1.529452652E-1,-7.254019380E-3,9.773836471E-3,1.534288200E-1
2.415334382E0,1.529452652E-1,-7.254019380E-3,1.038470119E-2,1.534689446E-1
2.417695059E0,1.547778696E-1,-7.864884101E-3,1.160643063E-2,1.554115650E-1
2.420055684E0,1.535561383E-1,-6.032289471E-3,1.221729536E-2,1.541594578E-1
2.422416361E0,1.517235339E-1,-7.864884101E-3,1.221729536E-2,1.524176809E-1
2.424776986E0,1.529452652E-1,-6.032289471E-3,1.221729536E-2,1.535509849E-1
2.427137663E0,1.529452652E-1,-7.254019380E-3,1.221729536E-2,1.536038321E-1
2.429498288E0,1.541669965E-1,-9.086613543E-3,1.404988952E-2,1.550723339E-1
2.431858965E0,1.559995860E-1,-9.697478265E-3,1.282816008E-2,1.568262529E-1
2.434219590E0,1.572213173E-1,-1.091920771E-2,1.343902480E-2,1.581719921E-1
2.436580267E0,1.602756530E-1,-1.153007243E-2,1.343902480E-2,1.612508447E-1
2.438940892E0,1.608865112E-1,-1.336266659E-2,1.588248461E-2,1.622198621E-1
2.441301569E0,1.627191007E-1,-1.336266659E-2,1.527161989E-2,1.639795383E-1
2.443662194E0,1.663842946E-1,-1.275180187E-2,1.466075517E-2,1.675150133E-1
2.446022871E0,1.688277572E-1,-1.153007243E-2,1.404988952E-2,1.698032791E-1
2.448383496E0,1.694386154E-1,-1.030834299E-2,1.282816008E-2,1.702359187E-1
2.450744173E0,1.706603467E-1,-9.697478265E-3,1.221729536E-2,1.713716935E-1
2.453104798E0,1.706603467E-1,-9.697478265E-3,9.773836471E-3,1.712148443E-1
2.455465476E0,1.724929363E-1,-8.475748822E-3,9.773836471E-3,1.729773952E-1
2.457826101E0,1.731038094E-1,-8.475748822E-3,7.330377586E-3,1.734661395E-1
2.460186778E0,1.724929363E-1,-9.086613543E-3,6.719512399E-3,1.728627532E-1
2.462547403E0,1.749363989E-1,-7.254019380E-3,6.108647678E-3,1.751932648E-1
2.464908080E0,1.737146676E-1,-7.864884101E-3,6.719512399E-3,1.740223950E-1
2.467268705E0,1.755472720E-1,-7.864884101E-3,3.054323839E-3,1.757499075E-1
2.469629382E0,1.767689884E-1,-7.254019380E-3,1.221729559E-3,1.769219847E-1
2.471989955E0,1.755472720E-1,-1.030834299E-2,1.221729559E-3,1.758539145E-1
2.474350632E0,1.761581302E-1,-1.091920771E-2,1.221729559E-3,1.765004491E-1
2.476711309E0,1.743255407E-1,-1.214093715E-2,-1.832594397E-3,1.747574173E-1
2.479071986E0,1.712712198E-1,-1.397353224E-2,-3.054323839E-3,1.718674467E-1
2.481432611E0,1.688277572E-1,-1.580612548E-2,-5.497782957E-3,1.696551527E-1
2.483793288E0,1.669951528E-1,-1.886045001E-2,-6.108647678E-3,1.681678127E-1
2.486153913E0,1.639408320E-1,-2.069304511E-2,-6.719512399E-3,1.653782040E-1
2.488514590E0,1.578321904E-1,-2.191477455E-2,-9.162971750E-3,1.596095790E-1
2.490875215E0,1.511126757E-1,-2.008217946E-2,-9.773836471E-3,1.527542555E-1
2.493235892E0,1.456148922E-1,-2.008217946E-2,-1.099556591E-2,1.474038441E-1
2.495596517E0,1.395062506E-1,-1.824958436E-2,-1.099556591E-2,1.411238596E-1
2.497957194E0,1.315650046E-1,-1.824958436E-2,-1.160643063E-2,1.333308179E-1
2.500317819E0,1.236237586E-1,-1.763872057E-2,-1.282816008E-2,1.255329432E-1
2.502678496E0,1.181259751E-1,-1.702785492E-2,-1.343902480E-2,1.201012124E-1
2.505039121E0,1.095738709E-1,-1.580612548E-2,-1.282816008E-2,1.114487706E-1
2.507399798E0,1.028543562E-1,-1.336266659E-2,-1.099556591E-2,1.042999612E-1
2.509760423E0,9.796743840E-2,-1.153007243E-2,-1.038470119E-2,9.918872706E-2
2.512121101E0,9.308052063E-2,-8.475748822E-3,-7.941242307E-3,9.380237187E-2
2.514481726E0,8.758273721E-2,-5.421424750E-3,-6.108647678E-3,8.796273802E-2
2.516842403E0,8.391755074E-2,-4.810560029E-3,-4.276053514E-3,8.416401514E-2
2.519203028E0,7.903063297E-2,-1.756236190E-3,-1.221729559E-3,7.905958472E-2
2.521563705E0,7.475458086E-2,7.635809743E-5,-0.000000000E0,7.475461985E-2
2.523924330E0,7.170025259E-2,1.908952487E-3,3.054323839E-3,7.179066245E-2
2.526285007E0,6.986765563E-2,6.872228696E-4,5.497782957E-3,7.008699734E-2
2.528645632E0,6.681333482E-2,7.635809743E-5,6.108647678E-3,6.709204958E-2
2.531006309E0,6.314814836E-2,6.872228696E-4,7.330377586E-3,6.357590229E-2
2.533366934E0,6.131555140E-2,1.908952487E-3,9.162971750E-3,6.202580910E-2
2.535727611E0,6.009382382E-2,6.872228696E-4,1.099556591E-2,6.109535503E-2
2.538088236E0,6.192641705E-2,6.872228696E-4,1.038470119E-2,6.279486781E-2
2.540448913E0,6.375901401E-2,6.872228696E-4,1.038470119E-2,6.460283401E-2
2.542809538E0,6.620246917E-2,-2.367100911E-3,1.160643063E-2,6.725384244E-2
2.545170215E0,6.864593178E-2,-4.810560029E-3,1.160643063E-2,6.978620687E-2
2.547530788E0,7.353284955E-2,-9.086613543E-3,1.099556591E-2,7.490359790E-2
2.549891517E0,7.719803602E-2,-1.030834299E-2,9.773836471E-3,7.849411812E-2
2.552252142E0,8.147408813E-2,-1.091920771E-2,1.038470119E-2,8.285588786E-2
2.554612819E0,8.758273721E-2,-1.214093715E-2,9.773836471E-3,8.895878872E-2
2.556973444E0,8.941533417E-2,-1.458439697E-2,9.162971750E-3,9.105913831E-2
2.559334121E0,9.491311759E-2,-1.458439697E-2,1.099556591E-2,9.665457565E-2
2.561694746E0,9.796743840E-2,-1.580612548E-2,9.162971750E-3,9.965647315E-2
2.564055423E0,1.022434905E-1,-1.763872057E-2,7.330377586E-3,1.040124524E-1
2.566416048E0,1.040760875E-1,-1.947131567E-2,6.719512399E-3,1.060948442E-1
2.568776673E0,1.052978188E-1,-1.947131567E-2,4.886918236E-3,1.071944250E-1
2.571137351E0,1.077412739E-1,-1.763872057E-2,2.443459118E-3,1.092029169E-1
2.573498028E0,1.077412739E-1,-1.702785492E-2,1.832594397E-3,1.090939428E-1
2.575858653E0,1.083521396E-1,-1.580612548E-2,6.108647794E-4,1.095006526E-1
2.578219330E0,1.089630052E-1,-1.458439697E-2,-6.108647794E-4,1.099364103E-1
2.580579955E0,1.114064679E-1,-1.153007243E-2,-6.108647794E-4,1.120032000E-1
2.582940632E0,1.126281917E-1,-9.086613543E-3,6.108647794E-4,1.129957931E-1
2.585301257E0,1.156825200E-1,-7.254019380E-3,6.108647794E-4,1.159113428E-1
2.587661934E0,1.175151095E-1,-3.588830587E-3,2.443459118E-3,1.175952854E-1
2.590022559E0,1.205694377E-1,-1.145371469E-3,2.443459118E-3,1.205996339E-1
2.592383236E0,1.236237586E-1,6.872228696E-4,4.886918236E-3,1.237222208E-1
2.594743861E0,1.224020272E-1,3.741546767E-3,3.665188793E-3,1.225140362E-1
2.597104538E0,1.272889525E-1,6.185005885E-3,5.497782957E-3,1.275576628E-1
2.599465163E0,1.291215420E-1,7.406735327E-3,6.108647678E-3,1.294779823E-1
2.601825840E0,1.309541315E-1,8.628465235E-3,6.108647678E-3,1.313801756E-1
2.604186465E0,1.315650046E-1,9.850194678E-3,6.108647678E-3,1.320745711E-1
2.606547142E0,1.340084672E-1,9.239329956E-3,3.054323839E-3,1.343613166E-1
2.608907767E0,1.321758628E-1,8.017600514E-3,2.443459118E-3,1.324413497E-1
2.611268444E0,1.321758628E-1,8.017600514E-3,1.832594397E-3,1.324314880E-1
2.613629069E0,1.309541315E-1,7.406735327E-3,-6.108647794E-4,1.311648483E-1
2.615989694E0,1.291215420E-1,4.963276442E-3,-4.886918236E-3,1.293092753E-1
2.618350371E0,1.278998107E-1,3.130682046E-3,-4.886918236E-3,1.280314208E-1
2.620711048E0,1.266780794E-1,1.908952487E-3,-6.719512399E-3,1.268705314E-1
2.623071673E0,1.254563481E-1,-1.756236190E-3,-7.941242307E-3,1.257197000E-1
2.625432351E0,1.224020272E-1,-5.421424750E-3,-9.773836471E-3,1.229112525E-1
2.627792976E0,1.211803034E-1,-6.032289471E-3,-1.099556591E-2,1.218275704E-1
2.630153653E0,1.193477064E-1,-9.086613543E-3,-1.221729536E-2,1.203150194E-1
2.632514278E0,1.144607887E-1,-1.091920771E-2,-1.404988952E-2,1.158356622E-1
2.634874955E0,1.126281917E-1,-1.153007243E-2,-1.527161989E-2,1.142421748E-1
2.637235580E0,1.095738709E-1,-1.397353224E-2,-1.588248461E-2,1.115972495E-1
2.639596257E0,1.089630052E-1,-1.580612548E-2,-1.527161989E-2,1.111575121E-1
2.641956882E0,1.046869531E-1,-1.641699113E-2,-1.649334840E-2,1.072422785E-1
2.644317559E0,1.028543562E-1,-1.641699113E-2,-1.710421406E-2,1.055513634E-1
2.646678184E0,1.022434905E-1,-1.702785492E-2,-1.527161989E-2,1.047707095E-1
2.649038861E0,1.028543562E-1,-1.763872057E-2,-1.527161989E-2,1.054673666E-1
2.651399486E0,1.028543562E-1,-1.641699113E-2,-1.649334840E-2,1.054540977E-1
2.653760163E0,1.034652218E-1,-1.886045001E-2,-1.710421406E-2,1.065519725E-1
2.656120788E0,1.065195426E-1,-1.947131567E-2,-1.649334840E-2,1.095334453E-1
2.658481413E0,1.095738709E-1,-1.824958436E-2,-1.466075517E-2,1.120465004E-1
2.660842090E0,1.138499230E-1,-1.641699113E-2,-1.404988952E-2,1.158823626E-1
2.663202767E0,1.156825200E-1,-1.641699113E-2,-1.466075517E-2,1.177578055E-1
2.665563392E0,1.193477064E-1,-1.397353224E-2,-1.404988952E-2,1.209815442E-1
2.667924069E0,1.211803034E-1,-1.030834299E-2,-1.221729536E-2,1.222300707E-1
2.670284694E0,1.217911690E-1,-7.864884101E-3,-9.162971750E-3,1.223883381E-1
2.672645319E0,1.248454899E-1,-5.421424750E-3,-9.162971750E-3,1.252986362E-1
2.675005996E0,1.248454899E-1,-2.977965865E-3,-7.941242307E-3,1.251332408E-1
2.677366673E0,1.266780794E-1,-2.367100911E-3,-6.108647678E-3,1.268473671E-1
2.679727298E0,1.260672212E-1,-1.145371469E-3,-4.276053514E-3,1.261449197E-1
2.682087976E0,1.254563481E-1,7.635809743E-5,-2.443459118E-3,1.254801641E-1
2.684448601E0,1.248454899E-1,1.298087649E-3,-1.221729559E-3,1.248582156E-1
2.686809278E0,1.230128929E-1,4.352411721E-3,-6.108647794E-4,1.230913826E-1
2.689169903E0,1.181259751E-1,6.795870606E-3,1.221729559E-3,1.183276066E-1
2.691530580E0,1.150716543E-1,7.406735327E-3,3.054323839E-3,1.153502243E-1
2.693891205E0,1.101847365E-1,1.107192412E-2,2.443459118E-3,1.107665751E-1
2.696251882E0,1.040760875E-1,1.290451828E-2,3.665188793E-3,1.049370868E-1
2.698612507E0,9.857830405E-2,1.290451828E-2,7.330377586E-3,9.968923241E-2
2.700973184E0,9.308052063E-2,1.351538301E-2,6.719512399E-3,9.429634534E-2
2.703333809E0,8.941533417E-2,1.351538301E-2,4.886918236E-3,9.056295894E-2
2.705694486E0,8.269581944E-2,1.351538301E-2,8.552107029E-3,8.422827711E-2
2.708055111E0,7.597630471E-2,1.473711245E-2,9.162971750E-3,7.793292893E-2
2.710415788E0,7.047852129E-2,1.412624773E-2,9.162971750E-3,7.246194097E-2
2.712776413E0,6.559160352E-2,1.290451828E-2,9.773836471E-3,6.755969896E-2
2.715137090E0,6.314814836E-2,1.229365356E-2,1.038470119E-2,6.516643751E-2
2.717497715E0,5.948295817E-2,1.107192412E-2,9.773836471E-3,6.128896879E-2
2.719858392E0,5.581776798E-2,1.046105940E-2,8.552107029E-3,5.742991834E-2
2.722219017E0,5.459604040E-2,1.046105940E-2,9.162971750E-3,5.633934187E-2
2.724579694E0,5.459604040E-2,1.229365356E-2,9.162971750E-3,5.670821454E-2
2.726940319E0,5.337430909E-2,1.290451828E-2,8.552107029E-3,5.557411266E-2
2.729300996E0,5.276344717E-2,1.412624773E-2,9.773836471E-3,5.548927924E-2
2.731661621E0,5.337430909E-2,1.168278884E-2,9.773836471E-3,5.550524575E-2
2.734022298E0,5.459604040E-2,1.168278884E-2,8.552107029E-3,5.648321624E-2
2.736382923E0,5.398517475E-2,1.168278884E-2,9.162971750E-3,5.598970172E-2
2.738743601E0,5.765036494E-2,1.046105940E-2,6.719512399E-3,5.897584410E-2
2.741104226E0,6.070468575E-2,1.046105940E-2,8.552107029E-3,6.219028196E-2
2.743464903E0,6.375901401E-2,1.107192412E-2,7.941242307E-3,6.519864033E-2
2.745825528E0,6.803506613E-2,9.239329956E-3,7.941242307E-3,6.911728272E-2
2.748186205E0,7.108938694E-2,8.628465235E-3,9.162971750E-3,7.219495411E-2
2.750546830E0,7.780890167E-2,6.795870606E-3,6.719512399E-3,7.839362782E-2
2.752907507E0,8.269581944E-2,6.185005885E-3,7.941242307E-3,8.330615931E-2
2.755268132E0,8.880446851E-2,4.352411721E-3,7.941242307E-3,8.926500123E-2
2.757628809E0,9.369138628E-2,3.130682046E-3,6.719512399E-3,9.398419484E-2
2.759989434E0,9.857830405E-2,4.963276442E-3,6.719512399E-3,9.893163291E-2
2.762350111E0,1.028543562E-1,4.352411721E-3,7.330377586E-3,1.032070565E-1
2.764710736E0,1.065195426E-1,4.352411721E-3,6.108647678E-3,1.067832947E-1
2.767071413E0,1.083521396E-1,3.130682046E-3,3.054323839E-3,1.084403809E-1
2.769432038E0,1.132390574E-1,5.574141163E-3,1.832594397E-3,1.133909766E-1
2.771792715E0,1.138499230E-1,5.574141163E-3,-1.221729559E-3,1.139928447E-1
2.774153340E0,1.138499230E-1,6.795870606E-3,-3.665188793E-3,1.141114474E-1
2.776514017E0,1.132390574E-1,7.406735327E-3,-4.886918236E-3,1.135862043E-1
2.778874642E0,1.120173261E-1,9.239329956E-3,-6.719512399E-3,1.125983943E-1
2.781235319E0,1.095738709E-1,1.168278884E-2,-7.941242307E-3,1.104806955E-1
2.783595944E0,1.083521396E-1,1.046105940E-2,-9.773836471E-3,1.092938598E-1
2.785956621E0,1.071304083E-1,1.107192412E-2,-1.099556591E-2,1.082608625E-1
2.788317246E0,1.052978188E-1,1.107192412E-2,-1.099556591E-2,1.064477365E-1
2.790677871E0,1.046869531E-1,1.290451828E-2,-1.038470119E-2,1.059892767E-1
2.793038548E0,1.004109010E-1,1.718057133E-2,-8.552107029E-3,1.022284677E-1
2.795399226E0,9.369138628E-2,2.145662531E-2,-6.719512399E-3,9.635151519E-2
2.797759851E0,9.124792367E-2,2.695440874E-2,-8.552107029E-3,9.552937904E-2
2.800120528E0,8.513928205E-2,3.061959706E-2,-7.941242307E-3,9.082576948E-2
2.802481153E0,7.841976732E-2,3.489565104E-2,-7.330377586E-3,8.614581130E-2
2.804841830E0,7.414371520E-2,3.672824427E-2,-6.108647678E-3,8.296728276E-2
2.807202403E0,6.986765563E-2,3.856083751E-2,-4.886918236E-3,7.995191970E-2
2.809563132E0,6.436987966E-2,3.917170316E-2,-3.665188793E-3,7.544095271E-2
2.811923757E0,6.131555140E-2,3.917170316E-2,-1.221729559E-3,7.277026725E-2
2.814284434E0,6.131555140E-2,3.978256881E-2,1.221729559E-3,7.310090456E-2
2.816645059E0,5.703949928E-2,3.917170316E-2,6.108647794E-4,6.919754304E-2
2.819005736E0,5.765036494E-2,3.794997558E-2,3.054323839E-3,6.908758295E-2
2.821366361E0,5.765036494E-2,3.733910993E-2,4.276053514E-3,6.881902601E-2
2.823727038E0,5.826122686E-2,3.489565104E-2,5.497782957E-3,6.813444529E-2
2.826087663E0,5.581776798E-2,3.428478539E-2,5.497782957E-3,6.573656021E-2
2.828448340E0,5.826122686E-2,3.428478539E-2,9.162971750E-3,6.821859802E-2
2.830808965E0,5.887209252E-2,3.245219216E-2,1.099556591E-2,6.811732909E-2
2.833169642E0,5.948295817E-2,3.184132650E-2,1.221729536E-2,6.856642540E-2
2.835530267E0,5.887209252E-2,3.306305781E-2,1.099556591E-2,6.841046366E-2
2.837890944E0,5.887209252E-2,3.245219216E-2,1.221729536E-2,6.832518100E-2
2.840251569E0,5.826122686E-2,3.306305781E-2,1.282816008E-2,6.820629031E-2
2.842612246E0,5.642863363E-2,3.184132650E-2,1.282816008E-2,6.605015108E-2
2.844972871E0,5.642863363E-2,3.306305781E-2,1.160643063E-2,6.642338231E-2
2.847333548E0,5.520690605E-2,3.367391974E-2,1.160643063E-2,6.569965432E-2
2.849694173E0,5.398517475E-2,3.489565104E-2,1.160643063E-2,6.532086027E-2
2.852054851E0,5.215258151E-2,3.611737862E-2,1.038470119E-2,6.428218117E-2
2.854415423E0,5.215258151E-2,3.672824427E-2,1.099556591E-2,6.472834121E-2
2.856776153E0,4.848739132E-2,3.672824427E-2,9.162971750E-3,6.151382849E-2
2.859136778E0,4.787652567E-2,3.611737862E-2,8.552107029E-3,6.057858766E-2
2.861497455E0,4.726566374E-2,3.489565104E-2,8.552107029E-3,5.937076693E-2
2.863858080E0,4.665479809E-2,3.061959706E-2,7.941242307E-3,5.636748388E-2
2.866218757E0,4.848739132E-2,2.756527252E-2,6.108647678E-3,5.610870648E-2
2.868579382E0,5.093085021E-2,2.695440874E-2,4.886918236E-3,5.783055959E-2
2.870940059E0,5.520690605E-2,2.267835476E-2,4.276053514E-3,5.983640099E-2
2.873300684E0,5.948295817E-2,1.840230078E-2,3.665188793E-3,6.237227425E-2
2.875661361E0,6.681333482E-2,1.473711245E-2,3.665188793E-3,6.851742700E-2
2.878021986E0,7.414371520E-2,9.239329956E-3,3.054323839E-3,7.477957352E-2
2.880382663E0,8.452841640E-2,6.185005885E-3,3.054323839E-3,8.480941204E-2
2.882743288E0,9.308052063E-2,6.872228696E-4,2.443459118E-3,9.311512277E-2
2.885103965E0,1.004109010E-1,-6.032289471E-3,3.054323839E-3,1.006382952E-1
2.887464590E0,1.107956022E-1,-9.697478265E-3,2.443459118E-3,1.112460204E-1
2.889825267E0,1.199585721E-1,-1.336266659E-2,3.054323839E-3,1.207391766E-1
2.892185892E0,1.285106838E-1,-1.824958436E-2,1.832594397E-3,1.298129484E-1
2.894546569E0,1.395062506E-1,-2.557996288E-2,3.665188793E-3,1.418793927E-1
2.896907194E0,1.468366235E-1,-3.046688065E-2,4.886918236E-3,1.500436830E-1
2.899267871E0,1.529452652E-1,-3.413207084E-2,4.276053514E-3,1.567658669E-1
2.901628496E0,1.608865112E-1,-3.962985426E-2,5.497782957E-3,1.657866715E-1
2.903989173E0,1.663842946E-1,-4.329504073E-2,6.108647678E-3,1.720334550E-1
2.906349798E0,1.688277572E-1,-4.451677203E-2,7.330377586E-3,1.747520788E-1
2.908710476E0,1.724929363E-1,-4.573849961E-2,7.941242307E-3,1.786305873E-1
2.911071101E0,1.743255407E-1,-4.696023092E-2,7.330377586E-3,1.806886600E-1
2.913431778E0,1.767689884E-1,-4.696023092E-2,7.941242307E-3,1.830726683E-1
2.915792403E0,1.761581302E-1,-4.879282415E-2,8.552107029E-3,1.829906146E-1
2.918153080E0,1.743255407E-1,-4.879282415E-2,9.773836471E-3,1.812888902E-1
2.920513705E0,1.718820781E-1,-4.757109284E-2,9.162971750E-3,1.785788836E-1
2.922874382E0,1.688277572E-1,-4.818195850E-2,9.162971750E-3,1.758074879E-1
2.925235007E0,1.663842946E-1,-4.696023092E-2,1.038470119E-2,1.731959549E-1
2.927595684E0,1.621082425E-1,-4.512763396E-2,9.162971750E-3,1.685216475E-1
2.929956309E0,1.590539217E-1,-4.329504073E-2,8.552107029E-3,1.650628641E-1
2.932316986E0,1.547778696E-1,-4.268417507E-2,8.552107029E-3,1.607832897E-1
2.934677611E0,1.474474818E-1,-3.840812296E-2,7.941242307E-3,1.525745952E-1
2.937038288E0,1.443931609E-1,-3.413207084E-2,7.330377586E-3,1.485534167E-1
2.939398913E0,1.395062506E-1,-2.863428742E-2,7.330377586E-3,1.426031234E-1
2.941759590E0,1.346193254E-1,-2.374736778E-2,4.886918236E-3,1.367851681E-1
2.944120267E0,1.272889525E-1,-1.824958436E-2,3.054323839E-3,1.286267999E-1
2.946480892E0,1.236237586E-1,-1.336266659E-2,3.054323839E-3,1.243813629E-1
2.948841569E0,1.211803034E-1,-8.475748822E-3,3.665188793E-3,1.215316332E-1
2.951202194E0,1.162933856E-1,-2.367100911E-3,2.443459118E-3,1.163431356E-1
2.953562819E0,1.150716543E-1,6.872228696E-4,3.665188793E-3,1.151320612E-1
2.955923496E0,1.114064679E-1,4.352411721E-3,2.443459118E-3,1.115182275E-1
2.958284173E0,1.114064679E-1,8.628465235E-3,2.443459118E-3,1.117668197E-1
2.960644798E0,1.095738709E-1,1.290451828E-2,3.054323839E-3,1.103734056E-1
2.963005423E0,1.114064679E-1,1.534797717E-2,3.665188793E-3,1.125184211E-1
2.965366101E0,1.107956022E-1,1.656970754E-2,4.886918236E-3,1.121343063E-1
2.967726778E0,1.089630052E-1,1.779143699E-2,5.497782957E-3,1.105427400E-1
2.970087403E0,1.095738709E-1,1.840230078E-2,5.497782957E-3,1.112443413E-1
2.972448028E0,1.077412739E-1,2.084576152E-2,7.941242307E-3,1.100263205E-1
2.974808705E0,1.083521396E-1,2.206749097E-2,7.941242307E-3,1.108612811E-1
2.977169382E0,1.077412739E-1,2.451094985E-2,8.552107029E-3,1.108246692E-1
2.979530007E0,1.095738709E-1,2.756527252E-2,8.552107029E-3,1.133111467E-1
2.981890684E0,1.095738709E-1,2.939786762E-2,8.552107029E-3,1.137708501E-1
2.984251309E0,1.095738709E-1,3.428478539E-2,9.162971750E-3,1.151774272E-1
2.986611986E0,1.077412739E-1,3.611737862E-2,9.773836471E-3,1.140533867E-1
2.988972611E0,1.083521396E-1,3.794997558E-2,8.552107029E-3,1.151239564E-1
2.991333288E0,1.107956022E-1,3.672824427E-2,7.330377586E-3,1.169545375E-1
2.993693913E0,1.138499230E-1,3.611737862E-2,7.330377586E-3,1.196662210E-1
2.996054590E0,1.156825200E-1,3.550651670E-2,7.330377586E-3,1.212307411E-1
2.998415215E0,1.175151095E-1,3.367391974E-2,7.330377586E-3,1.224641509E-1
3.000775892E0,1.199585721E-1,3.061959706E-2,6.719512399E-3,1.239869775E-1
3.003136517E0,1.266780794E-1,2.939786762E-2,6.108647678E-3,1.301878873E-1
3.005497194E0,1.321758628E-1,2.878700197E-2,4.886918236E-3,1.353625951E-1
3.007857819E0,1.333975941E-1,2.939786762E-2,4.886918236E-3,1.366858980E-1
3.010218496E0,1.395062506E-1,2.817613818E-2,6.108647678E-3,1.424542183E-1
3.012579121E0,1.437823027E-1,2.878700197E-2,6.108647678E-3,1.467629301E-1
3.014939798E0,1.468366235E-1,2.695440874E-2,5.497782957E-3,1.493912975E-1
3.017300423E0,1.505018175E-1,2.084576152E-2,6.108647678E-3,1.520613640E-1
3.019661101E0,1.505018175E-1,1.901316643E-2,6.108647678E-3,1.518209904E-1
3.022021726E0,1.553887278E-1,1.656970754E-2,6.108647678E-3,1.563890262E-1
3.024382403E0,1.584430486E-1,1.412624773E-2,7.330377586E-3,1.592403371E-1
3.026743028E0,1.614973694E-1,1.168278884E-2,5.497782957E-3,1.620126955E-1
3.029103705E0,1.633299738E-1,9.239329956E-3,7.330377586E-3,1.637552442E-1
3.031464330E0,1.651625633E-1,8.017600514E-3,7.941242307E-3,1.655476293E-1
3.033825007E0,1.688277572E-1,4.352411721E-3,8.552107029E-3,1.691002473E-1
3.036185632E0,1.724929363E-1,6.872228696E-4,9.162971750E-3,1.727375043E-1
3.038546309E0,1.749363989E-1,-4.810560029E-3,1.160643063E-2,1.753869846E-1
3.040906934E0,1.755472720E-1,-7.864884101E-3,1.099556591E-2,1.760670428E-1
3.043267611E0,1.792124510E-1,-1.030834299E-2,1.099556591E-2,1.798451195E-1
3.045628236E0,1.798233241E-1,-1.275180187E-2,1.221729536E-2,1.806884021E-1
3.047988913E0,1.822667718E-1,-1.458439697E-2,1.466075517E-2,1.834361428E-1
3.050349538E0,1.822667718E-1,-1.397353224E-2,1.527161989E-2,1.834384313E-1
3.052710215E0,1.847102344E-1,-1.458439697E-2,1.343902480E-2,1.857718566E-1
3.055070840E0,1.859319657E-1,-1.336266659E-2,1.404988952E-2,1.869402475E-1
3.057431517E0,1.822667718E-1,-1.275180187E-2,1.282816008E-2,1.831620764E-1
3.059792142E0,1.828776449E-1,-1.397353224E-2,1.099556591E-2,1.837400203E-1
3.062152819E0,1.834885031E-1,-1.458439697E-2,1.038470119E-2,1.843599127E-1
3.064513444E0,1.816559136E-1,-1.397353224E-2,8.552107029E-3,1.823931717E-1
3.066874121E0,1.798233241E-1,-1.580612548E-2,7.941242307E-3,1.806912417E-1
3.069234746E0,1.773798615E-1,-1.519526169E-2,7.941242307E-3,1.782065503E-1
3.071595423E0,1.743255407E-1,-1.886045001E-2,6.108647678E-3,1.754492128E-1
3.073956048E0,1.731038094E-1,-2.008217946E-2,5.497782957E-3,1.743515081E-1
3.076316726E0,1.669951528E-1,-1.824958436E-2,6.719512399E-3,1.681237052E-1
3.078677403E0,1.608865112E-1,-2.069304511E-2,6.108647678E-3,1.623267913E-1
3.081038028E0,1.566104591E-1,-2.069304511E-2,4.886918236E-3,1.580472081E-1
3.083398653E0,1.511126757E-1,-1.886045001E-2,5.497782957E-3,1.523843264E-1
3.085759330E0,1.456148922E-1,-1.763872057E-2,5.497782957E-3,1.467823113E-1
3.088120007E0,1.382845193E-1,-1.519526169E-2,5.497782957E-3,1.392254642E-1
3.090480580E0,1.346193254E-1,-1.275180187E-2,5.497782957E-3,1.353336501E-1
3.092841309E0,1.242346242E-1,-1.030834299E-2,7.330377586E-3,1.248768923E-1
3.095201934E0,1.181259751E-1,-9.697478265E-3,7.330377586E-3,1.187498275E-1
3.097562611E0,1.120173261E-1,-7.254019380E-3,8.552107029E-3,1.125772653E-1
3.099923236E0,1.077412739E-1,-6.643154658E-3,9.162971750E-3,1.083340836E-1
3.102283913E0,1.040760875E-1,-5.421424750E-3,1.038470119E-2,1.047333082E-1
3.104644538E0,9.918916970E-2,-2.977965865E-3,1.160643063E-2,9.991030427E-2
3.107005215E0,9.796743840E-2,-1.145371469E-3,1.221729536E-2,9.873293862E-2
3.109365840E0,9.552398324E-2,1.908952487E-3,1.404988952E-2,9.657056937E-2
3.111726517E0,9.613484144E-2,5.574141163E-3,1.527161989E-2,9.749974955E-2
3.114087142E0,9.491311759E-2,6.795870606E-3,1.527161989E-2,9.637378337E-2
3.116447819E0,9.796743840E-2,7.406735327E-3,1.710421406E-2,9.972478555E-2
3.118808444E0,9.857830405E-2,8.017600514E-3,1.710421406E-2,1.003718989E-1
3.121169121E0,1.010217592E-1,9.239329956E-3,1.893680729E-2,1.031957544E-1
3.123529746E0,1.028543562E-1,9.239329956E-3,1.893680729E-2,1.049904113E-1
3.125890423E0,1.059086844E-1,7.406735327E-3,1.710421406E-2,1.075363348E-1
3.128251048E0,1.101847365E-1,2.519817324E-3,1.649334840E-2,1.114408192E-1
3.130611726E0,1.150716543E-1,7.635809743E-5,1.649334840E-2,1.162476752E-1
3.132972351E0,1.211803034E-1,-5.421424750E-3,1.404988952E-2,1.221124775E-1
3.135333028E0,1.254563481E-1,-8.475748822E-3,1.221729536E-2,1.263344604E-1
3.137693653E0,1.309541315E-1,-1.275180187E-2,1.038470119E-2,1.319827073E-1
3.140054278E0,1.364519149E-1,-1.580612548E-2,1.099556591E-2,1.378037052E-1
3.142414955E0,1.407279670E-1,-1.824958436E-2,7.330377586E-3,1.420955399E-1
3.144775632E0,1.456148922E-1,-2.191477455E-2,4.886918236E-3,1.473357939E-1
3.147136257E0,1.498909444E-1,-2.313650399E-2,4.886918236E-3,1.517447692E-1
3.149496934E0,1.529452652E-1,-2.252563834E-2,3.054323839E-3,1.546253130E-1
3.151857559E0,1.572213173E-1,-2.313650399E-2,6.108647794E-4,1.589157437E-1
3.154218236E0,1.608865112E-1,-2.191477455E-2,-6.108647794E-4,1.623733352E-1
3.156578861E0,1.639408320E-1,-2.069304511E-2,-2.443459118E-3,1.652597017E-1
3.158939538E0,1.651625633E-1,-1.641699113E-2,-1.832594397E-3,1.659865908E-1
3.161300163E0,1.645517051E-1,-1.519526169E-2,-3.665188793E-3,1.652924476E-1
3.163660840E0,1.633299738E-1,-1.519526169E-2,-4.886918236E-3,1.641080690E-1
3.166021465E0,1.633299738E-1,-1.519526169E-2,-5.497782957E-3,1.641273955E-1
3.168382142E0,1.614973694E-1,-1.580612548E-2,-6.719512399E-3,1.624080841E-1
3.170742819E0,1.584430486E-1,-1.580612548E-2,-7.330377586E-3,1.593981420E-1
3.173103444E0,1.596647799E-1,-1.702785492E-2,-7.330377586E-3,1.607374388E-1
3.175464069E0,1.566104591E-1,-1.702785492E-2,-7.941242307E-3,1.577334684E-1
3.177824746E0,1.517235339E-1,-1.641699113E-2,-6.719512399E-3,1.527569971E-1
3.180185371E0,1.511126757E-1,-1.824958436E-2,-7.330377586E-3,1.523870812E-1
3.182546048E0,1.492800862E-1,-1.824958436E-2,-5.497782957E-3,1.504919170E-1
3.184906726E0,1.468366235E-1,-1.947131567E-2,-4.886918236E-3,1.482025915E-1
3.187267351E0,1.468366235E-1,-2.008217946E-2,-2.443459118E-3,1.482236771E-1
3.189628028E0,1.443931609E-1,-2.069304511E-2,-0.000000000E0,1.458683895E-1
3.191988653E0,1.431714296E-1,-1.886045001E-2,2.443459118E-3,1.444290322E-1
3.194349330E0,1.413388401E-1,-2.069304511E-2,6.108647678E-3,1.429761708E-1
3.196709955E0,1.382845193E-1,-2.069304511E-2,7.941242307E-3,1.400495403E-1
3.199070632E0,1.340084672E-1,-2.069304511E-2,9.162971750E-3,1.359059655E-1
3.201431257E0,1.321758628E-1,-1.886045001E-2,1.221729536E-2,1.340725087E-1
3.203791934E0,1.315650046E-1,-1.886045001E-2,1.343902480E-2,1.335877030E-1
3.206152559E0,1.285106838E-1,-1.824958436E-2,1.527161989E-2,1.306953157E-1
3.208513236E0,1.254563481E-1,-1.580612548E-2,1.710421406E-2,1.275996983E-1
3.210873861E0,1.217911690E-1,-1.275180187E-2,1.893680729E-2,1.239124690E-1
3.213234486E0,1.217911690E-1,-1.275180187E-2,1.771507785E-2,1.237316503E-1
3.215595163E0,1.175151095E-1,-1.153007243E-2,1.893680729E-2,1.195882360E-1
3.217955840E0,1.175151095E-1,-9.697478265E-3,2.015853859E-2,1.196252846E-1
3.220316465E0,1.156825200E-1,-8.475748822E-3,2.076940238E-2,1.178373957E-1
3.222677142E0,1.132390574E-1,-8.475748822E-3,2.076940238E-2,1.154395535E-1
3.225037767E0,1.095738709E-1,-8.475748822E-3,2.015853859E-2,1.117346776E-1
3.227398444E0,1.052978188E-1,-7.864884101E-3,2.260199748E-2,1.079830419E-1
3.229759069E0,1.022434905E-1,-7.864884101E-3,2.199113183E-2,1.048770596E-1
3.232119746E0,9.857830405E-2,-8.475748822E-3,2.015853859E-2,1.009746851E-1
3.234480371E0,9.613484144E-2,-9.086613543E-3,2.076940238E-2,9.877166780E-2
3.236841048E0,9.246965498E-2,-9.697478265E-3,1.893680729E-2,9.488561981E-2
3.239201673E0,8.880446851E-2,-1.030834299E-2,1.893680729E-2,9.138434348E-2
3.241562351E0,8.391755074E-2,-1.153007243E-2,1.771507785E-2,8.653855716E-2
3.243922976E0,7.964149863E-2,-9.086613543E-3,1.588248461E-2,8.171651098E-2
3.246283653E0,7.719803602E-2,-4.199695308E-3,1.649334840E-2,7.905191172E-2
3.248644278E0,7.292198390E-2,1.298087649E-3,1.588248461E-2,7.464284349E-2
3.251004955E0,6.742420048E-2,4.963276442E-3,1.466075517E-2,6.917799263E-2
3.253365580E0,6.498073786E-2,1.046105940E-2,1.466075517E-2,6.743046640E-2
3.255726257E0,6.009382382E-2,1.168278884E-2,1.404988952E-2,6.281046578E-2
3.258086882E0,5.765036494E-2,1.473711245E-2,1.771507785E-2,6.208519182E-2
3.260447559E0,5.642863363E-2,1.534797717E-2,1.527161989E-2,6.043983348E-2
3.262808132E0,5.398517475E-2,1.656970754E-2,1.771507785E-2,5.918427395E-2
3.265168861E0,5.520690605E-2,1.901316643E-2,2.015853859E-2,6.177110693E-2
3.267529486E0,5.398517475E-2,1.718057133E-2,2.076940238E-2,6.034019555E-2
3.269890163E0,5.520690605E-2,1.534797717E-2,2.199113183E-2,6.137566910E-2
3.272250840E0,5.826122686E-2,1.534797717E-2,2.382372692E-2,6.478812332E-2
3.274611465E0,6.070468575E-2,1.473711245E-2,2.443459071E-2,6.707675140E-2
3.276972142E0,6.498073786E-2,1.290451828E-2,2.687804960E-2,7.149442241E-2
3.279332767E0,6.803506613E-2,1.229365356E-2,2.809977904E-2,7.462909435E-2
3.281693444E0,7.292198390E-2,1.168278884E-2,2.809977904E-2,7.901709228E-2
3.284054069E0,7.353284955E-2,8.628465235E-3,2.871064469E-2,7.940926579E-2
3.286414746E0,7.719803602E-2,8.017600514E-3,2.993237413E-2,8.318512910E-2
3.288775371E0,8.086322248E-2,4.963276442E-3,2.993237413E-2,8.636806056E-2
3.291136048E0,8.452841640E-2,3.130682046E-3,3.054323979E-2,8.993188447E-2
3.293496673E0,8.880446851E-2,1.908952487E-3,3.054323979E-2,9.392958652E-2
3.295857351E0,9.308052063E-2,1.908952487E-3,3.054323979E-2,9.798222756E-2
3.298217976E0,9.613484144E-2,4.352411721E-3,3.054323979E-2,1.009640566E-1
3.300578653E0,9.674570709E-2,4.352411721E-3,3.054323979E-2,1.015458755E-1
3.302939278E0,9.552398324E-2,5.574141163E-3,2.932151034E-2,1.000782364E-1
3.305299955E0,9.674570709E-2,7.406735327E-3,2.993237413E-2,1.015408223E-1
3.307660580E0,9.674570709E-2,8.017600514E-3,3.054323979E-2,1.017688717E-1
3.310021257E0,9.369138628E-2,1.046105940E-2,2.871064469E-2,9.854851976E-2
3.312381882E0,9.430225194E-2,1.168278884E-2,2.809977904E-2,9.909086667E-2
3.314742559E0,9.124792367E-2,1.229365356E-2,2.871064469E-2,9.644489935E-2
3.317103184E0,8.880446851E-2,1.107192412E-2,2.687804960E-2,9.344116160E-2
3.319463861E0,8.819360286E-2,1.229365356E-2,2.504545636E-2,9.250146154E-2
3.321824486E0,8.452841640E-2,1.168278884E-2,2.260199748E-2,8.827452081E-2
3.324185163E0,8.636100590E-2,1.168278884E-2,2.076940238E-2,8.958838636E-2
3.326545788E0,8.452841640E-2,1.046105940E-2,2.076940238E-2,8.766900831E-2
3.328906465E0,8.452841640E-2,9.239329956E-3,2.015853859E-2,8.738870107E-2
3.331267090E0,8.452841640E-2,7.406735327E-3,1.771507785E-2,8.668181407E-2
3.333627767E0,8.697187155E-2,3.741546767E-3,1.710421406E-2,8.871673885E-2
3.335988392E0,8.819360286E-2,2.519817324E-3,1.893680729E-2,9.023892583E-2
3.338349069E0,8.880446851E-2,-1.145371469E-3,1.832594350E-2,9.068288542E-2
3.340709694E0,8.941533417E-2,-1.756236190E-3,1.649334840E-2,9.094073285E-2
3.343070371E0,9.369138628E-2,-4.199695308E-3,1.466075517E-2,9.492444915E-2
3.345431048E0,9.185878932E-2,-4.810560029E-3,1.588248461E-2,9.334576574E-2
3.347791673E0,9.491311759E-2,-4.810560029E-3,1.527161989E-2,9.625416226E-2
3.350152351E0,9.735657275E-2,-4.810560029E-3,1.527161989E-2,9.866441161E-2
3.352512976E0,1.016326249E-1,-2.977965865E-3,1.527161989E-2,1.028167355E-1
3.354873653E0,1.004109010E-1,-5.345066893E-4,1.588248461E-2,1.016606515E-1
3.357234278E0,1.028543562E-1,-5.345066893E-4,1.466075517E-2,1.038953417E-1
3.359594955E0,1.040760875E-1,2.519817324E-3,1.649334840E-2,1.054049904E-1
3.361955580E0,1.022434905E-1,4.352411721E-3,1.588248461E-2,1.035612290E-1
3.364316257E0,1.028543562E-1,6.185005885E-3,1.527161989E-2,1.041657106E-1
3.366676882E0,1.028543562E-1,8.628465235E-3,1.527161989E-2,1.043393088E-1
3.369037559E0,1.022434905E-1,8.628465235E-3,1.710421406E-2,1.040227663E-1
3.371398184E0,1.034652218E-1,1.107192412E-2,1.954767294E-2,1.058761123E-1
3.373758861E0,1.028543562E-1,1.107192412E-2,2.015853859E-2,1.053943678E-1
3.376119486E0,9.980003536E-2,1.351538301E-2,2.015853859E-2,1.027087110E-1
3.378480163E0,1.004109010E-1,1.412624773E-2,2.199113183E-2,1.037569747E-1
3.380840788E0,9.613484144E-2,1.351538301E-2,2.443459071E-2,1.001080543E-1
3.383201465E0,9.613484144E-2,1.229365356E-2,2.504545636E-2,1.001015312E-1
3.385562090E0,9.185878932E-2,1.351538301E-2,2.321286127E-2,9.570548408E-2
3.387922767E0,9.002619982E-2,1.473711245E-2,2.199113183E-2,9.383767376E-2
3.390283392E0,8.575014025E-2,1.412624773E-2,2.138026804E-2,8.949722504E-2
3.392644069E0,8.513928205E-2,1.290451828E-2,1.954767294E-2,8.830252237E-2
3.395004746E0,8.330668509E-2,9.850194678E-3,1.832594350E-2,8.586541982E-2
3.397365371E0,8.208495378E-2,5.574141163E-3,1.588248461E-2,8.379298303E-2
3.399725996E0,8.147408813E-2,4.352411721E-3,1.527161989E-2,8.300718583E-2
3.402086673E0,7.964149863E-2,1.298087649E-3,1.466075517E-2,8.099006777E-2
3.404447351E0,8.086322248E-2,7.635809743E-5,1.282816008E-2,8.187446654E-2
3.406807976E0,8.269581944E-2,-5.345066893E-4,1.160643063E-2,8.350804441E-2
3.409168653E0,8.391755074E-2,7.635809743E-5,1.160643063E-2,8.471641155E-2
3.411529278E0,8.330668509E-2,2.519817324E-3,1.099556591E-2,8.406697169E-2
3.413889955E0,8.575014025E-2,4.963276442E-3,9.773836471E-3,8.644795281E-2
3.416250580E0,8.758273721E-2,4.963276442E-3,8.552107029E-3,8.813914286E-2
3.418611257E0,8.880446851E-2,6.795870606E-3,1.038470119E-2,8.966749413E-2
3.420971882E0,9.124792367E-2,9.850194678E-3,9.773836471E-3,9.229700856E-2
3.423332559E0,9.308052063E-2,1.351538301E-2,9.162971750E-3,9.450189919E-2
3.425693184E0,9.674570709E-2,1.534797717E-2,9.162971750E-3,9.838319112E-2
3.428053861E0,1.016326249E-1,1.473711245E-2,8.552107029E-3,1.030510138E-1
3.430414434E0,1.046869531E-1,1.412624773E-2,9.162971750E-3,1.060323964E-1
3.432775163E0,1.083521396E-1,1.107192412E-2,1.099556591E-2,1.094699782E-1
3.435135788E0,1.132390574E-1,8.628465235E-3,1.282816008E-2,1.142895280E-1
3.437496465E0,1.205694377E-1,6.795870606E-3,1.404988952E-2,1.215753781E-1
3.439857090E0,1.217911690E-1,4.963276442E-3,1.466075517E-2,1.227707649E-1
3.442217767E0,1.309541315E-1,3.741546767E-3,1.466075517E-2,1.318253446E-1
3.444578392E0,1.364519149E-1,-5.345066893E-4,1.527161989E-2,1.373048912E-1
3.446939069E0,1.407279670E-1,-2.977965865E-3,1.466075517E-2,1.415209056E-1
3.449299746E0,1.468366235E-1,-4.199695308E-3,1.527161989E-2,1.476883673E-1
3.451660371E0,1.498909444E-1,-6.643154658E-3,1.282816008E-2,1.505854853E-1
3.454020996E0,1.535561383E-1,-7.864884101E-3,1.221729536E-2,1.542420381E-1
3.456381673E0,1.559995860E-1,-7.254019380E-3,1.160643063E-2,1.565988533E-1
3.458742298E0,1.584430486E-1,-5.421424750E-3,9.773836471E-3,1.588367696E-1
3.461102976E0,1.572213173E-1,-2.977965865E-3,9.773836471E-3,1.575529713E-1
3.463463653E0,1.584430486E-1,-5.345066893E-4,8.552107029E-3,1.586745849E-1
3.465824278E0,1.547778696E-1,1.908952487E-3,8.552107029E-3,1.550257125E-1
3.468184955E0,1.541669965E-1,4.963276442E-3,6.719512399E-3,1.543931629E-1
3.470545580E0,1.535561383E-1,8.017600514E-3,6.108647678E-3,1.538865982E-1
3.472906257E0,1.535561383E-1,1.168278884E-2,6.108647678E-3,1.541210263E-1
3.475266882E0,1.523344070E-1,1.656970754E-2,5.497782957E-3,1.533315114E-1
3.477627559E0,1.523344070E-1,1.962403022E-2,6.108647678E-3,1.537146372E-1
3.479988184E0,1.511126757E-1,2.390008420E-2,6.719512399E-3,1.531385210E-1
3.482348861E0,1.517235339E-1,2.512181364E-2,7.941242307E-3,1.539941544E-1
3.484709486E0,1.523344070E-1,2.451094985E-2,9.773836471E-3,1.546029951E-1
3.487070163E0,1.535561383E-1,2.573267929E-2,1.099556591E-2,1.560851077E-1
3.489430788E0,1.566104591E-1,2.512181364E-2,1.160643063E-2,1.590366330E-1
3.491791465E0,1.584430486E-1,2.206749097E-2,1.282816008E-2,1.604859355E-1
3.494152090E0,1.596647799E-1,2.023489587E-2,1.404988952E-2,1.615539921E-1
3.496512767E0,1.621082425E-1,1.840230078E-2,1.710421406E-2,1.640435342E-1
3.498873392E0,1.651625633E-1,1.595884189E-2,1.893680729E-2,1.670088609E-1
3.501234069E0,1.682168841E-1,1.290451828E-2,2.076940238E-2,1.699847487E-1
3.503594694E0,1.712712198E-1,1.168278884E-2,2.260199748E-2,1.731507106E-1
3.505955371E0,1.712712198E-1,8.017600514E-3,2.321286127E-2,1.730229742E-1
3.508315996E0,1.773798615E-1,4.352411721E-3,2.443459071E-2,1.791078110E-1
3.510676673E0,1.786015928E-1,1.908952487E-3,2.687804960E-2,1.806228186E-1
3.513037298E0,1.816559136E-1,7.635809743E-5,2.626718581E-2,1.835452038E-1
3.515397976E0,1.834885031E-1,-1.756236190E-3,2.809977904E-2,1.856359683E-1
3.517758653E0,1.828776449E-1,-1.145371469E-3,2.809977904E-2,1.850274100E-1
3.520119278E0,1.859319657E-1,6.872228696E-4,2.871064469E-2,1.881368365E-1
3.522479955E0,1.847102344E-1,2.519817324E-3,2.993237413E-2,1.871367607E-1
3.524840580E0,1.871536970E-1,3.741546767E-3,3.176496923E-2,1.898671081E-1
3.527201257E0,1.877645552E-1,5.574141163E-3,3.359756246E-2,1.908281831E-1
3.529561882E0,1.889862865E-1,6.185005885E-3,3.481929377E-2,1.922666222E-1
3.531922559E0,1.877645552E-1,7.406735327E-3,3.604102135E-2,1.913356818E-1
3.534283184E0,1.902080178E-1,9.239329956E-3,3.543015569E-2,1.937001580E-1
3.536643861E0,1.908188909E-1,8.628465235E-3,3.665188700E-2,1.944984842E-1
3.539004486E0,1.889862865E-1,1.046105940E-2,3.665188700E-2,1.927916261E-1
3.541365163E0,1.902080178E-1,1.168278884E-2,3.543015569E-2,1.938320756E-1
3.543725788E0,1.914297491E-1,1.351538301E-2,3.604102135E-2,1.952612856E-1
3.546086465E0,1.926514804E-1,1.290451828E-2,3.543015569E-2,1.963069419E-1
3.548447090E0,1.938732117E-1,1.351538301E-2,3.604102135E-2,1.976573880E-1
3.550807767E0,1.944840699E-1,1.534797717E-2,3.359756246E-2,1.979606276E-1
3.553168444E0,1.975383908E-1,1.779143699E-2,3.298669681E-2,2.010623615E-1
3.555529069E0,1.975383908E-1,1.962403022E-2,3.298669681E-2,2.012328019E-1
3.557889746E0,1.981492639E-1,2.084576152E-2,3.237583488E-2,2.018560656E-1
3.560250371E0,1.981492639E-1,2.206749097E-2,2.993237413E-2,2.016086604E-1
3.562611048E0,2.005927265E-1,2.390008420E-2,2.809977904E-2,2.039564991E-1
3.564971673E0,1.987601221E-1,2.573267929E-2,2.565632015E-2,2.020544572E-1
3.567332298E0,2.012035847E-1,2.451094985E-2,1.954767294E-2,2.036314825E-1
3.569692976E0,2.048687786E-1,2.328922041E-2,1.710421406E-2,2.068964919E-1
3.572053653E0,2.060905099E-1,2.206749097E-2,1.343902480E-2,2.077038271E-1
3.574414278E0,2.097556889E-1,2.084576152E-2,1.221729536E-2,2.111427411E-1
3.576774955E0,2.097556889E-1,1.901316643E-2,8.552107029E-3,2.107892029E-1
3.579135580E0,2.140317410E-1,1.656970754E-2,6.719512399E-3,2.147773108E-1
3.581496257E0,2.189186662E-1,1.351538301E-2,5.497782957E-3,2.194043610E-1
3.583856882E0,2.195295244E-1,1.229365356E-2,4.276053514E-3,2.199150533E-1
3.586217559E0,2.219729871E-1,9.850194678E-3,3.054323839E-3,2.222124259E-1
3.588578184E0,2.256381810E-1,8.017600514E-3,1.221729559E-3,2.257838862E-1
3.590938861E0,2.274707705E-1,4.963276442E-3,6.108647794E-4,2.275257319E-1
3.593299486E0,2.286925018E-1,4.352411721E-3,-0.000000000E0,2.287339150E-1
3.595660163E0,2.329685539E-1,1.298087649E-3,1.832594397E-3,2.329793779E-1
3.598020788E0,2.354120165E-1,-5.345066893E-4,1.832594397E-3,2.354197562E-1
3.600381465E0,2.384663373E-1,-4.199695308E-3,1.221729559E-3,2.385064446E-1
3.602742090E0,2.439641207E-1,-7.254019380E-3,1.832594397E-3,2.440788221E-1
3.605102767E0,2.470184416E-1,-9.697478265E-3,2.443459118E-3,2.472207961E-1
3.607463392E0,2.519053519E-1,-9.697478265E-3,2.443459118E-3,2.521037839E-1
3.609824069E0,2.567922771E-1,-7.254019380E-3,2.443459118E-3,2.569063348E-1
3.612184746E0,2.567922771E-1,-6.643154658E-3,1.832594397E-3,2.568847280E-1
3.614545371E0,2.580140233E-1,-6.643154658E-3,-0.000000000E0,2.580995307E-1
3.616906048E0,2.598465979E-1,-7.254019380E-3,-1.221729559E-3,2.599507028E-1
3.619266673E0,2.598465979E-1,-9.086613543E-3,-1.832594397E-3,2.600118832E-1
3.621627351E0,2.592357397E-1,-1.030834299E-2,-4.276053514E-3,2.594758473E-1
3.623987976E0,2.586248815E-1,-9.086613543E-3,-7.330377586E-3,2.588882584E-1
3.626348653E0,2.555705607E-1,-7.254019380E-3,-9.773836471E-3,2.558602356E-1
3.628709278E0,2.506836355E-1,-6.032289471E-3,-9.773836471E-3,2.509466108E-1
3.631069955E0,2.439641207E-1,-4.199695308E-3,-1.221729536E-2,2.443059393E-1
3.633430580E0,2.390772104E-1,7.635809743E-5,-1.038470119E-2,2.393026544E-1
3.635791257E0,2.299142331E-1,1.908952487E-3,-1.282816008E-2,2.302797437E-1
3.638151882E0,2.244164497E-1,4.963276442E-3,-1.343902480E-2,2.248732629E-1
3.640512559E0,2.146426141E-1,8.628465235E-3,-1.527161989E-2,2.153581310E-1
3.642873184E0,2.060905099E-1,1.046105940E-2,-1.466075517E-2,2.068759768E-1
3.645233861E0,1.981492639E-1,1.229365356E-2,-1.404988952E-2,1.990267924E-1
3.647594486E0,1.895971596E-1,1.412624773E-2,-1.343902480E-2,1.905970650E-1
3.649955163E0,1.798233241E-1,1.473711245E-2,-1.343902480E-2,1.809260008E-1
3.652315788E0,1.718820781E-1,1.656970754E-2,-1.343902480E-2,1.732010720E-1
3.654676465E0,1.633299738E-1,1.840230078E-2,-1.038470119E-2,1.646911262E-1
3.657037090E0,1.559995860E-1,2.023489587E-2,-1.099556591E-2,1.576902797E-1
3.659397767E0,1.492800862E-1,2.390008420E-2,-8.552107029E-3,1.514229067E-1
3.661758444E0,1.425605714E-1,2.634354308E-2,-7.330377586E-3,1.451593374E-1
3.664119069E0,1.340084672E-1,2.756527252E-2,-6.719512399E-3,1.369790691E-1
3.666479746E0,1.272889525E-1,3.000873141E-2,-5.497782957E-3,1.308939533E-1
3.668840371E0,1.205694377E-1,3.061959706E-2,-3.665188793E-3,1.244507238E-1
3.671201048E0,1.138499230E-1,3.245219216E-2,-3.054323839E-3,1.184241472E-1
3.673561673E0,1.089630052E-1,3.184132650E-2,-1.832594397E-3,1.135348624E-1
3.675922351E0,1.040760875E-1,3.184132650E-2,-1.221729559E-3,1.088448193E-1
3.678282976E0,9.796743840E-2,3.184132650E-2,1.832594397E-3,1.030283818E-1
3.680643653E0,9.674570709E-2,3.245219216E-2,2.443459118E-3,1.020727540E-1
3.683004278E0,9.491311759E-2,3.428478539E-2,3.665188793E-3,1.009820777E-1
3.685364955E0,9.430225194E-2,3.550651670E-2,5.497782957E-3,1.009150785E-1
3.687725580E0,9.491311759E-2,3.550651670E-2,6.719512399E-3,1.015596596E-1
3.690086257E0,9.735657275E-2,3.672824427E-2,8.552107029E-3,1.044050033E-1
3.692446882E0,9.918916970E-2,3.550651670E-2,1.221729536E-2,1.060587876E-1
3.694807559E0,1.034652218E-1,3.428478539E-2,1.282816008E-2,1.097499901E-1
3.697168184E0,1.089630052E-1,3.306305781E-2,1.343902480E-2,1.146591021E-1
3.699528861E0,1.120173261E-1,3.245219216E-2,1.282816008E-2,1.173268418E-1
3.701889538E0,1.199585721E-1,3.061959706E-2,1.343902480E-2,1.245320285E-1
3.704250163E0,1.236237586E-1,2.634354308E-2,1.466075517E-2,1.272468219E-1
3.706610840E0,1.315650046E-1,2.390008420E-2,1.527161989E-2,1.345874691E-1
3.708971465E0,1.370627880E-1,2.206749097E-2,1.710421406E-2,1.398775756E-1
3.711332142E0,1.401171088E-1,1.901316643E-2,1.588248461E-2,1.422904002E-1
3.713692767E0,1.462257504E-1,1.656970754E-2,1.649334840E-2,1.480829357E-1
3.716053444E0,1.492800862E-1,1.534797717E-2,1.832594350E-2,1.511818267E-1
3.718414069E0,1.523344070E-1,1.534797717E-2,1.588248461E-2,1.539272077E-1
3.720774746E0,1.547778696E-1,1.351538301E-2,1.282816008E-2,1.558955297E-1
3.723135371E0,1.566104591E-1,1.290451828E-2,1.160643063E-2,1.575692601E-1
3.725496048E0,1.566104591E-1,1.046105940E-2,7.941242307E-3,1.571602144E-1
3.727856673E0,1.596647799E-1,4.963276442E-3,4.276053514E-3,1.597991261E-1
3.730217351E0,1.627191007E-1,-2.367100911E-3,1.221729559E-3,1.627409031E-1
3.732577976E0,1.633299738E-1,-1.091920771E-2,6.108647794E-4,1.636957012E-1
3.734938653E0,1.688277572E-1,-2.008217946E-2,-3.054323839E-3,1.700453894E-1
3.737299278E0,1.731038094E-1,-2.863428742E-2,-5.497782957E-3,1.755422366E-1
3.739659955E0,1.786015928E-1,-3.779725730E-2,-6.108647678E-3,1.826594569E-1
3.742020580E0,1.847102344E-1,-4.573849961E-2,-6.108647678E-3,1.903869655E-1
3.744381257E0,1.920406222E-1,-5.367974192E-2,-6.108647678E-3,1.994954407E-1
3.746741882E0,2.018144578E-1,-6.039925665E-2,-6.108647678E-3,2.107473870E-1
3.749102559E0,2.097556889E-1,-6.711876392E-2,-6.108647678E-3,2.203172555E-1
3.751463236E0,2.189186662E-1,-7.261654735E-2,-4.886918236E-3,2.306998642E-1
3.753823861E0,2.256381810E-1,-7.506000996E-2,-5.497782957E-3,2.378588225E-1
3.756184538E0,2.323576957E-1,-7.689260691E-2,-4.886918236E-3,2.447988025E-1
3.758545163E0,2.384663373E-1,-7.994692773E-2,-4.886918236E-3,2.515583178E-1
3.760905840E0,2.433532625E-1,-8.300124854E-2,-4.886918236E-3,2.571651213E-1
3.763266465E0,2.482401729E-1,-8.849903196E-2,-7.330377586E-3,2.636455888E-1
3.765627142E0,2.500727773E-1,-9.033162892E-2,-7.330377586E-3,2.659885929E-1
3.767987767E0,2.537379563E-1,-9.338594973E-2,-8.552107029E-3,2.705125221E-1
3.770348444E0,2.549596727E-1,-9.399681538E-2,-7.941242307E-3,2.718508770E-1
3.772709069E0,2.561814189E-1,-9.094249457E-2,-8.552107029E-3,2.719790346E-1
3.775069746E0,2.555705607E-1,-8.910989761E-2,-8.552107029E-3,2.707951696E-1
3.777430371E0,2.555705607E-1,-8.605557680E-2,-9.162971750E-3,2.698255619E-1
3.779791048E0,2.525162399E-1,-8.116865903E-2,-9.162971750E-3,2.653992514E-1
3.782151673E0,2.512944937E-1,-7.628174126E-2,-9.162971750E-3,2.627770665E-1
3.784512298E0,2.506836355E-1,-7.078395784E-2,-9.162971750E-3,2.606465304E-1
3.786872976E0,2.464075834E-1,-6.589704007E-2,-9.773836471E-3,2.552540791E-1
3.789233653E0,2.476293147E-1,-6.039925665E-2,-9.773836471E-3,2.550762152E-1
3.791594278E0,2.433532625E-1,-5.429060757E-2,-1.282816008E-2,2.496654605E-1
3.793954955E0,2.390772104E-1,-4.940368980E-2,-1.282816008E-2,2.444651280E-1
3.796315632E0,2.354120165E-1,-4.512763396E-2,-1.588248461E-2,2.402240083E-1
3.798676257E0,2.366337478E-1,-4.268417507E-2,-1.649334840E-2,2.410176341E-1
3.801036934E0,2.305250913E-1,-4.207331315E-2,-1.771507785E-2,2.350017136E-1
3.803397559E0,2.274707705E-1,-3.962985426E-2,-1.771507785E-2,2.315756912E-1
3.805758236E0,2.231947184E-1,-3.901898861E-2,-1.893680729E-2,2.273696691E-1
3.808118861E0,2.201403975E-1,-3.962985426E-2,-1.893680729E-2,2.244792254E-1
3.810479538E0,2.176969349E-1,-3.840812296E-2,-1.771507785E-2,2.217678141E-1
3.812840163E0,2.140317410E-1,-3.718639165E-2,-1.771507785E-2,2.179592574E-1
3.815200840E0,2.121991515E-1,-3.657552972E-2,-1.649334840E-2,2.159589772E-1
3.817561465E0,2.079230994E-1,-3.596466407E-2,-1.404988952E-2,2.114778280E-1
3.819922090E0,2.073122412E-1,-3.413207084E-2,-1.160643063E-2,2.104235558E-1
3.822282767E0,2.060905099E-1,-3.596466407E-2,-1.038470119E-2,2.094626395E-1
3.824643444E0,2.054796368E-1,-3.657552972E-2,-7.941242307E-3,2.088605129E-1
3.827004069E0,2.042579055E-1,-3.779725730E-2,-7.330377586E-3,2.078548990E-1
3.829364746E0,1.999818534E-1,-3.718639165E-2,-4.276053514E-3,2.034547960E-1
3.831725423E0,1.975383908E-1,-3.779725730E-2,-3.054323839E-3,2.011451649E-1
3.834086048E0,1.926514804E-1,-3.657552972E-2,-2.443459118E-3,1.961079621E-1
3.836446726E0,1.871536970E-1,-3.596466407E-2,-6.108647794E-4,1.905789509E-1
3.838807351E0,1.798233241E-1,-3.229947388E-2,6.108647794E-4,1.827020992E-1
3.841168028E0,1.755472720E-1,-2.924515121E-2,2.443459118E-3,1.779834095E-1
3.843528653E0,1.682168841E-1,-2.619082667E-2,6.108647678E-3,1.703531482E-1
3.845889330E0,1.621082425E-1,-2.130390890E-2,7.330377586E-3,1.636663474E-1
3.848249955E0,1.547778696E-1,-1.397353224E-2,7.330377586E-3,1.555801496E-1
3.850610632E0,1.492800862E-1,-7.254019380E-3,7.330377586E-3,1.496358893E-1
3.852971257E0,1.443931609E-1,7.635809743E-5,6.108647678E-3,1.445223385E-1
3.855331934E0,1.388953775E-1,9.239329956E-3,6.108647678E-3,1.393363079E-1
3.857692559E0,1.340084672E-1,1.718057133E-2,4.886918236E-3,1.351936510E-1
3.860053236E0,1.315650046E-1,2.695440874E-2,3.054323839E-3,1.343324960E-1
3.862413861E0,1.266780794E-1,3.489565104E-2,1.221729559E-3,1.314021875E-1
3.864774538E0,1.260672212E-1,4.283689335E-2,1.832594397E-3,1.331589354E-1
3.867135163E0,1.242346242E-1,4.833467677E-2,1.221729559E-3,1.333115728E-1
3.869495840E0,1.236237586E-1,5.322159454E-2,2.443459118E-3,1.346155351E-1
3.871856517E0,1.224020272E-1,5.566505343E-2,1.832594397E-3,1.344775552E-1
3.874217142E0,1.254563481E-1,5.627591908E-2,1.832594397E-3,1.375123003E-1
3.876577767E0,1.260672212E-1,5.749764666E-2,3.054323839E-3,1.385938401E-1
3.878938444E0,1.297324002E-1,5.444332212E-2,4.276053514E-3,1.407581458E-1
3.881299121E0,1.321758628E-1,5.138900131E-2,5.497782957E-3,1.419208011E-1
3.883659746E0,1.364519149E-1,4.650207981E-2,4.276053514E-3,1.442215419E-1
3.886020423E0,1.388953775E-1,4.344775900E-2,4.276053514E-3,1.455950490E-1
3.888381048E0,1.419496983E-1,4.039343446E-2,8.552107029E-3,1.478326247E-1
3.890741726E0,1.456148922E-1,3.733910993E-2,8.552107029E-3,1.505690689E-1
3.893102351E0,1.474474818E-1,3.428478539E-2,1.038470119E-2,1.517367734E-1
3.895463028E0,1.498909444E-1,3.061959706E-2,1.099556591E-2,1.533810855E-1
3.897823653E0,1.505018175E-1,2.573267929E-2,1.343902480E-2,1.532761405E-1
3.900184330E0,1.517235339E-1,2.206749097E-2,1.466075517E-2,1.540192930E-1
3.902544955E0,1.498909444E-1,1.840230078E-2,1.771507785E-2,1.520518460E-1
3.904905632E0,1.492800862E-1,1.412624773E-2,1.893680729E-2,1.511380087E-1
3.907266257E0,1.474474818E-1,1.107192412E-2,2.138026804E-2,1.494003455E-1
3.909626934E0,1.456148922E-1,8.628465235E-3,2.199113183E-2,1.475186671E-1
3.911987611E0,1.407279670E-1,6.185005885E-3,2.504545636E-2,1.430730229E-1
3.914348236E0,1.388953775E-1,4.963276442E-3,2.748891525E-2,1.416763935E-1
3.916708861E0,1.327867359E-1,6.185005885E-3,2.809977904E-2,1.358682049E-1
3.919069538E0,1.297324002E-1,9.239329956E-3,3.054323979E-2,1.335992155E-1
3.921430215E0,1.242346242E-1,1.107192412E-2,3.054323979E-2,1.284123002E-1
3.923790840E0,1.224020272E-1,1.351538301E-2,3.237583488E-2,1.273307368E-1
3.926151517E0,1.205694377E-1,1.595884189E-2,3.359756246E-2,1.261763455E-1
3.928512142E0,1.181259751E-1,1.901316643E-2,3.481929377E-2,1.246099102E-1
3.930872819E0,1.156825200E-1,2.267835476E-2,3.604102135E-2,1.232708742E-1
3.933233444E0,1.138499230E-1,2.573267929E-2,3.787361458E-2,1.227126173E-1
3.935594121E0,1.107956022E-1,2.878700197E-2,3.726275265E-2,1.203863351E-1
3.937954746E0,1.089630052E-1,3.123046272E-2,3.848448023E-2,1.197051943E-1
3.940315423E0,1.059086844E-1,3.306305781E-2,3.909534588E-2,1.176361394E-1
3.942676048E0,1.040760875E-1,3.550651670E-2,3.909534588E-2,1.167090004E-1
3.945036726E0,1.022434905E-1,3.733910993E-2,3.665188700E-2,1.148533905E-1
3.947397351E0,1.034652218E-1,3.978256881E-2,3.543015569E-2,1.163743994E-1
3.949758028E0,1.010217592E-1,4.039343446E-2,3.420842811E-2,1.140492961E-1
3.952118705E0,9.980003536E-2,4.161516204E-2,3.115410358E-2,1.125275386E-1
3.954479330E0,9.796743840E-2,4.344775900E-2,2.687804960E-2,1.104887157E-1
3.956839955E0,9.796743840E-2,4.344775900E-2,2.321286127E-2,1.096547476E-1
3.959200632E0,1.010217592E-1,3.978256881E-2,2.138026804E-2,1.106578713E-1
3.961561309E0,1.022434905E-1,3.672824427E-2,1.710421406E-2,1.099784043E-1
3.963921934E0,1.028543562E-1,3.245219216E-2,1.588248461E-2,1.090156717E-1
3.966282611E0,1.022434905E-1,2.695440874E-2,1.527161989E-2,1.068339547E-1
3.968643236E0,1.059086844E-1,2.267835476E-2,1.038470119E-2,1.088062463E-1
3.971003913E0,1.077412739E-1,1.840230078E-2,9.162971750E-3,1.096849435E-1
3.973364538E0,1.052978188E-1,1.779143699E-2,7.330377586E-3,1.070415821E-1
3.975725215E0,1.065195426E-1,1.656970754E-2,4.886918236E-3,1.079113068E-1
3.978085840E0,1.065195426E-1,1.534797717E-2,3.665188793E-3,1.076819714E-1
3.980446517E0,1.065195426E-1,1.534797717E-2,1.221729559E-3,1.076265116E-1
3.982807142E0,1.071304083E-1,1.718057133E-2,-1.832594397E-3,1.085147677E-1
3.985167819E0,1.083521396E-1,1.718057133E-2,-3.054323839E-3,1.097482896E-1
3.987528444E0,1.065195426E-1,1.595884189E-2,-2.443459118E-3,1.077361039E-1
3.989889121E0,1.052978188E-1,1.595884189E-2,-3.665188793E-3,1.065633562E-1
3.992249746E0,1.046869531E-1,1.473711245E-2,-5.497782957E-3,1.058620152E-1
3.994610423E0,1.059086844E-1,1.168278884E-2,-5.497782957E-3,1.066928424E-1
3.996971101E0,1.083521396E-1,1.168278884E-2,-6.108647678E-3,1.091512221E-1
3.999331726E0,1.089630052E-1,9.850194678E-3,-6.108647678E-3,1.095777278E-1
4.001692403E0,1.101847365E-1,9.239329956E-3,-4.886918236E-3,1.106793719E-1
4.004053028E0,1.107956022E-1,6.185005885E-3,-5.497782957E-3,1.111042096E-1
4.006413705E0,1.107956022E-1,3.130682046E-3,-3.665188793E-3,1.109004069E-1
4.008774330E0,1.144607887E-1,1.298087649E-3,-2.443459118E-3,1.144942255E-1
4.011135007E0,1.169042438E-1,7.635809743E-5,-1.221729559E-3,1.169106525E-1
4.013495632E0,1.193477064E-1,-1.145371469E-3,-6.108647794E-4,1.193547656E-1
4.015856309E0,1.230128929E-1,-2.977965865E-3,1.221729559E-3,1.230549988E-1
4.018216934E0,1.260672212E-1,-2.977965865E-3,1.221729559E-3,1.261083072E-1
4.020577611E0,1.333975941E-1,-4.199695308E-3,2.443459118E-3,1.334860519E-1
4.022938236E0,1.388953775E-1,-5.421424750E-3,3.665188793E-3,1.390494565E-1
4.025298913E0,1.480583549E-1,-7.254019380E-3,4.276053514E-3,1.482976125E-1
4.027659538E0,1.553887278E-1,-7.864884101E-3,4.886918236E-3,1.556643668E-1
4.030020215E0,1.639408320E-1,-9.086613543E-3,6.719512399E-3,1.643298962E-1
4.032380840E0,1.743255407E-1,-1.030834299E-2,6.719512399E-3,1.747592856E-1
4.034741517E0,1.810450554E-1,-1.153007243E-2,7.941242307E-3,1.815855666E-1
4.037102194E0,1.883754283E-1,-1.214093715E-2,8.552107029E-3,1.889598976E-1
4.039462819E0,1.950949430E-1,-1.275180187E-2,9.162971750E-3,1.957258422E-1
4.041823444E0,2.018144578E-1,-1.397353224E-2,7.941242307E-3,2.024534472E-1
4.044184121E0,2.060905099E-1,-1.580612548E-2,7.941242307E-3,2.068482420E-1
4.046544798E0,2.091448307E-1,-1.886045001E-2,7.941242307E-3,2.101436178E-1
4.048905423E0,2.128100246E-1,-1.886045001E-2,1.038470119E-2,2.138963889E-1
4.051266101E0,2.146426141E-1,-2.069304511E-2,1.099556591E-2,2.159179390E-1
4.053626726E0,2.158643454E-1,-1.947131567E-2,1.099556591E-2,2.170194697E-1
4.055987403E0,2.134208828E-1,-2.008217946E-2,1.038470119E-2,2.146150255E-1
4.058348028E0,2.128100246E-1,-1.886045001E-2,8.552107029E-3,2.138152513E-1
4.060708705E0,2.091448307E-1,-1.519526169E-2,8.552107029E-3,2.098704236E-1
4.063069330E0,2.036470473E-1,-1.091920771E-2,8.552107029E-3,2.041188073E-1
4.065430007E0,1.981492639E-1,-8.475748822E-3,6.719512399E-3,1.984442514E-1
4.067790632E0,1.908188909E-1,-2.977965865E-3,6.719512399E-3,1.909603866E-1
4.070151309E0,1.859319657E-1,1.298087649E-3,7.330377586E-3,1.860809376E-1
4.072511986E0,1.786015928E-1,3.741546767E-3,6.719512399E-3,1.787671110E-1
4.074872611E0,1.731038094E-1,7.406735327E-3,5.497782957E-3,1.733493991E-1
4.077233288E0,1.663842946E-1,7.406735327E-3,4.276053514E-3,1.666039551E-1
4.079593913E0,1.627191007E-1,8.017600514E-3,4.886918236E-3,1.629897838E-1
4.081954590E0,1.614973694E-1,9.239329956E-3,5.497782957E-3,1.618548460E-1
4.084315215E0,1.572213173E-1,6.795870606E-3,4.886918236E-3,1.574439851E-1
4.086675892E0,1.566104591E-1,7.406735327E-3,3.665188793E-3,1.568283432E-1
4.089036517E0,1.559995860E-1,9.239329956E-3,3.665188793E-3,1.563159290E-1
4.091397194E0,1.578321904E-1,9.850194678E-3,3.054323839E-3,1.581687566E-1
4.093757767E0,1.602756530E-1,9.239329956E-3,4.276053514E-3,1.605986762E-1
4.096118496E0,1.627191007E-1,8.017600514E-3,4.886918236E-3,1.629897838E-1
4.098479121E0,1.657734364E-1,6.185005885E-3,4.886918236E-3,1.659607438E-1
4.100839798E0,1.676060259E-1,1.908952487E-3,6.108647678E-3,1.677281718E-1
4.103200423E0,1.718820781E-1,-5.345066893E-4,6.108647678E-3,1.719914243E-1
4.105561101E0,1.737146676E-1,-6.032289471E-3,6.719512399E-3,1.739492055E-1
4.107921726E0,1.767689884E-1,-1.030834299E-2,6.719512399E-3,1.771967523E-1
4.110282403E0,1.761581302E-1,-1.214093715E-2,8.552107029E-3,1.767829961E-1
4.112643080E0,1.798233241E-1,-1.397353224E-2,9.773836471E-3,1.806300511E-1
4.115003705E0,1.804341823E-1,-1.458439697E-2,9.162971750E-3,1.812544036E-1
4.117364382E0,1.822667718E-1,-1.275180187E-2,1.038470119E-2,1.830071763E-1
4.119725007E0,1.834885031E-1,-1.030834299E-2,1.038470119E-2,1.840710046E-1
4.122085684E0,1.786015928E-1,-6.643154658E-3,9.773836471E-3,1.789921460E-1
4.124446309E0,1.773798615E-1,-2.977965865E-3,7.941242307E-3,1.775825072E-1
4.126806986E0,1.773798615E-1,2.519817324E-3,1.099556591E-2,1.777381985E-1
4.129167611E0,1.731038094E-1,6.185005885E-3,7.941242307E-3,1.733962123E-1
4.131528288E0,1.694386154E-1,9.239329956E-3,9.162971750E-3,1.699375464E-1
4.133888913E0,1.639408320E-1,1.046105940E-2,7.330377586E-3,1.644377226E-1
4.136249590E0,1.584430486E-1,1.290451828E-2,8.552107029E-3,1.591975652E-1
4.138610215E0,1.529452652E-1,1.595884189E-2,1.221729536E-2,1.542601733E-1
4.140970892E0,1.462257504E-1,1.718057133E-2,1.588248461E-2,1.480857706E-1
4.143331517E0,1.425605714E-1,2.084576152E-2,1.832594350E-2,1.452374005E-1
4.145692194E0,1.376736462E-1,2.512181364E-2,1.832594350E-2,1.411416968E-1
4.148052819E0,1.315650046E-1,2.634354308E-2,2.015853859E-2,1.356823473E-1
4.150413444E0,1.260672212E-1,2.939786762E-2,2.199113183E-2,1.313041841E-1
4.152774173E0,1.230128929E-1,3.367391974E-2,2.382372692E-2,1.297446517E-1
4.155134798E0,1.205694377E-1,3.672824427E-2,2.687804960E-2,1.288735147E-1
4.157495476E0,1.181259751E-1,3.917170316E-2,2.871064469E-2,1.277202781E-1
4.159856101E0,1.162933856E-1,4.283689335E-2,2.993237413E-2,1.274954822E-1
4.162216778E0,1.175151095E-1,4.466948658E-2,3.054323979E-2,1.293756294E-1
4.164577403E0,1.175151095E-1,4.650207981E-2,2.993237413E-2,1.298776016E-1
4.166938080E0,1.217911690E-1,4.711294547E-2,3.237583488E-2,1.345396342E-1
4.169298705E0,1.230128929E-1,4.650207981E-2,3.481929377E-2,1.360404295E-1
4.171659382E0,1.248454899E-1,4.466948658E-2,3.604102135E-2,1.374071126E-1
4.174020007E0,1.254563481E-1,4.222602770E-2,3.787361458E-2,1.376834898E-1
4.176380684E0,1.285106838E-1,4.039343446E-2,3.726275265E-2,1.397681585E-1
4.178741361E0,1.309541315E-1,3.856083751E-2,3.787361458E-2,1.416698042E-1
4.181101986E0,1.309541315E-1,3.672824427E-2,3.787361458E-2,1.411820072E-1
4.183462611E0,1.333975941E-1,3.489565104E-2,3.665188700E-2,1.426744034E-1
4.185823288E0,1.321758628E-1,3.611737862E-2,3.543015569E-2,1.415281586E-1
4.188183965E0,1.321758628E-1,3.917170316E-2,3.298669681E-2,1.417497908E-1
4.190544590E0,1.297324002E-1,4.405862093E-2,3.237583488E-2,1.407829976E-1
4.192905267E0,1.285106838E-1,4.650207981E-2,3.176496923E-2,1.403084194E-1
4.195265892E0,1.285106838E-1,4.955640435E-2,3.237583488E-2,1.414886135E-1
4.197626569E0,1.248454899E-1,5.138900131E-2,3.481929377E-2,1.394259983E-1
4.199987194E0,1.248454899E-1,5.444332212E-2,3.481929377E-2,1.405804214E-1
4.202347871E0,1.242346242E-1,5.627591908E-2,3.481929377E-2,1.407608047E-1
4.204708444E0,1.236237586E-1,5.810851231E-2,3.481929377E-2,1.409674292E-1
4.207069173E0,1.236237586E-1,5.810851231E-2,3.359756246E-2,1.406706405E-1
4.209429798E0,1.260672212E-1,5.810851231E-2,3.481929377E-2,1.431150819E-1
4.211790476E0,1.248454899E-1,5.688678101E-2,3.726275265E-2,1.421654491E-1
4.214151101E0,1.266780794E-1,5.749764666E-2,3.665188700E-2,1.438633935E-1
4.216511778E0,1.297324002E-1,5.749764666E-2,3.726275265E-2,1.467139658E-1
4.218872403E0,1.321758628E-1,5.810851231E-2,3.848448023E-2,1.494259453E-1
4.221233080E0,1.333975941E-1,6.116283685E-2,3.726275265E-2,1.514078051E-1
4.223593705E0,1.364519149E-1,6.116283685E-2,3.909534588E-2,1.545589330E-1
4.225954382E0,1.382845193E-1,5.994110554E-2,3.909534588E-2,1.557048184E-1
4.228315007E0,1.425605714E-1,5.933023989E-2,3.909534588E-2,1.592860319E-1
4.230675684E0,1.443931609E-1,5.627591908E-2,3.848448023E-2,1.596791133E-1
4.233036361E0,1.498909444E-1,5.261072889E-2,3.848448023E-2,1.634510300E-1
4.235396986E0,1.511126757E-1,4.772381112E-2,3.665188700E-2,1.626528934E-1
4.237757663E0,1.547778696E-1,4.466948658E-2,3.481929377E-2,1.648148512E-1
4.240118288E0,1.572213173E-1,4.344775900E-2,3.359756246E-2,1.665384237E-1
4.242478965E0,1.578321904E-1,4.222602770E-2,3.237583488E-2,1.665599965E-1
4.244839590E0,1.596647799E-1,4.100430012E-2,3.054323979E-2,1.676516748E-1
4.247200267E0,1.602756530E-1,4.039343446E-2,2.809977904E-2,1.676589159E-1
4.249560892E0,1.596647799E-1,4.405862093E-2,2.504545636E-2,1.675150110E-1
4.251921569E0,1.596647799E-1,4.528035223E-2,2.260199748E-2,1.674932910E-1
4.254282194E0,1.602756530E-1,4.711294547E-2,2.015853859E-2,1.682684797E-1
4.256642871E0,1.608865112E-1,4.955640435E-2,1.893680729E-2,1.694075245E-1
4.259003496E0,1.596647799E-1,5.322159454E-2,1.710421406E-2,1.691683605E-1
4.261364121E0,1.602756530E-1,5.566505343E-2,1.588248461E-2,1.704087335E-1
4.263724851E0,1.590539217E-1,5.627591908E-2,1.404988952E-2,1.693001136E-1
4.266085476E0,1.584430486E-1,5.688678101E-2,1.404988952E-2,1.689310655E-1
4.268446153E0,1.608865112E-1,5.688678101E-2,1.527161989E-2,1.713295004E-1
4.270806778E0,1.614973694E-1,5.627591908E-2,1.527161989E-2,1.717020727E-1
4.273167455E0,1.614973694E-1,5.627591908E-2,1.527161989E-2,1.717020727E-1
4.275528080E0,1.621082425E-1,5.810851231E-2,1.832594350E-2,1.731806043E-1
4.277888757E0,1.608865112E-1,5.871937796E-2,1.771507785E-2,1.721808898E-1
4.280249382E0,1.602756530E-1,6.055197120E-2,1.832594350E-2,1.723097977E-1
4.282610059E0,1.578321904E-1,5.994110554E-2,2.015853859E-2,1.700303006E-1
4.284970684E0,1.523344070E-1,6.055197120E-2,1.954767294E-2,1.650891404E-1
4.287331361E0,1.498909444E-1,6.055197120E-2,1.893680729E-2,1.627649811E-1
4.289691986E0,1.450040340E-1,6.238456443E-2,2.199113183E-2,1.593788369E-1
4.292052663E0,1.407279670E-1,6.299543381E-2,2.015853859E-2,1.554964696E-1
4.294413288E0,1.395062506E-1,6.299543381E-2,2.076940238E-2,1.544726083E-1
4.296773965E0,1.346193254E-1,6.177370250E-2,2.199113183E-2,1.497396506E-1
4.299134590E0,1.327867359E-1,6.055197120E-2,2.260199748E-2,1.476811049E-1
4.301495267E0,1.309541315E-1,5.933023989E-2,2.382372692E-2,1.457279379E-1
4.303855892E0,1.278998107E-1,5.749764666E-2,2.443459071E-2,1.423425100E-1
4.306216569E0,1.248454899E-1,5.810851231E-2,2.443459071E-2,1.398572299E-1
4.308577246E0,1.236237586E-1,5.627591908E-2,2.504545636E-2,1.381198307E-1
4.310937871E0,1.242346242E-1,5.444332212E-2,2.504545636E-2,1.379332884E-1
4.313298496E0,1.254563481E-1,5.138900131E-2,2.321286127E-2,1.375462164E-1
4.315659173E0,1.266780794E-1,4.528035223E-2,2.138026804E-2,1.362158653E-1
4.318019798E0,1.285106838E-1,3.733910993E-2,1.832594350E-2,1.350742210E-1
4.320380476E0,1.333975941E-1,3.061959706E-2,1.466075517E-2,1.376496116E-1
4.322741153E0,1.413388401E-1,2.573267929E-2,1.404988952E-2,1.443476287E-1
4.325101778E0,1.462257504E-1,2.145662531E-2,1.282816008E-2,1.483472904E-1
4.327462455E0,1.523344070E-1,1.840230078E-2,1.343902480E-2,1.540292946E-1
4.329823080E0,1.608865112E-1,1.595884189E-2,1.343902480E-2,1.622336633E-1
4.332183757E0,1.712712198E-1,1.412624773E-2,1.282816008E-2,1.723309122E-1
4.334544382E0,1.798233241E-1,1.107192412E-2,1.282816008E-2,1.806199797E-1
4.336905059E0,1.859319657E-1,9.850194678E-3,1.099556591E-2,1.865170895E-1
4.339265736E0,1.902080178E-1,8.017600514E-3,1.099556591E-2,1.906941909E-1
4.341626361E0,1.969275326E-1,4.963276442E-3,1.160643063E-2,1.973316914E-1
4.343987038E0,2.030361742E-1,-1.145371469E-3,1.160643063E-2,2.033708660E-1
4.346347663E0,2.048687786E-1,-5.421424750E-3,9.162971750E-3,2.051452372E-1
4.348708340E0,2.054796368E-1,-1.030834299E-2,7.330377586E-3,2.058685928E-1
4.351068965E0,2.073122412E-1,-1.397353224E-2,7.330377586E-3,2.079119030E-1
4.353429642E0,2.036470473E-1,-1.519526169E-2,4.276053514E-3,2.042579264E-1
4.355790267E0,2.073122412E-1,-1.580612548E-2,3.665188793E-3,2.079462252E-1
4.358150944E0,2.067013681E-1,-1.641699113E-2,1.221729559E-3,2.073558916E-1
4.360511569E0,2.042579055E-1,-1.458439697E-2,1.221729559E-3,2.047815646E-1
4.362872246E0,2.036470473E-1,-1.153007243E-2,6.108647794E-4,2.039741052E-1
4.365232871E0,1.993709952E-1,-8.475748822E-3,6.108647794E-4,1.995520112E-1
4.367593548E0,1.957058012E-1,-7.254019380E-3,-2.443459118E-3,1.958554363E-1
4.369954173E0,1.902080178E-1,-6.032289471E-3,-5.497782957E-3,1.903830459E-1
4.372314851E0,1.865428388E-1,-6.643154658E-3,-7.941242307E-3,1.868299375E-1
4.374675476E0,1.810450554E-1,-7.254019380E-3,-9.773836471E-3,1.814537427E-1
4.377036153E0,1.749363989E-1,-1.091920771E-2,-1.221729536E-2,1.757021202E-1
4.379396830E0,1.706603467E-1,-1.397353224E-2,-1.404988952E-2,1.718069060E-1
4.381757455E0,1.663842946E-1,-1.458439697E-2,-1.466075517E-2,1.676644741E-1
4.384118080E0,1.614973694E-1,-1.580612548E-2,-1.771507785E-2,1.632331397E-1
4.386478757E0,1.602756530E-1,-1.580612548E-2,-1.893680729E-2,1.621626382E-1
4.388839434E0,1.559995860E-1,-1.458439697E-2,-2.138026804E-2,1.581318795E-1
4.391200059E0,1.559995860E-1,-1.397353224E-2,-2.138026804E-2,1.580767102E-1
4.393560736E0,1.559995860E-1,-1.458439697E-2,-2.199113183E-2,1.582156293E-1
4.395921361E0,1.572213173E-1,-1.519526169E-2,-2.626718581E-2,1.601230890E-1
4.398282038E0,1.559995860E-1,-1.824958436E-2,-2.504545636E-2,1.590477697E-1
4.400642663E0,1.553887278E-1,-2.069304511E-2,-2.504545636E-2,1.587486495E-1
4.403003340E0,1.529452652E-1,-2.313650399E-2,-2.565632015E-2,1.567985929E-1
4.405363965E0,1.523344070E-1,-2.680169232E-2,-2.504545636E-2,1.566887907E-1
4.407724642E0,1.511126757E-1,-2.802342176E-2,-2.382372692E-2,1.555246697E-1
4.410085319E0,1.523344070E-1,-2.985601686E-2,-2.382372692E-2,1.570500661E-1
4.412445944E0,1.505018175E-1,-3.107774630E-2,-2.321286127E-2,1.554202699E-1
4.414806569E0,1.492800862E-1,-2.863428742E-2,-2.321286127E-2,1.537637911E-1
4.417167246E0,1.468366235E-1,-2.374736778E-2,-2.443459071E-2,1.507381196E-1
4.419527923E0,1.443931609E-1,-2.008217946E-2,-2.321286127E-2,1.476194966E-1
4.421888548E0,1.413388401E-1,-1.641699113E-2,-2.076940238E-2,1.437969172E-1
4.424249226E0,1.358410567E-1,-1.336266659E-2,-1.710421406E-2,1.375641948E-1
4.426609851E0,1.327867359E-1,-9.697478265E-3,-1.832594350E-2,1.343956789E-1
4.428970528E0,1.291215420E-1,-6.032289471E-3,-1.649334840E-2,1.303103667E-1
4.431331153E0,1.236237586E-1,-1.145371469E-3,-1.343902480E-2,1.243573598E-1
4.433691830E0,1.150716543E-1,2.519817324E-3,-1.527161989E-2,1.161079562E-1
4.436052455E0,1.114064679E-1,7.406735327E-3,-1.282816008E-2,1.123869321E-1
4.438413132E0,1.052978188E-1,9.850194678E-3,-1.221729536E-2,1.064608815E-1
4.440773757E0,9.674570709E-2,1.290451828E-2,-1.099556591E-2,9.821996184E-2
4.443134434E0,9.308052063E-2,1.656970754E-2,-9.773836471E-3,9.504770596E-2
4.445495059E0,8.697187155E-2,1.840230078E-2,-8.552107029E-3,8.930783644E-2
4.447855736E0,8.513928205E-2,1.962403022E-2,-7.330377586E-3,8.767858544E-2
4.450216361E0,8.025235683E-2,2.145662531E-2,-6.719512399E-3,8.334254252E-2
4.452576986E0,7.719803602E-2,2.267835476E-2,-7.330377586E-3,8.079343398E-2
4.454937715E0,7.414371520E-2,2.512181364E-2,-6.108647678E-3,7.852204532E-2
4.457298340E0,6.986765563E-2,2.695440874E-2,-4.886918236E-3,7.504606202E-2
4.459659017E0,6.864593178E-2,2.695440874E-2,-3.665188793E-3,7.383926942E-2
4.462019642E0,6.498073786E-2,2.634354308E-2,-4.276053514E-3,7.024786964E-2
4.464380319E0,6.192641705E-2,2.695440874E-2,-6.108647794E-4,6.754105740E-2
4.466740944E0,6.070468575E-2,2.573267929E-2,-6.108647794E-4,6.593635424E-2
4.469101621E0,5.826122686E-2,2.206749097E-2,-1.832594397E-3,6.232738656E-2
4.471462246E0,5.887209252E-2,1.840230078E-2,-1.221729559E-3,6.169327819E-2
4.473822923E0,5.581776798E-2,1.412624773E-2,-1.221729559E-3,5.759050894E-2
4.476183548E0,5.459604040E-2,9.239329956E-3,-0.000000000E0,5.537231118E-2
4.478544226E0,5.337430909E-2,7.406735327E-3,-6.108647794E-4,5.388923599E-2
4.480904851E0,5.031998456E-2,6.185005885E-3,-1.221729559E-3,5.071338843E-2
4.483265528E0,4.909825698E-2,5.574141163E-3,-6.108647794E-4,4.941743663E-2
4.485626153E0,4.848739132E-2,6.185005885E-3,6.108647794E-4,4.888409323E-2
4.487986830E0,4.604393244E-2,1.046105940E-2,-1.221729559E-3,4.723314621E-2
4.490347455E0,4.054614902E-2,1.718057133E-2,1.832594397E-3,4.407403582E-2
4.492708132E0,4.115701467E-2,2.267835476E-2,6.108647794E-4,4.699554007E-2
4.495068757E0,3.993528336E-2,3.245219216E-2,-0.000000000E0,5.145844569E-2
4.497429434E0,3.688096255E-2,4.100430012E-2,6.108647794E-4,5.515370507E-2
4.499790111E0,3.565923125E-2,4.711294547E-2,-0.000000000E0,5.908646549E-2
4.502150736E0,3.688096255E-2,5.077813566E-2,-1.221729559E-3,6.277035194E-2
4.504511413E0,3.627009690E-2,5.383246019E-2,-2.443459118E-3,6.495709501E-2
4.506872038E0,3.688096255E-2,5.566505343E-2,-2.443459118E-3,6.681896485E-2
4.509232715E0,3.627009690E-2,5.505418777E-2,-1.221729559E-3,6.593918519E-2
4.511593340E0,3.627009690E-2,5.505418777E-2,-1.832594397E-3,6.595333140E-2
4.513954017E0,3.932442144E-2,5.077813566E-2,-3.665188793E-3,6.432933072E-2
4.516314642E0,4.054614902E-2,4.650207981E-2,-3.054323839E-3,6.177185865E-2
4.518675319E0,4.543306679E-2,4.161516204E-2,-2.443459118E-3,6.166000131E-2
4.521035944E0,5.031998456E-2,3.733910993E-2,-3.054323839E-3,6.273467040E-2
4.523396621E0,5.765036494E-2,3.123046272E-2,-1.832594397E-3,6.559165176E-2
4.525757246E0,6.192641705E-2,2.512181364E-2,-3.665188793E-3,6.692847121E-2
4.528117923E0,6.742420048E-2,2.267835476E-2,-1.221729559E-3,7.114649118E-2
4.530478548E0,7.292198390E-2,1.901316643E-2,-1.221729559E-3,7.536981396E-2
4.532839226E0,7.841976732E-2,1.534797717E-2,-1.221729559E-3,7.991691268E-2
4.535199903E0,8.391755074E-2,1.351538301E-2,-1.221729559E-3,8.500772626E-2
4.537560528E0,8.758273721E-2,1.229365356E-2,-1.832594397E-3,8.846031979E-2
4.539921205E0,9.552398324E-2,1.168278884E-2,-1.221729559E-3,9.624350135E-2
4.542281830E0,1.010217592E-1,9.239329956E-3,-1.221729559E-3,1.014507451E-1
4.544642507E0,1.071304083E-1,9.239329956E-3,-1.221729559E-3,1.075350279E-1
4.547003132E0,1.114064679E-1,9.239329956E-3,-0.000000000E0,1.117889364E-1
4.549363809E0,1.169042438E-1,1.046105940E-2,1.221729559E-3,1.173777177E-1
4.551724382E0,1.205694377E-1,1.168278884E-2,-1.832594397E-3,1.211479891E-1
4.554085111E0,1.236237586E-1,1.229365356E-2,-6.108647794E-4,1.242350222E-1
4.556445736E0,1.291215420E-1,1.290451828E-2,-6.108647794E-4,1.297662219E-1
4.558806413E0,1.291215420E-1,1.229365356E-2,-0.000000000E0,1.297054606E-1
4.561167038E0,1.297324002E-1,1.168278884E-2,-0.000000000E0,1.302573730E-1
4.563527715E0,1.285106838E-1,1.168278884E-2,1.832594397E-3,1.290536392E-1
4.565888392E0,1.260672212E-1,8.628465235E-3,-0.000000000E0,1.263621568E-1
4.568249017E0,1.211803034E-1,8.017600514E-3,-6.108647794E-4,1.214467826E-1
4.570609694E0,1.162933856E-1,9.239329956E-3,-1.221729559E-3,1.166662307E-1
4.572970319E0,1.120173261E-1,8.628465235E-3,-0.000000000E0,1.123491511E-1
4.575330996E0,1.040760875E-1,8.628465235E-3,1.832594397E-3,1.044492259E-1
4.577691621E0,1.004109010E-1,9.239329956E-3,-0.000000000E0,1.008350845E-1
4.580052298E0,9.613484144E-2,9.239329956E-3,2.443459118E-3,9.660871311E-2
4.582412923E0,9.124792367E-2,9.850194678E-3,4.276053514E-3,9.187760632E-2
4.584773601E0,8.636100590E-2,8.628465235E-3,6.108647678E-3,8.700568561E-2
4.587134226E0,8.208495378E-2,8.628465235E-3,7.330377586E-3,8.286208111E-2
4.589494903E0,8.025235683E-2,9.850194678E-3,7.941242307E-3,8.124364862E-2
4.591855528E0,7.597630471E-2,8.017600514E-3,9.773836471E-3,7.702083273E-2
4.594216205E0,7.536543906E-2,1.107192412E-2,1.099556591E-2,7.696388359E-2
4.596576830E0,7.536543906E-2,1.412624773E-2,1.221729536E-2,7.764510664E-2
4.598937507E0,7.353284955E-2,1.290451828E-2,1.404988952E-2,7.596713731E-2
4.601298132E0,7.353284955E-2,1.534797717E-2,1.466075517E-2,7.653481632E-2
4.603658809E0,7.170025259E-2,1.779143699E-2,1.527161989E-2,7.543662125E-2
4.606019486E0,7.475458086E-2,2.023489587E-2,1.527161989E-2,7.893618146E-2
4.608380111E0,7.353284955E-2,2.328922041E-2,1.588248461E-2,7.875100677E-2
4.610740788E0,7.047852129E-2,2.267835476E-2,1.588248461E-2,7.572174757E-2
4.613101413E0,7.047852129E-2,2.267835476E-2,1.404988952E-2,7.535866992E-2
4.615462090E0,6.498073786E-2,2.084576152E-2,9.773836471E-3,6.893888559E-2
4.617822715E0,6.620246917E-2,2.023489587E-2,8.552107029E-3,6.975210728E-2
4.620183392E0,6.192641705E-2,1.962403022E-2,7.330377586E-3,6.537368069E-2
4.622544017E0,6.009382382E-2,1.779143699E-2,6.108647678E-3,6.296918665E-2
4.624904694E0,5.948295817E-2,1.595884189E-2,5.497782957E-3,6.183148522E-2
4.627265319E0,5.765036494E-2,1.595884189E-2,2.443459118E-3,5.986835311E-2
4.629625996E0,5.398517475E-2,1.473711245E-2,-0.000000000E0,5.596053588E-2
4.631986621E0,5.215258151E-2,1.351538301E-2,-0.000000000E0,5.387538711E-2
4.634347298E0,5.276344717E-2,1.290451828E-2,-6.108647794E-4,5.432201308E-2
4.636707871E0,5.093085021E-2,1.168278884E-2,-1.221729559E-3,5.226788384E-2
4.639068601E0,5.031998456E-2,1.168278884E-2,-1.221729559E-3,5.167282675E-2
4.641429226E0,4.848739132E-2,1.290451828E-2,-1.832594397E-3,5.020868562E-2
4.643789903E0,4.665479809E-2,1.290451828E-2,-2.443459118E-3,4.846820885E-2
4.646150528E0,4.543306679E-2,1.351538301E-2,-1.832594397E-3,4.743614168E-2
4.648511205E0,4.726566374E-2,1.718057133E-2,-2.443459118E-3,5.035062555E-2
4.650871882E0,4.848739132E-2,2.084576152E-2,-6.108647794E-4,5.278206179E-2
4.653232507E0,5.093085021E-2,2.390008420E-2,-1.221729559E-3,5.627306772E-2
4.655593184E0,5.215258151E-2,2.695440874E-2,-0.000000000E0,5.870631915E-2
4.657953809E0,5.581776798E-2,3.123046272E-2,1.221729559E-3,6.397231938E-2
4.660314486E0,6.131555140E-2,3.123046272E-2,1.832594397E-3,6.883528926E-2
4.662675111E0,6.925679743E-2,3.061959706E-2,4.276053514E-3,7.584423741E-2
4.665035788E0,7.475458086E-2,2.939786762E-2,3.665188793E-3,8.041091710E-2
4.667396413E0,8.269581944E-2,2.817613818E-2,4.886918236E-3,8.750071591E-2
4.669757090E0,8.880446851E-2,2.695440874E-2,4.886918236E-3,9.293360936E-2
4.672117715E0,9.735657275E-2,2.451094985E-2,5.497782957E-3,1.005450871E-1
4.674478392E0,1.040760875E-1,2.451094985E-2,4.886918236E-3,1.070350439E-1
4.676839017E0,1.107956022E-1,2.084576152E-2,6.108647678E-3,1.129049459E-1
4.679199694E0,1.169042438E-1,1.840230078E-2,7.941242307E-3,1.186099078E-1
4.681560319E0,1.236237586E-1,1.473711245E-2,7.330377586E-3,1.247146768E-1
4.683920996E0,1.278998107E-1,1.046105940E-2,4.276053514E-3,1.283981307E-1
4.686281673E0,1.303432733E-1,5.574141163E-3,2.443459118E-3,1.304852882E-1
4.688642298E0,1.333975941E-1,-5.345066893E-4,1.221729559E-3,1.334042594E-1
4.691002976E0,1.370627880E-1,-6.032289471E-3,-1.221729559E-3,1.372009074E-1
4.693363601E0,1.395062506E-1,-1.153007243E-2,-3.054323839E-3,1.400152328E-1
4.695724278E0,1.437823027E-1,-1.641699113E-2,-4.276053514E-3,1.447796699E-1
4.698084903E0,1.462257504E-1,-1.947131567E-2,-7.330377586E-3,1.476984653E-1
4.700445580E0,1.492800862E-1,-2.252563834E-2,-8.552107029E-3,1.512120598E-1
4.702806205E0,1.505018175E-1,-2.619082667E-2,-1.038470119E-2,1.531162907E-1
4.705166882E0,1.517235339E-1,-2.863428742E-2,-1.099556591E-2,1.547929443E-1
4.707527507E0,1.505018175E-1,-3.107774630E-2,-1.282816008E-2,1.542114946E-1
4.709888184E0,1.523344070E-1,-3.107774630E-2,-1.527161989E-2,1.562204220E-1
4.712248809E0,1.492800862E-1,-3.046688065E-2,-1.343902480E-2,1.529489533E-1
4.714609486E0,1.486692131E-1,-2.924515121E-2,-1.649334840E-2,1.524133994E-1
4.716970111E0,1.456148922E-1,-2.680169232E-2,-1.710421406E-2,1.490455692E-1
4.719330788E0,1.413388401E-1,-2.252563834E-2,-1.893680729E-2,1.443699234E-1
4.721691413E0,1.382845193E-1,-1.763872057E-2,-1.954767294E-2,1.407687617E-1
4.724052090E0,1.358410567E-1,-1.275180187E-2,-2.138026804E-2,1.381032838E-1
4.726412767E0,1.309541315E-1,-7.864884101E-3,-2.138026804E-2,1.329208667E-1
4.728773392E0,1.260672212E-1,-3.588830587E-3,-2.199113183E-2,1.280212242E-1
4.731134069E0,1.236237586E-1,-5.345066893E-4,-2.138026804E-2,1.254600942E-1
4.733494694E0,1.205694377E-1,3.130682046E-3,-2.076940238E-2,1.223852874E-1
4.735855371E0,1.181259751E-1,4.352411721E-3,-2.076940238E-2,1.200169053E-1
4.738215996E0,1.181259751E-1,6.795870606E-3,-1.832594350E-2,1.197320762E-1
4.740576673E0,1.150716543E-1,6.795870606E-3,-1.649334840E-2,1.164461250E-1
4.742937298E0,1.138499230E-1,8.017600514E-3,-1.710421406E-2,1.154064167E-1
4.745297976E0,1.144607887E-1,7.406735327E-3,-1.649334840E-2,1.158799483E-1
4.747658601E0,1.162933856E-1,9.239329956E-3,-1.343902480E-2,1.174313593E-1
4.750019278E0,1.187368408E-1,8.628465235E-3,-1.038470119E-2,1.195020075E-1
4.752379903E0,1.205694377E-1,8.017600514E-3,-1.160643063E-2,1.213918468E-1
4.754740580E0,1.242346242E-1,7.406735327E-3,-9.773836471E-3,1.248384134E-1
4.757101205E0,1.260672212E-1,8.628465235E-3,-8.552107029E-3,1.266512266E-1
4.759461882E0,1.285106838E-1,7.406735327E-3,-6.108647678E-3,1.288688137E-1
4.761822507E0,1.309541315E-1,9.850194678E-3,-5.497782957E-3,1.314390981E-1
4.764183184E0,1.346193254E-1,9.239329956E-3,-7.941242307E-3,1.351694911E-1
4.766543861E0,1.346193254E-1,1.046105940E-2,-6.719512399E-3,1.351922645E-1
4.768904486E0,1.364519149E-1,8.017600514E-3,-8.552107029E-3,1.369545382E-1
4.771265163E0,1.376736462E-1,6.795870606E-3,-1.099556591E-2,1.382791350E-1
4.773625788E0,1.382845193E-1,4.963276442E-3,-1.160643063E-2,1.388594672E-1
4.775986465E0,1.407279670E-1,2.519817324E-3,-1.343902480E-2,1.413906559E-1
4.778347090E0,1.413388401E-1,-1.145371469E-3,-1.343902480E-2,1.419809388E-1
4.780707767E0,1.425605714E-1,-3.588830587E-3,-1.343902480E-2,1.432375775E-1
4.783068392E0,1.437823027E-1,-4.810560029E-3,-1.527161989E-2,1.446710560E-1
4.785429069E0,1.450040340E-1,-5.421424750E-3,-1.649334840E-2,1.460396942E-1
4.787789694E0,1.450040340E-1,-4.810560029E-3,-1.771507785E-2,1.461613333E-1
4.790150371E0,1.431714296E-1,-2.977965865E-3,-2.076940238E-2,1.447007070E-1
4.792510996E0,1.413388401E-1,7.635809743E-5,-2.076940238E-2,1.428567171E-1
4.794871673E0,1.388953775E-1,2.519817324E-3,-2.199113183E-2,1.406480901E-1
4.797232351E0,1.352301836E-1,6.185005885E-3,-2.321286127E-2,1.373473472E-1
4.799592976E0,1.309541315E-1,1.107192412E-2,-2.260199748E-2,1.333507493E-1
4.801953653E0,1.254563481E-1,1.473711245E-2,-2.321286127E-2,1.284340869E-1
4.804314278E0,1.193477064E-1,1.901316643E-2,-2.321286127E-2,1.230618237E-1
4.806674955E0,1.150716543E-1,1.962403022E-2,-2.260199748E-2,1.189009608E-1
4.809035580E0,1.107956022E-1,2.084576152E-2,-2.138026804E-2,1.147489743E-1
4.811396257E0,1.040760875E-1,2.328922041E-2,-1.954767294E-2,1.084266171E-1
4.813756882E0,1.004109010E-1,2.328922041E-2,-1.893680729E-2,1.048014289E-1
4.816117559E0,9.613484144E-2,2.328922041E-2,-1.588248461E-2,1.001825775E-1
4.818478184E0,9.308052063E-2,2.512181364E-2,-1.466075517E-2,9.751936517E-2
4.820838861E0,9.124792367E-2,2.634354308E-2,-1.160643063E-2,9.568111135E-2
4.823199486E0,8.758273721E-2,2.573267929E-2,-1.221729536E-2,9.209869134E-2
4.825560163E0,8.758273721E-2,2.817613818E-2,-9.162971750E-3,9.245858895E-2
4.827920788E0,8.575014025E-2,2.939786762E-2,-7.941242307E-3,9.099661808E-2
4.830281465E0,8.513928205E-2,2.939786762E-2,-6.719512399E-3,9.032211144E-2
4.832642090E0,8.269581944E-2,2.878700197E-2,-6.108647678E-3,8.777588286E-2
4.835002767E0,8.147408813E-2,3.123046272E-2,-6.719512399E-3,8.751297438E-2
4.837363392E0,8.025235683E-2,3.123046272E-2,-6.108647678E-3,8.633132777E-2
4.839724069E0,7.780890167E-2,3.367391974E-2,-3.054323839E-3,8.483800412E-2
4.842084746E0,7.841976732E-2,3.428478539E-2,-3.665188793E-3,8.566527899E-2
4.844445371E0,7.475458086E-2,3.428478539E-2,-3.665188793E-3,8.232331065E-2
4.846806048E0,7.658717036E-2,3.367391974E-2,-1.221729559E-3,8.367209904E-2
4.849166673E0,7.292198390E-2,3.061959706E-2,-6.108647794E-4,7.909202625E-2
4.851527351E0,7.353284955E-2,2.878700197E-2,2.443459118E-3,7.900469567E-2
4.853887976E0,7.475458086E-2,2.634354308E-2,2.443459118E-3,7.929817219E-2
4.856248653E0,7.719803602E-2,2.390008420E-2,3.665188793E-3,8.089613339E-2
4.858609278E0,7.658717036E-2,2.267835476E-2,2.443459118E-3,7.991165704E-2
4.860969955E0,7.719803602E-2,2.328922041E-2,4.276053514E-3,8.074781226E-2
4.863330580E0,7.964149863E-2,2.267835476E-2,4.276053514E-3,8.291779490E-2
4.865691257E0,8.086322248E-2,2.267835476E-2,4.886918236E-3,8.412520725E-2
4.868051882E0,8.391755074E-2,2.390008420E-2,4.276053514E-3,8.735933826E-2
4.870412559E0,8.575014025E-2,2.512181364E-2,5.497782957E-3,8.952328016E-2
4.872773132E0,9.063705802E-2,2.267835476E-2,6.108647678E-3,9.363065544E-2
4.875133861E0,9.491311759E-2,2.084576152E-2,6.108647678E-3,9.736714662E-2
4.877494486E0,9.980003536E-2,2.084576152E-2,4.276053514E-3,1.020435077E-1
4.879855163E0,1.046869531E-1,2.023489587E-2,3.665188793E-3,1.066875943E-1
4.882215840E0,1.114064679E-1,2.206749097E-2,3.665188793E-3,1.136301406E-1
4.884576465E0,1.144607887E-1,2.206749097E-2,1.832594397E-3,1.165830378E-1
4.886937142E0,1.193477064E-1,2.206749097E-2,-1.832594397E-3,1.213845443E-1
4.889297767E0,1.230128929E-1,1.962403022E-2,-3.665188793E-3,1.246222612E-1
4.891658444E0,1.248454899E-1,1.779143699E-2,-5.497782957E-3,1.262266105E-1
4.894019069E0,1.272889525E-1,1.595884189E-2,-6.108647678E-3,1.284308282E-1
4.896379642E0,1.260672212E-1,1.107192412E-2,-6.108647678E-3,1.266998316E-1
4.898740371E0,1.254563481E-1,8.017600514E-3,-6.719512399E-3,1.258917354E-1
4.901101048E0,1.272889525E-1,4.352411721E-3,-4.886918236E-3,1.274570629E-1
4.903461673E0,1.260672212E-1,1.298087649E-3,-4.276053514E-3,1.261463987E-1
4.905822351E0,1.272889525E-1,-5.345066893E-4,-1.221729559E-3,1.272959376E-1
4.908182976E0,1.266780794E-1,-5.345066893E-4,-1.221729559E-3,1.266850982E-1
4.910543653E0,1.285106838E-1,1.298087649E-3,-0.000000000E0,1.285172396E-1
4.912904330E0,1.285106838E-1,2.519817324E-3,2.443459118E-3,1.285586085E-1
4.915264955E0,1.285106838E-1,6.185005885E-3,3.054323839E-3,1.286956838E-1
4.917625632E0,1.242346242E-1,1.046105940E-2,4.886918236E-3,1.247700188E-1
4.919986257E0,1.278998107E-1,1.473711245E-2,5.497782957E-3,1.288633760E-1
4.922346934E0,1.278998107E-1,1.901316643E-2,4.276053514E-3,1.293759897E-1
4.924707559E0,1.285106838E-1,2.145662531E-2,3.665188793E-3,1.303411532E-1
4.927068236E0,1.297324002E-1,2.267835476E-2,2.443459118E-3,1.317223365E-1
4.929428861E0,1.297324002E-1,2.328922041E-2,3.665188793E-3,1.318571843E-1
4.931789538E0,1.285106838E-1,2.145662531E-2,2.443459118E-3,1.303125209E-1
4.934150163E0,1.297324002E-1,2.145662531E-2,1.832594397E-3,1.315075695E-1
4.936510840E0,1.333975941E-1,2.145662531E-2,-0.000000000E0,1.351121937E-1
4.938871465E0,1.340084672E-1,1.901316643E-2,-1.832594397E-3,1.353629498E-1
4.941232142E0,1.346193254E-1,1.656970754E-2,-1.221729559E-3,1.356407409E-1
4.943592819E0,1.358410567E-1,1.229365356E-2,-2.443459118E-3,1.364180967E-1
4.945953444E0,1.401171088E-1,7.406735327E-3,-3.665188793E-3,1.403605982E-1
4.948314121E0,1.425605714E-1,4.963276442E-3,-4.276053514E-3,1.427110202E-1
4.950674746E0,1.443931609E-1,1.298087649E-3,-4.276053514E-3,1.444622947E-1
4.953035423E0,1.468366235E-1,-4.199695308E-3,-4.886918236E-3,1.469779352E-1
4.955396048E0,1.486692131E-1,-7.864884101E-3,-4.886918236E-3,1.489572868E-1
4.957756726E0,1.480583549E-1,-9.086613543E-3,-3.054323839E-3,1.483683655E-1
4.960117351E0,1.492800862E-1,-1.214093715E-2,-3.054323839E-3,1.498041234E-1
4.962478028E0,1.468366235E-1,-1.336266659E-2,-1.832594397E-3,1.474547838E-1
4.964838653E0,1.443931609E-1,-1.214093715E-2,-6.108647794E-4,1.449039697E-1
4.967199330E0,1.388953775E-1,-1.091920771E-2,-0.000000000E0,1.393239211E-1
4.969559955E0,1.346193254E-1,-8.475748822E-3,-6.108647794E-4,1.348872649E-1
4.971920632E0,1.297324002E-1,-4.810560029E-3,6.108647794E-4,1.298229960E-1
4.974281257E0,1.242346242E-1,7.635809743E-5,1.221729559E-3,1.242406548E-1
4.976641934E0,1.181259751E-1,6.185005885E-3,-0.000000000E0,1.182877859E-1
4.979002559E0,1.138499230E-1,1.168278884E-2,-0.000000000E0,1.144477720E-1
4.981363236E0,1.095738709E-1,1.595884189E-2,1.832594397E-3,1.107450957E-1
4.983723861E0,1.034652218E-1,1.962403022E-2,3.054323839E-3,1.053540867E-1
4.986084538E0,1.040760875E-1,2.267835476E-2,3.665188793E-3,1.065812993E-1
4.988445215E0,9.857830405E-2,2.695440874E-2,5.497782957E-3,1.023447497E-1
4.990805840E0,9.918916970E-2,2.634354308E-2,7.330377586E-3,1.028893001E-1
4.993166517E0,9.613484144E-2,2.328922041E-2,9.162971750E-3,9.933909390E-2
4.995527142E0,9.552398324E-2,2.084576152E-2,8.552107029E-3,9.814538034E-2
4.997887819E0,9.796743840E-2,1.779143699E-2,7.330377586E-3,9.983931416E-2
5.000248444E0,9.796743840E-2,1.595884189E-2,6.719512399E-3,9.948595613E-2
5.002609121E0,1.004109010E-1,1.046105940E-2,7.330377586E-3,1.012201425E-1
5.004969746E0,1.022434905E-1,3.741546767E-3,7.941242307E-3,1.026196563E-1
5.007330423E0,1.065195426E-1,-5.345066893E-4,6.719512399E-3,1.067326122E-1
5.009691048E0,1.101847365E-1,-4.199695308E-3,6.719512399E-3,1.104692964E-1
5.012051726E0,1.150716543E-1,-8.475748822E-3,6.108647678E-3,1.155449675E-1
5.014412351E0,1.217911690E-1,-1.275180187E-2,6.108647678E-3,1.226091876E-1
5.016773028E0,1.248454899E-1,-1.519526169E-2,4.276053514E-3,1.258394888E-1
5.019133705E0,1.291215420E-1,-1.763872057E-2,4.276053514E-3,1.303908804E-1
5.021494330E0,1.315650046E-1,-2.069304511E-2,2.443459118E-3,1.332048161E-1
5.023855007E0,1.370627880E-1,-2.191477455E-2,-0.000000000E0,1.388036930E-1
5.026215632E0,1.382845193E-1,-2.374736778E-2,-1.221729559E-3,1.403140705E-1
5.028576309E0,1.425605714E-1,-2.619082667E-2,-1.221729559E-3,1.449516076E-1
5.030936934E0,1.450040340E-1,-2.557996288E-2,-2.443459118E-3,1.472632842E-1
5.033297611E0,1.474474818E-1,-2.374736778E-2,-3.665188793E-3,1.493925398E-1
5.035658236E0,1.492800862E-1,-2.069304511E-2,-6.108647678E-3,1.508312362E-1
5.038018913E0,1.505018175E-1,-1.886045001E-2,-6.719512399E-3,1.518277494E-1
5.040379486E0,1.541669965E-1,-1.641699113E-2,-8.552107029E-3,1.552743344E-1
5.042740215E0,1.523344070E-1,-1.458439697E-2,-1.160643063E-2,1.534704708E-1
5.045100788E0,1.523344070E-1,-1.458439697E-2,-1.343902480E-2,1.536199322E-1
5.047461517E0,1.529452652E-1,-1.336266659E-2,-1.343902480E-2,1.541149648E-1
5.049822142E0,1.523344070E-1,-1.458439697E-2,-1.710421406E-2,1.539838638E-1
5.052182819E0,1.517235339E-1,-1.702785492E-2,-1.893680729E-2,1.538459660E-1
5.054543496E0,1.480583549E-1,-2.008217946E-2,-1.893680729E-2,1.506093392E-1
5.056904121E0,1.450040340E-1,-2.313650399E-2,-1.832594350E-2,1.479773899E-1
5.059264798E0,1.431714296E-1,-2.496909723E-2,-1.832594350E-2,1.464832901E-1
5.061625423E0,1.401171088E-1,-2.802342176E-2,-1.893680729E-2,1.441413162E-1
5.063986101E0,1.382845193E-1,-2.863428742E-2,-1.893680729E-2,1.424820458E-1
5.066346726E0,1.358410567E-1,-2.863428742E-2,-1.771507785E-2,1.399519170E-1
5.068707403E0,1.333975941E-1,-2.802342176E-2,-1.710421406E-2,1.373782531E-1
5.071068028E0,1.309541315E-1,-2.741255611E-2,-1.527161989E-2,1.346612608E-1
5.073428705E0,1.297324002E-1,-2.557996288E-2,-1.527161989E-2,1.331091752E-1
5.075789278E0,1.272889525E-1,-2.374736778E-2,-1.527161989E-2,1.303826571E-1
5.078150007E0,1.242346242E-1,-2.191477455E-2,-1.649334840E-2,1.272262934E-1
5.080510632E0,1.272889525E-1,-1.947131567E-2,-1.466075517E-2,1.296014942E-1
5.082871309E0,1.285106838E-1,-1.702785492E-2,-1.343902480E-2,1.303286272E-1
5.085231934E0,1.309541315E-1,-1.824958436E-2,-1.160643063E-2,1.327280721E-1
5.087592611E0,1.340084672E-1,-1.947131567E-2,-8.552107029E-3,1.356854449E-1
5.089953288E0,1.358410567E-1,-2.008217946E-2,-6.719512399E-3,1.374817750E-1
5.092313913E0,1.419496983E-1,-2.008217946E-2,-4.886918236E-3,1.434464805E-1
5.094674590E0,1.450040340E-1,-1.886045001E-2,-4.886918236E-3,1.463071032E-1
5.097035215E0,1.456148922E-1,-1.824958436E-2,-3.665188793E-3,1.467997881E-1
5.099395892E0,1.462257504E-1,-1.763872057E-2,-1.832594397E-3,1.472971587E-1
5.101756517E0,1.456148922E-1,-1.458439697E-2,-0.000000000E0,1.463434367E-1
5.104117194E0,1.462257504E-1,-1.275180187E-2,-6.108647794E-4,1.467819870E-1
5.106477819E0,1.431714296E-1,-1.153007243E-2,-1.221729559E-3,1.436401527E-1
5.108838496E0,1.437823027E-1,-8.475748822E-3,-0.000000000E0,1.440319024E-1
5.111199121E0,1.407279670E-1,-6.032289471E-3,-2.443459118E-3,1.408783862E-1
5.113559798E0,1.419496983E-1,-5.421424750E-3,-1.221729559E-3,1.420584433E-1
5.115920476E0,1.437823027E-1,-3.588830587E-3,6.108647794E-4,1.438283819E-1
5.118281101E0,1.407279670E-1,-1.756236190E-3,1.221729559E-3,1.407442279E-1
5.120641778E0,1.388953775E-1,-1.145371469E-3,4.276053514E-3,1.389659037E-1
5.123002403E0,1.382845193E-1,-5.345066893E-4,3.665188793E-3,1.383341158E-1
5.125363080E0,1.370627880E-1,1.298087649E-3,7.941242307E-3,1.372987845E-1
5.127723705E0,1.333975941E-1,3.741546767E-3,8.552107029E-3,1.337238042E-1
5.130084382E0,1.315650046E-1,6.185005885E-3,9.773836471E-3,1.320724521E-1
5.132445007E0,1.278998107E-1,9.239329956E-3,1.221729536E-2,1.288137768E-1
5.134805684E0,1.248454899E-1,1.107192412E-2,1.527161989E-2,1.262624497E-1
5.137166309E0,1.224020272E-1,1.534797717E-2,1.588248461E-2,1.243787361E-1
5.139526986E0,1.169042438E-1,1.779143699E-2,1.649334840E-2,1.193950083E-1
5.141887611E0,1.132390574E-1,2.206749097E-2,1.954767294E-2,1.170135453E-1
5.144248236E0,1.065195426E-1,2.756527252E-2,2.138026804E-2,1.120864536E-1
5.146608913E0,1.028543562E-1,3.611737862E-2,2.199113183E-2,1.112074346E-1
5.148969590E0,9.796743840E-2,4.222602770E-2,2.260199748E-2,1.090481852E-1
5.151330215E0,9.308052063E-2,5.016727000E-2,2.199113183E-2,1.080016119E-1
5.153690892E0,8.636100590E-2,5.627591908E-2,2.260199748E-2,1.055274974E-1
5.156051517E0,8.025235683E-2,6.177370250E-2,2.260199748E-2,1.037655116E-1
5.158412194E0,7.353284955E-2,6.299543381E-2,2.138026804E-2,9.915957092E-2
5.160772871E0,6.803506613E-2,6.360629201E-2,2.260199748E-2,9.584039282E-2
5.163133496E0,6.009382382E-2,6.360629201E-2,2.382372692E-2,9.068956946E-2
5.165494173E0,5.337430909E-2,6.238456443E-2,2.504545636E-2,8.583662176E-2
5.167854798E0,4.909825698E-2,6.238456443E-2,2.504545636E-2,8.324510557E-2
5.170215476E0,4.787652567E-2,6.055197120E-2,2.809977904E-2,8.214804020E-2
5.172576101E0,4.421133921E-2,6.116283685E-2,2.809977904E-2,8.053032167E-2
5.174936778E0,4.665479809E-2,5.871937796E-2,3.054323979E-2,8.097854673E-2
5.177297403E0,4.909825698E-2,5.627591908E-2,3.054323979E-2,8.068771532E-2
5.179658080E0,5.398517475E-2,5.261072889E-2,3.115410358E-2,8.156510318E-2
5.182018705E0,6.253728271E-2,5.138900131E-2,3.054323979E-2,8.651376006E-2
5.184379382E0,6.986765563E-2,5.016727000E-2,3.054323979E-2,9.127504467E-2
5.186740059E0,7.841976732E-2,4.528035223E-2,3.054323979E-2,9.556599658E-2
5.189100684E0,8.513928205E-2,4.161516204E-2,3.054323979E-2,9.956610144E-2
5.191461361E0,9.613484144E-2,3.856083751E-2,3.176496923E-2,1.083414011E-1
5.193821986E0,1.065195426E-1,3.489565104E-2,3.237583488E-2,1.166718223E-1
5.196182663E0,1.132390574E-1,3.306305781E-2,3.115410358E-2,1.220115899E-1
5.198543288E0,1.230128929E-1,3.123046272E-2,3.054323979E-2,1.305388950E-1
5.200903965E0,1.297324002E-1,2.756527252E-2,2.871064469E-2,1.357005565E-1
5.203264590E0,1.364519149E-1,2.451094985E-2,2.871064469E-2,1.415775860E-1
5.205625267E0,1.431714296E-1,2.023489587E-2,2.809977904E-2,1.472993783E-1
5.207985892E0,1.474474818E-1,1.595884189E-2,2.565632015E-2,1.505114324E-1
5.210346569E0,1.462257504E-1,1.229365356E-2,2.321286127E-2,1.485662847E-1
5.212707194E0,1.541669965E-1,6.795870606E-3,2.321286127E-2,1.560528231E-1
5.215067871E0,1.559995860E-1,4.352411721E-3,2.199113183E-2,1.576021072E-1
5.217428496E0,1.566104591E-1,1.908952487E-3,1.954767294E-2,1.578372311E-1
5.219789173E0,1.572213173E-1,-2.367100911E-3,1.710421406E-2,1.581666840E-1
5.222149851E0,1.553887278E-1,-3.588830587E-3,1.771507785E-2,1.564364421E-1
5.224510476E0,1.553887278E-1,-6.032289471E-3,1.832594350E-2,1.565818810E-1
5.226871153E0,1.541669965E-1,-5.421424750E-3,1.588248461E-2,1.550777481E-1
5.229231778E0,1.541669965E-1,-6.643154658E-3,1.527161989E-2,1.550639116E-1
5.231592455E0,1.511126757E-1,-7.254019380E-3,1.221729536E-2,1.517791944E-1
5.233953080E0,1.498909444E-1,-6.643154658E-3,1.160643063E-2,1.504863314E-1
5.236313757E0,1.468366235E-1,-4.810560029E-3,1.160643063E-2,1.473731479E-1
5.238674382E0,1.474474818E-1,-2.977965865E-3,9.162971750E-3,1.477619308E-1
5.241035059E0,1.431714296E-1,7.635809743E-5,8.552107029E-3,1.434266455E-1
5.243395684E0,1.395062506E-1,3.741546767E-3,9.162971750E-3,1.398569025E-1
5.245756361E0,1.358410567E-1,6.185005885E-3,7.330377586E-3,1.361792254E-1
5.248116986E0,1.315650046E-1,1.107192412E-2,4.886918236E-3,1.321204750E-1
5.250477663E0,1.285106838E-1,1.412624773E-2,2.443459118E-3,1.293078389E-1
5.252838288E0,1.224020272E-1,1.840230078E-2,1.221729559E-3,1.237836563E-1
5.255198965E0,1.169042438E-1,1.962403022E-2,-6.108647794E-4,1.185414609E-1
5.257559642E0,1.120173261E-1,2.206749097E-2,-4.276053514E-3,1.142503397E-1
5.259920267E0,1.107956022E-1,2.206749097E-2,-8.552107029E-3,1.132950933E-1
5.262280944E0,1.065195426E-1,2.328922041E-2,-8.552107029E-3,1.093706509E-1
5.264641569E0,1.034652218E-1,2.206749097E-2,-1.099556591E-2,1.063622525E-1
5.267002246E0,1.022434905E-1,2.390008420E-2,-1.221729536E-2,1.057081250E-1
5.269362871E0,1.028543562E-1,2.451094985E-2,-1.038470119E-2,1.062433399E-1
5.271723548E0,1.016326249E-1,2.634354308E-2,-1.038470119E-2,1.055036242E-1
5.274084173E0,1.022434905E-1,2.695440874E-2,-1.343902480E-2,1.065874237E-1
5.276444851E0,1.004109010E-1,2.756527252E-2,-1.404988952E-2,1.050694660E-1
5.278805476E0,1.010217592E-1,3.000873141E-2,-1.527161989E-2,1.064854082E-1
5.281166153E0,1.016326249E-1,3.306305781E-2,-1.649334840E-2,1.081405880E-1
5.283526778E0,1.004109010E-1,3.550651670E-2,-1.832594350E-2,1.080689686E-1
5.285887455E0,9.857830405E-2,3.856083751E-2,-1.954767294E-2,1.076416822E-1
5.288248132E0,9.796743840E-2,4.528035223E-2,-2.076940238E-2,1.099058568E-1
5.290608757E0,9.796743840E-2,5.016727000E-2,-2.015853859E-2,1.118961154E-1
5.292969434E0,9.552398324E-2,5.505418777E-2,-1.771507785E-2,1.116674480E-1
5.295330059E0,9.552398324E-2,5.871937796E-2,-1.710421406E-2,1.134255300E-1
5.297690736E0,9.552398324E-2,6.055197120E-2,-1.710421406E-2,1.143849935E-1
5.300051361E0,9.246965498E-2,6.421715766E-2,-1.527161989E-2,1.136120716E-1
5.302412038E0,9.246965498E-2,6.543888897E-2,-1.160643063E-2,1.138753464E-1
5.304772663E0,9.124792367E-2,6.543888897E-2,-9.162971750E-3,1.126605158E-1
5.307133340E0,9.063705802E-2,6.238456443E-2,-7.330377586E-3,1.102753127E-1
5.309493965E0,9.063705802E-2,5.933023989E-2,-6.719512399E-3,1.085371158E-1
5.311854642E0,8.941533417E-2,5.505418777E-2,-4.276053514E-3,1.050921035E-1
5.314215267E0,8.941533417E-2,5.138900131E-2,-5.497782957E-3,1.032770887E-1
5.316575944E0,8.819360286E-2,4.772381112E-2,-4.276053514E-3,1.003691106E-1
5.318936621E0,8.697187155E-2,4.528035223E-2,-2.443459118E-3,9.808357270E-2
5.321297246E0,8.636100590E-2,4.528035223E-2,-2.443459118E-3,9.754231969E-2
5.323657923E0,8.758273721E-2,4.344775900E-2,-6.108647794E-4,9.776920157E-2
5.326018548E0,8.575014025E-2,4.344775900E-2,1.221729559E-3,9.613681365E-2
5.328379226E0,8.758273721E-2,4.283689335E-2,6.108647794E-4,9.749927407E-2
5.330739851E0,9.185878932E-2,3.978256881E-2,3.054323839E-3,1.001499818E-1
5.333100528E0,9.491311759E-2,3.733910993E-2,4.886918236E-3,1.021106801E-1
5.335461153E0,9.857830405E-2,3.245219216E-2,4.886918236E-3,1.038975879E-1
5.337821830E0,9.980003536E-2,3.000873141E-2,8.552107029E-3,1.045643799E-1
5.340182455E0,1.046869531E-1,2.695440874E-2,9.162971750E-3,1.084889780E-1
5.342543132E0,1.065195426E-1,2.573267929E-2,1.038470119E-2,1.100746372E-1
5.344903757E0,1.071304083E-1,2.573267929E-2,1.160643063E-2,1.107872032E-1
5.347264434E0,1.107956022E-1,2.512181364E-2,1.099556591E-2,1.141388341E-1
5.349625111E0,1.150716543E-1,2.512181364E-2,1.160643063E-2,1.183524414E-1
5.351985736E0,1.199585721E-1,2.634354308E-2,1.404988952E-2,1.236181244E-1
5.354346413E0,1.260672212E-1,2.573267929E-2,1.404988952E-2,1.294315048E-1
5.356707038E0,1.333975941E-1,2.634354308E-2,1.466075517E-2,1.367619761E-1
5.359067663E0,1.450040340E-1,2.451094985E-2,1.588248461E-2,1.479162258E-1
5.361428340E0,1.541669965E-1,2.390008420E-2,1.404988952E-2,1.566399573E-1
5.363789017E0,1.639408320E-1,2.145662531E-2,1.588248461E-2,1.661000797E-1
5.366149642E0,1.737146676E-1,1.840230078E-2,1.404988952E-2,1.752507626E-1
5.368510319E0,1.804341823E-1,1.718057133E-2,1.527161989E-2,1.818925192E-1
5.370870944E0,1.877645552E-1,1.412624773E-2,1.466075517E-2,1.888650757E-1
5.373231621E0,1.969275326E-1,1.229365356E-2,1.466075517E-2,1.978548072E-1
5.375592194E0,2.024253160E-1,9.850194678E-3,1.221729536E-2,2.030327491E-1
5.377952923E0,2.024253160E-1,5.574141163E-3,1.160643063E-2,2.028343877E-1
5.380313601E0,2.073122412E-1,1.908952487E-3,9.162971750E-3,2.075234192E-1
5.382674226E0,2.097556889E-1,-1.756236190E-3,8.552107029E-3,2.099373048E-1
5.385034851E0,2.128100246E-1,-6.643154658E-3,4.886918236E-3,2.129697632E-1
5.387395528E0,2.146426141E-1,-9.697478265E-3,3.054323839E-3,2.148832748E-1
5.389756205E0,2.134208828E-1,-1.275180187E-2,1.221729559E-3,2.138049913E-1
5.392116830E0,2.140317410E-1,-1.397353224E-2,-6.108647794E-4,2.144882722E-1
5.394477507E0,2.121991515E-1,-1.519526169E-2,-3.054323839E-3,2.127644349E-1
5.396838132E0,2.085339576E-1,-1.458439697E-2,-4.276053514E-3,2.090870650E-1
5.399198809E0,2.030361742E-1,-1.519526169E-2,-4.886918236E-3,2.036626278E-1
5.401559434E0,1.993709952E-1,-1.275180187E-2,-6.719512399E-3,1.998913555E-1
5.403920111E0,1.920406222E-1,-1.091920771E-2,-8.552107029E-3,1.925408222E-1
5.406280736E0,1.859319657E-1,-8.475748822E-3,-9.162971750E-3,1.863504608E-1
5.408641413E0,1.792124510E-1,-2.977965865E-3,-7.941242307E-3,1.794130268E-1
5.411002090E0,1.688277572E-1,6.872228696E-4,-8.552107029E-3,1.690456223E-1
5.413362715E0,1.608865112E-1,8.628465235E-3,-1.038470119E-2,1.614520422E-1
5.415723392E0,1.505018175E-1,1.534797717E-2,-9.773836471E-3,1.515977749E-1
5.418084017E0,1.407279670E-1,2.023489587E-2,-8.552107029E-3,1.424322655E-1
5.420444694E0,1.303432733E-1,2.634354308E-2,-6.719512399E-3,1.331484247E-1
5.422805319E0,1.211803034E-1,2.878700197E-2,-5.497782957E-3,1.246739068E-1
5.425165996E0,1.089630052E-1,3.428478539E-2,-4.886918236E-3,1.143340063E-1
5.427526621E0,1.022434905E-1,3.794997558E-2,-3.054323839E-3,1.091020664E-1
5.429887298E0,9.491311759E-2,4.344775900E-2,-3.054323839E-3,1.044295770E-1
5.432247923E0,8.758273721E-2,4.650207981E-2,-2.443459118E-3,9.919248851E-2
5.434608601E0,8.452841640E-2,5.016727000E-2,6.108647794E-4,9.829639522E-2
5.436969226E0,8.269581944E-2,5.383246019E-2,1.221729559E-3,9.868143162E-2
5.439329903E0,8.208495378E-2,5.749764666E-2,1.221729559E-3,1.002268010E-1
5.441690528E0,8.086322248E-2,5.933023989E-2,6.108647794E-4,1.002961179E-1
5.444051205E0,8.452841640E-2,6.177370250E-2,1.832594397E-3,1.047110400E-1
5.446411882E0,8.819360286E-2,6.360629201E-2,3.054323839E-3,1.087805169E-1
5.448772507E0,9.124792367E-2,6.360629201E-2,1.832594397E-3,1.112443363E-1
5.451133184E0,9.613484144E-2,6.238456443E-2,-0.000000000E0,1.146025376E-1
5.453493809E0,9.918916970E-2,5.994110554E-2,-1.221729559E-3,1.159004752E-1
5.455854486E0,1.028543562E-1,5.566505343E-2,6.108647794E-4,1.169529389E-1
5.458215059E0,1.083521396E-1,5.199986324E-2,-2.443459118E-3,1.202087452E-1
5.460575788E0,1.089630052E-1,4.650207981E-2,-6.108647678E-3,1.186283925E-1
5.462936413E0,1.138499230E-1,4.161516204E-2,-6.108647678E-3,1.213710932E-1
5.465297090E0,1.150716543E-1,3.611737862E-2,-7.330377586E-3,1.208291567E-1
5.467657715E0,1.156825200E-1,3.061959706E-2,-7.330377586E-3,1.198905317E-1
5.470018392E0,1.175151095E-1,2.695440874E-2,-8.552107029E-3,1.208696804E-1
5.472379069E0,1.169042438E-1,2.328922041E-2,-8.552107029E-3,1.195078598E-1
5.474739694E0,1.181259751E-1,2.390008420E-2,-9.773836471E-3,1.209152096E-1
5.477100371E0,1.169042438E-1,2.390008420E-2,-1.038470119E-2,1.197733621E-1
5.479460996E0,1.169042438E-1,2.573267929E-2,-1.038470119E-2,1.201524658E-1
5.481821673E0,1.175151095E-1,3.000873141E-2,-9.773836471E-3,1.216793031E-1
5.484182298E0,1.175151095E-1,3.367391974E-2,-1.099556591E-2,1.227380801E-1
5.486542976E0,1.169042438E-1,3.611737862E-2,-1.160643063E-2,1.229055593E-1
5.488903601E0,1.181259751E-1,3.794997558E-2,-1.160643063E-2,1.246140276E-1
5.491264278E0,1.156825200E-1,3.794997558E-2,-1.282816008E-2,1.224222519E-1
5.493624903E0,1.169042438E-1,3.611737862E-2,-9.773836471E-3,1.227460596E-1
5.495985580E0,1.169042438E-1,3.611737862E-2,-1.099556591E-2,1.228493782E-1
5.498346205E0,1.211803034E-1,3.489565104E-2,-9.773836471E-3,1.264828062E-1
5.500706882E0,1.272889525E-1,3.367391974E-2,-7.330377586E-3,1.318716980E-1
5.503067559E0,1.327867359E-1,3.000873141E-2,-6.108647678E-3,1.362723624E-1
5.505428184E0,1.376736462E-1,2.817613818E-2,-4.276053514E-3,1.405923620E-1
5.507788861E0,1.437823027E-1,2.267835476E-2,-3.665188793E-3,1.456059476E-1
5.510149486E0,1.517235339E-1,1.656970754E-2,-1.832594397E-3,1.526366415E-1
5.512510163E0,1.578321904E-1,1.046105940E-2,-2.443459118E-3,1.581973596E-1
5.514870788E0,1.627191007E-1,3.130682046E-3,-1.832594397E-3,1.627595322E-1
5.517231465E0,1.669951528E-1,-1.756236190E-3,-2.443459118E-3,1.670222618E-1
5.519592090E0,1.688277572E-1,-5.421424750E-3,-3.665188793E-3,1.689545414E-1
5.521952767E0,1.718820781E-1,-8.475748822E-3,-5.497782957E-3,1.721787231E-1
5.524313392E0,1.718820781E-1,-1.030834299E-2,-6.719512399E-3,1.723219735E-1
5.526674069E0,1.712712198E-1,-1.214093715E-2,-9.162971750E-3,1.719453202E-1
5.529034694E0,1.706603467E-1,-1.214093715E-2,-9.773836471E-3,1.713706048E-1
5.531395371E0,1.669951528E-1,-1.275180187E-2,-1.099556591E-2,1.678418660E-1
5.533756048E0,1.602756530E-1,-1.091920771E-2,-1.404988952E-2,1.612603902E-1
5.536116621E0,1.553887278E-1,-6.032289471E-3,-1.404988952E-2,1.561391835E-1
5.538477351E0,1.498909444E-1,-3.588830587E-3,-1.282816008E-2,1.504816819E-1
5.540837976E0,1.468366235E-1,7.635809743E-5,-9.773836471E-3,1.471615701E-1
5.543198601E0,1.425605714E-1,4.963276442E-3,-1.038470119E-2,1.430244478E-1
5.545559278E0,1.370627880E-1,8.628465235E-3,-7.941242307E-3,1.375635184E-1
5.547919903E0,1.364519149E-1,1.473711245E-2,-5.497782957E-3,1.373554993E-1
5.550280580E0,1.309541315E-1,1.779143699E-2,-4.886918236E-3,1.322475019E-1
5.552641257E0,1.315650046E-1,2.145662531E-2,-4.276053514E-3,1.333717430E-1
5.555001882E0,1.272889525E-1,2.206749097E-2,-2.443459118E-3,1.292107661E-1
5.557362559E0,1.260672212E-1,2.390008420E-2,-6.108647794E-4,1.283141903E-1
5.559723184E0,1.260672212E-1,2.634354308E-2,-0.000000000E0,1.287902423E-1
5.562083861E0,1.254563481E-1,2.573267929E-2,2.443459118E-3,1.280915163E-1
5.564444486E0,1.254563481E-1,2.634354308E-2,3.054323839E-3,1.282287270E-1
5.566805163E0,1.236237586E-1,2.695440874E-2,3.665188793E-3,1.265812286E-1
5.569165840E0,1.230128929E-1,2.634354308E-2,3.054323839E-3,1.258391154E-1
5.571526465E0,1.230128929E-1,2.634354308E-2,3.665188793E-3,1.258554238E-1
5.573887142E0,1.242346242E-1,2.451094985E-2,2.443459118E-3,1.266530655E-1
5.576247767E0,1.248454899E-1,2.390008420E-2,-0.000000000E0,1.271125893E-1
5.578608444E0,1.272889525E-1,2.145662531E-2,-6.108647794E-4,1.290861625E-1
5.580969069E0,1.278998107E-1,1.779143699E-2,-1.832594397E-3,1.291443193E-1
5.583329746E0,1.321758628E-1,1.534797717E-2,-3.054323839E-3,1.330990158E-1
5.585690371E0,1.340084672E-1,1.290451828E-2,-4.276053514E-3,1.346962528E-1
5.588051048E0,1.370627880E-1,8.628465235E-3,-6.108647678E-3,1.374699016E-1
5.590411673E0,1.413388401E-1,4.963276442E-3,-6.108647678E-3,1.415578236E-1
5.592772351E0,1.419496983E-1,2.519817324E-3,-5.497782957E-3,1.420784711E-1
5.595133028E0,1.456148922E-1,3.741546767E-3,-6.719512399E-3,1.458178585E-1
5.597493653E0,1.456148922E-1,4.963276442E-3,-7.330377586E-3,1.458837393E-1
5.599854330E0,1.462257504E-1,6.795870606E-3,-5.497782957E-3,1.464867897E-1
5.602214955E0,1.450040340E-1,1.046105940E-2,-5.497782957E-3,1.454848077E-1
5.604575632E0,1.450040340E-1,1.229365356E-2,-5.497782957E-3,1.456280516E-1
5.606936257E0,1.468366235E-1,1.595884189E-2,-5.497782957E-3,1.478036003E-1
5.609296934E0,1.443931609E-1,2.023489587E-2,-4.276053514E-3,1.458667905E-1
5.611657559E0,1.468366235E-1,2.390008420E-2,-4.276053514E-3,1.488304158E-1
5.614018236E0,1.480583549E-1,2.573267929E-2,-3.665188793E-3,1.503225892E-1
5.616378809E0,1.517235339E-1,2.695440874E-2,-3.054323839E-3,1.541294903E-1
5.618739538E0,1.541669965E-1,2.695440874E-2,-1.221729559E-3,1.565103689E-1
5.621100163E0,1.602756530E-1,2.695440874E-2,-0.000000000E0,1.625263828E-1
5.623460840E0,1.639408320E-1,2.573267929E-2,6.108647794E-4,1.659492101E-1
5.625821517E0,1.694386154E-1,2.206749097E-2,3.665188793E-3,1.709089002E-1
5.628182142E0,1.737146676E-1,2.084576152E-2,6.108647678E-3,1.750675500E-1
5.630542819E0,1.761581302E-1,1.840230078E-2,6.108647678E-3,1.772220276E-1
5.632903444E0,1.810450554E-1,1.595884189E-2,7.330377586E-3,1.818948354E-1
5.635264121E0,1.822667718E-1,1.412624773E-2,7.941242307E-3,1.829857653E-1
5.637624746E0,1.810450554E-1,1.229365356E-2,6.108647678E-3,1.815647586E-1
5.639985423E0,1.816559136E-1,1.290451828E-2,7.330377586E-3,1.822611642E-1
5.642346048E0,1.828776449E-1,1.351538301E-2,7.941242307E-3,1.835482550E-1
5.644706726E0,1.828776449E-1,1.595884189E-2,8.552107029E-3,1.837717502E-1
5.647067351E0,1.779907197E-1,1.962403022E-2,6.719512399E-3,1.791952865E-1
5.649427976E0,1.749363989E-1,2.328922041E-2,6.719512399E-3,1.766077101E-1
5.651788653E0,1.724929363E-1,2.817613818E-2,6.108647678E-3,1.748857438E-1
5.654149330E0,1.700494885E-1,3.428478539E-2,6.719512399E-3,1.736013448E-1
5.656509955E0,1.621082425E-1,3.794997558E-2,6.719512399E-3,1.666266329E-1
5.658870632E0,1.578321904E-1,4.100430012E-2,6.719512399E-3,1.632100021E-1
5.661231309E0,1.529452652E-1,4.711294547E-2,6.719512399E-3,1.601781371E-1
5.663591934E0,1.450040340E-1,5.077813566E-2,9.162971750E-3,1.539108476E-1
5.665952611E0,1.376736462E-1,5.749764666E-2,9.773836471E-3,1.495176916E-1
5.668313236E0,1.285106838E-1,6.543888897E-2,9.162971750E-3,1.445033013E-1
5.670673913E0,1.205694377E-1,7.154753804E-2,9.773836471E-3,1.405402697E-1
5.673034538E0,1.126281917E-1,7.765618712E-2,1.221729536E-2,1.373493912E-1
5.675395215E0,1.059086844E-1,8.743002266E-2,1.404988952E-2,1.380509243E-1
5.677755840E0,1.059086844E-1,9.842558950E-2,1.527161989E-2,1.453873051E-1
5.680116517E0,1.065195426E-1,1.075885594E-1,1.710421406E-2,1.523622828E-1
5.682477194E0,1.114064679E-1,1.088102907E-1,1.832594350E-2,1.568021704E-1
5.684837819E0,1.107956022E-1,1.081994250E-1,1.893680729E-2,1.560172545E-1
5.687198496E0,1.101847365E-1,1.057559624E-1,2.015853859E-2,1.540498829E-1
5.689559121E0,1.114064679E-1,1.051450968E-1,2.138026804E-2,1.546738773E-1
5.691919798E0,1.107956022E-1,9.964732081E-2,2.199113183E-2,1.506282307E-1
5.694280423E0,1.138499230E-1,9.537126124E-2,2.138026804E-2,1.500486531E-1
5.696641101E0,1.169042438E-1,9.170607477E-2,2.199113183E-2,1.502005867E-1
5.699001726E0,1.224020272E-1,8.681915700E-2,2.199113183E-2,1.516688240E-1
5.701362403E0,1.321758628E-1,8.376483619E-2,2.015853859E-2,1.577763391E-1
5.703723028E0,1.388953775E-1,7.826705277E-2,1.649334840E-2,1.602800299E-1
5.706083705E0,1.474474818E-1,7.521272451E-2,1.404988952E-2,1.661177691E-1
5.708444330E0,1.523344070E-1,7.154753804E-2,1.221729536E-2,1.687426563E-1
5.710805007E0,1.614973694E-1,6.727148592E-2,1.099556591E-2,1.752933416E-1
5.713165684E0,1.694386154E-1,6.177370250E-2,7.330377586E-3,1.804970060E-1
5.715526309E0,1.779907197E-1,5.627591908E-2,4.886918236E-3,1.867392763E-1
5.717886934E0,1.834885031E-1,4.955640435E-2,3.054323839E-3,1.900873401E-1
5.720247611E0,1.871536970E-1,4.283689335E-2,-0.000000000E0,1.919935044E-1
5.722608288E0,1.944840699E-1,3.794997558E-2,-1.832594397E-3,1.981605725E-1
5.724968913E0,1.969275326E-1,3.428478539E-2,-2.443459118E-3,1.999046525E-1
5.727329590E0,1.957058012E-1,3.123046272E-2,-6.108647678E-3,1.982761156E-1
5.729690215E0,1.981492639E-1,3.061959706E-2,-5.497782957E-3,2.005764595E-1
5.732050892E0,1.969275326E-1,3.184132650E-2,-6.108647678E-3,1.995786530E-1
5.734411517E0,1.963166744E-1,3.184132650E-2,-7.941242307E-3,1.990406241E-1
5.736772194E0,1.957058012E-1,3.550651670E-2,-7.330377586E-3,1.990356948E-1
5.739132819E0,1.938732117E-1,3.733910993E-2,-8.552107029E-3,1.976212790E-1
5.741493496E0,1.944840699E-1,4.222602770E-2,-8.552107029E-3,1.991989694E-1
5.743854121E0,1.889862865E-1,4.344775900E-2,-7.941242307E-3,1.940788180E-1
5.746214798E0,1.889862865E-1,4.589121789E-2,-6.108647678E-3,1.945742428E-1
5.748575476E0,1.853211075E-1,4.772381112E-2,-6.719512399E-3,1.914853177E-1
5.750936101E0,1.816559136E-1,4.711294547E-2,-6.719512399E-3,1.877861880E-1
5.753296778E0,1.773798615E-1,4.405862093E-2,-4.276053514E-3,1.828197527E-1
5.755657403E0,1.737146676E-1,4.589121789E-2,-1.221729559E-3,1.796782742E-1
5.758018080E0,1.706603467E-1,4.466948658E-2,-1.221729559E-3,1.764137455E-1
5.760378705E0,1.639408320E-1,4.589121789E-2,-0.000000000E0,1.702427687E-1
5.762739382E0,1.590539217E-1,4.711294547E-2,1.221729559E-3,1.658893374E-1
5.765100007E0,1.553887278E-1,4.894553870E-2,2.443459118E-3,1.629334004E-1
5.767460684E0,1.480583549E-1,5.199986324E-2,1.832594397E-3,1.569350841E-1
5.769821309E0,1.431714296E-1,5.444332212E-2,2.443459118E-3,1.531930288E-1
5.772181986E0,1.388953775E-1,5.627591908E-2,3.054323839E-3,1.498940755E-1
5.774542611E0,1.333975941E-1,5.871937796E-2,4.276053514E-3,1.458120986E-1
5.776903288E0,1.272889525E-1,6.055197120E-2,6.108647678E-3,1.410898090E-1
5.779263913E0,1.248454899E-1,6.299543381E-2,6.108647678E-3,1.399719136E-1
5.781624590E0,1.211803034E-1,6.421715766E-2,7.941242307E-3,1.373738425E-1
5.783985267E0,1.175151095E-1,6.421715766E-2,9.162971750E-3,1.342296701E-1
5.786345892E0,1.138499230E-1,6.238456443E-2,9.162971750E-3,1.301445308E-1
5.788706569E0,1.120173261E-1,6.055197120E-2,1.160643063E-2,1.278637235E-1
5.791067194E0,1.089630052E-1,5.933023989E-2,1.221729536E-2,1.246686656E-1
5.793427871E0,1.052978188E-1,6.055197120E-2,1.221729536E-2,1.220796222E-1
5.795788496E0,1.059086844E-1,6.238456443E-2,1.404988952E-2,1.237169459E-1
5.798149173E0,1.022434905E-1,6.421715766E-2,1.404988952E-2,1.215523512E-1
5.800509798E0,1.016326249E-1,6.482802331E-2,1.282816008E-2,1.212288115E-1
5.802870476E0,1.010217592E-1,6.910407543E-2,1.404988952E-2,1.231997097E-1
5.805231101E0,1.040760875E-1,7.460185885E-2,1.527161989E-2,1.289592637E-1
5.807591778E0,1.046869531E-1,8.071050793E-2,1.404988952E-2,1.329321016E-1
5.809952403E0,1.077412739E-1,8.681915700E-2,1.466075517E-2,1.391426817E-1
5.812313080E0,1.114064679E-1,9.048434347E-2,1.649334840E-2,1.444674636E-1
5.814673757E0,1.138499230E-1,9.170607477E-2,1.710421406E-2,1.471881899E-1
5.817034382E0,1.169042438E-1,8.987347782E-2,1.649334840E-2,1.483774740E-1
5.819395059E0,1.169042438E-1,8.681915700E-2,1.404988952E-2,1.462927464E-1
5.821755684E0,1.187368408E-1,8.254310489E-2,1.466075517E-2,1.453504017E-1
5.824116361E0,1.187368408E-1,7.948877662E-2,1.404988952E-2,1.435768169E-1
5.826476986E0,1.181259751E-1,7.582359016E-2,1.282816008E-2,1.409522065E-1
5.828837663E0,1.181259751E-1,7.460185885E-2,1.160643063E-2,1.401923414E-1
5.831198288E0,1.181259751E-1,7.276926935E-2,1.038470119E-2,1.391292729E-1
5.833558965E0,1.205694377E-1,7.032580674E-2,9.162971750E-3,1.398809081E-1
5.835919590E0,1.199585721E-1,6.788235158E-2,7.330377586E-3,1.380282837E-1
5.838280267E0,1.230128929E-1,6.360629201E-2,5.497782957E-3,1.385934985E-1
5.840640944E0,1.272889525E-1,5.994110554E-2,4.886918236E-3,1.407810198E-1
5.843001569E0,1.297324002E-1,5.505418777E-2,4.886918236E-3,1.410153935E-1
5.845362246E0,1.340084672E-1,4.711294547E-2,3.665188793E-3,1.420962087E-1
5.847722871E0,1.388953775E-1,4.039343446E-2,3.054323839E-3,1.446820111E-1
5.850083548E0,1.407279670E-1,3.489565104E-2,1.832594397E-3,1.450014675E-1
5.852444173E0,1.443931609E-1,2.878700197E-2,-1.832594397E-3,1.472461708E-1
5.854804851E0,1.456148922E-1,2.206749097E-2,-2.443459118E-3,1.472977987E-1
5.857165476E0,1.480583549E-1,1.473711245E-2,-4.886918236E-3,1.488702149E-1
5.859526153E0,1.498909444E-1,8.628465235E-3,-5.497782957E-3,1.502397126E-1
5.861886778E0,1.492800862E-1,3.130682046E-3,-9.162971750E-3,1.495938012E-1
5.864247455E0,1.486692131E-1,-4.199695308E-3,-1.038470119E-2,1.490906247E-1
5.866608132E0,1.505018175E-1,-7.254019380E-3,-1.099556591E-2,1.510771999E-1
5.868968757E0,1.492800862E-1,-1.153007243E-2,-1.282816008E-2,1.502732457E-1
5.871329434E0,1.486692131E-1,-1.336266659E-2,-1.282816008E-2,1.498187487E-1
5.873690059E0,1.474474818E-1,-1.763872057E-2,-1.343902480E-2,1.491056395E-1
5.876050736E0,1.474474818E-1,-2.130390890E-2,-1.160643063E-2,1.494300025E-1
5.878411361E0,1.450040340E-1,-2.252563834E-2,-1.221729536E-2,1.472509306E-1
5.880772038E0,1.401171088E-1,-2.313650399E-2,-1.343902480E-2,1.426489025E-1
5.883132663E0,1.388953775E-1,-2.619082667E-2,-1.466075517E-2,1.421014533E-1
5.885493340E0,1.346193254E-1,-2.557996288E-2,-1.649334840E-2,1.380171287E-1
5.887853965E0,1.303432733E-1,-2.374736778E-2,-1.710421406E-2,1.335883996E-1
5.890214746E0,1.254563481E-1,-1.947131567E-2,-2.260199748E-2,1.289545567E-1
5.892575267E0,1.236237586E-1,-1.397353224E-2,-2.321286127E-2,1.265580112E-1
5.894935892E0,1.217911690E-1,-7.864884101E-3,-2.321286127E-2,1.242327742E-1
5.897296569E0,1.193477064E-1,-2.367100911E-3,-2.565632015E-2,1.220971947E-1
5.899657246E0,1.175151095E-1,3.130682046E-3,-2.748891525E-2,1.207279694E-1
5.902017923E0,1.150716543E-1,4.352411721E-3,-2.626718581E-2,1.181117867E-1
5.904378548E0,1.132390574E-1,7.406735327E-3,-2.748891525E-2,1.167629406E-1
5.906739226E0,1.089630052E-1,1.046105940E-2,-2.748891525E-2,1.128627961E-1
5.909099851E0,1.071304083E-1,9.239329956E-3,-2.748891525E-2,1.109861706E-1
5.911460528E0,1.034652218E-1,7.406735327E-3,-2.809977904E-2,1.074686440E-1
5.913821153E0,9.674570709E-2,7.406735327E-3,-2.626718581E-2,1.005214237E-1
5.916181830E0,9.491311759E-2,4.963276442E-3,-2.626718581E-2,9.860577596E-2
5.918542403E0,8.880446851E-2,3.741546767E-3,-2.443459071E-2,9.218070310E-2
5.920903132E0,8.697187155E-2,1.298087649E-3,-2.443459071E-2,9.034844048E-2
5.923263757E0,8.391755074E-2,-1.756236190E-3,-2.260199748E-2,8.692577281E-2
5.925624434E0,7.903063297E-2,-2.367100911E-3,-2.138026804E-2,8.190579940E-2
5.927985111E0,7.719803602E-2,-4.810560029E-3,-2.076940238E-2,8.008774143E-2
5.930345736E0,7.353284955E-2,-2.977965865E-3,-2.015853859E-2,7.630409505E-2
5.932706413E0,7.292198390E-2,-6.032289471E-3,-2.138026804E-2,7.623070322E-2
5.935067038E0,7.108938694E-2,-9.086613543E-3,-2.138026804E-2,7.478892527E-2
5.937427715E0,6.986765563E-2,-1.091920771E-2,-2.138026804E-2,7.387715657E-2
5.939788288E0,6.986765563E-2,-1.458439697E-2,-2.076940238E-2,7.433412416E-2
5.942149017E0,7.047852129E-2,-1.702785492E-2,-1.710421406E-2,7.449646934E-2
5.944509642E0,6.742420048E-2,-2.130390890E-2,-1.710421406E-2,7.274911328E-2
5.946870319E0,6.620246917E-2,-2.496909723E-2,-1.588248461E-2,7.251535050E-2
5.949230944E0,6.742420048E-2,-2.557996288E-2,-1.527161989E-2,7.371281900E-2
5.951591621E0,6.436987966E-2,-2.741255611E-2,-1.527161989E-2,7.161111656E-2
5.953952246E0,6.436987966E-2,-2.619082667E-2,-1.404988952E-2,7.090021301E-2
5.956312871E0,6.436987966E-2,-2.680169232E-2,-1.343902480E-2,7.100999582E-2
5.958673496E0,6.681333482E-2,-2.619082667E-2,-1.466075517E-2,7.324560638E-2
5.961034226E0,6.803506613E-2,-2.496909723E-2,-1.466075517E-2,7.394027172E-2
5.963394903E0,7.170025259E-2,-2.313650399E-2,-1.282816008E-2,7.642503340E-2
5.965755528E0,7.903063297E-2,-2.374736778E-2,-1.160643063E-2,8.333359261E-2
5.968116205E0,8.147408813E-2,-2.374736778E-2,-1.160643063E-2,8.565438544E-2
5.970476830E0,8.880446851E-2,-2.435823344E-2,-7.941242307E-3,9.242629763E-2
5.972837507E0,9.552398324E-2,-2.435823344E-2,-6.108647678E-3,9.876978529E-2
5.975198080E0,1.040760875E-1,-2.435823344E-2,-4.886918236E-3,1.070001752E-1
5.977558809E0,1.114064679E-1,-2.496909723E-2,-4.276053514E-3,1.142503459E-1
5.979919434E0,1.187368408E-1,-2.557996288E-2,-4.276053514E-3,1.215362353E-1
5.982280111E0,1.230128929E-1,-2.496909723E-2,-2.443459118E-3,1.255452035E-1
5.984640788E0,1.285106838E-1,-2.619082667E-2,-2.443459118E-3,1.311751720E-1
5.987001413E0,1.309541315E-1,-2.924515121E-2,-6.108647794E-4,1.341813570E-1
5.989362038E0,1.303432733E-1,-3.229947388E-2,-3.054323839E-3,1.343203402E-1
5.991722715E0,1.297324002E-1,-3.718639165E-2,-4.886918236E-3,1.350451974E-1
5.994083392E0,1.291215420E-1,-4.146244749E-2,-4.886918236E-3,1.357033129E-1
5.996444017E0,1.285106838E-1,-4.634936526E-2,-3.665188793E-3,1.366626983E-1
5.998804694E0,1.248454899E-1,-5.123628303E-2,-3.665188793E-3,1.349999505E-1
6.001165319E0,1.254563481E-1,-5.490147322E-2,-1.832594397E-3,1.369555601E-1
6.003525996E0,1.211803034E-1,-5.612320080E-2,-1.221729559E-3,1.335513842E-1
6.005886621E0,1.181259751E-1,-5.795579776E-2,-6.108647794E-4,1.315788496E-1
6.008247298E0,1.144607887E-1,-5.978839099E-2,-0.000000000E0,1.291352928E-1
6.010607923E0,1.126281917E-1,-5.795579776E-2,1.832594397E-3,1.266781057E-1
6.012968601E0,1.083521396E-1,-5.673406646E-2,1.221729559E-3,1.223128492E-1
6.015329226E0,1.028543562E-1,-5.490147322E-2,6.108647794E-4,1.165914384E-1
6.017689903E0,1.010217592E-1,-5.184714869E-2,-0.000000000E0,1.135496484E-1
6.020050528E0,9.735657275E-2,-4.940368980E-2,-1.221729559E-3,1.091811314E-1
6.022411205E0,9.613484144E-2,-4.573849961E-2,-1.221729559E-3,1.064678858E-1
6.024771882E0,9.674570709E-2,-4.390590638E-2,-3.054323839E-3,1.062863554E-1
6.027132507E0,9.613484144E-2,-4.329504073E-2,-1.221729559E-3,1.054412676E-1
6.029493184E0,9.552398324E-2,-4.329504073E-2,-1.832594397E-3,1.048935190E-1
6.031853809E0,9.796743840E-2,-4.268417507E-2,-1.832594397E-3,1.068780435E-1
6.034214486E0,9.980003536E-2,-4.329504073E-2,-1.832594397E-3,1.088019578E-1
6.036575111E0,1.034652218E-1,-4.390590638E-2,-3.054323839E-3,1.124371364E-1
6.038935788E0,1.059086844E-1,-4.390590638E-2,-1.832594397E-3,1.146635795E-1
6.041296413E0,1.065195426E-1,-4.512763396E-2,-2.443459118E-3,1.157103574E-1
6.043657090E0,1.083521396E-1,-4.512763396E-2,-3.665188793E-3,1.174313549E-1
6.046017715E0,1.101847365E-1,-4.512763396E-2,-4.276053514E-3,1.191447193E-1
6.048378392E0,1.150716543E-1,-4.451677203E-2,-8.552107029E-3,1.236784830E-1
6.050739017E0,1.175151095E-1,-4.634936526E-2,-1.038470119E-2,1.267513575E-1
6.053099694E0,1.187368408E-1,-4.757109284E-2,-1.343902480E-2,1.286159151E-1
6.055460319E0,1.193477064E-1,-5.001455545E-2,-1.404988952E-2,1.301642431E-1
6.057820996E0,1.187368408E-1,-5.367974192E-2,-1.588248461E-2,1.312714949E-1
6.060181673E0,1.217911690E-1,-5.551233515E-2,-1.588248461E-2,1.347848713E-1
6.062542246E0,1.211803034E-1,-5.856665969E-2,-1.588248461E-2,1.355248054E-1
6.064902976E0,1.230128929E-1,-6.223184988E-2,-1.649334840E-2,1.388416562E-1
6.067263601E0,1.254563481E-1,-6.467530876E-2,-1.527161989E-2,1.419697616E-1
6.069624278E0,1.278998107E-1,-6.528617442E-2,-1.404988952E-2,1.442845991E-1
6.071984903E0,1.285106838E-1,-6.467530876E-2,-1.343902480E-2,1.444939403E-1
6.074345580E0,1.291215420E-1,-6.467530876E-2,-1.466075517E-2,1.451557987E-1
6.076706205E0,1.303432733E-1,-6.162098423E-2,-1.221729536E-2,1.446920070E-1
6.079066882E0,1.291215420E-1,-5.978839099E-2,-1.282816008E-2,1.428691219E-1
6.081427507E0,1.291215420E-1,-5.795579776E-2,-1.221729536E-2,1.420581198E-1
6.083788184E0,1.248454899E-1,-5.551233515E-2,-1.343902480E-2,1.372902876E-1
6.086148809E0,1.236237586E-1,-5.123628303E-2,-1.527161989E-2,1.346893194E-1
6.088509434E0,1.236237586E-1,-4.634936526E-2,-1.282816008E-2,1.326486300E-1
6.090870111E0,1.175151095E-1,-4.085158184E-2,-1.466075517E-2,1.252740613E-1
6.093230788E0,1.169042438E-1,-3.413207084E-2,-1.588248461E-2,1.228163418E-1
6.095591465E0,1.126281917E-1,-2.924515121E-2,-1.649334840E-2,1.175262480E-1
6.097952090E0,1.083521396E-1,-2.313650399E-2,-1.588248461E-2,1.119273751E-1
6.100312767E0,1.065195426E-1,-1.458439697E-2,-1.588248461E-2,1.086801312E-1
6.102673392E0,1.065195426E-1,-7.864884101E-3,-1.832594350E-2,1.083702430E-1
6.105034069E0,1.077412739E-1,-2.367100911E-3,-1.832594350E-2,1.093143425E-1
6.107394694E0,1.034652218E-1,2.519817324E-3,-1.954767294E-2,1.053257477E-1
6.109755371E0,1.034652218E-1,7.406735327E-3,-2.015853859E-2,1.056706134E-1
6.112115996E0,9.857830405E-2,8.628465235E-3,-2.138026804E-2,1.012385712E-1
6.114476673E0,9.735657275E-2,8.628465235E-3,-2.015853859E-2,9.979538741E-2
6.116837351E0,9.613484144E-2,7.406735327E-3,-2.015853859E-2,9.850448795E-2
6.119197976E0,9.124792367E-2,6.795870606E-3,-1.893680729E-2,9.343966022E-2
6.121558601E0,8.269581944E-2,4.963276442E-3,-1.588248461E-2,8.435334008E-2
6.123919278E0,8.086322248E-2,1.298087649E-3,-1.221729536E-2,8.179124701E-2
6.126279955E0,7.658717036E-2,-1.145371469E-3,-1.282816008E-2,7.766252784E-2
6.128640580E0,7.231111825E-2,-2.367100911E-3,-1.099556591E-2,7.318062215E-2
6.131001257E0,6.620246917E-2,-1.145371469E-3,-7.941242307E-3,6.668689623E-2
6.133361830E0,6.375901401E-2,-2.367100911E-3,-6.108647678E-3,6.409470033E-2
6.135722559E0,6.192641705E-2,7.635809743E-5,-3.054323839E-3,6.200174073E-2
6.138083184E0,6.192641705E-2,1.908952487E-3,-6.108647794E-4,6.195884428E-2
6.140443861E0,6.192641705E-2,3.741546767E-3,6.108647794E-4,6.204235212E-2
6.142804486E0,6.070468575E-2,3.741546767E-3,6.108647794E-4,6.082294961E-2
6.145165163E0,6.314814836E-2,3.741546767E-3,1.832594397E-3,6.328543447E-2
6.147525788E0,6.436987966E-2,4.963276442E-3,1.832594397E-3,6.458694855E-2
6.149886465E0,6.559160352E-2,3.741546767E-3,2.443459118E-3,6.574365457E-2
6.152247142E0,6.986765563E-2,4.352411721E-3,2.443459118E-3,7.004572281E-2
6.154607767E0,7.414371520E-2,4.352411721E-3,2.443459118E-3,7.431153668E-2
6.156968444E0,7.903063297E-2,3.130682046E-3,1.221729559E-3,7.910205270E-2
6.159329069E0,8.452841640E-2,6.872228696E-4,6.108647794E-4,8.453341712E-2
6.161689746E0,9.185878932E-2,-1.145371469E-3,6.108647794E-4,9.186796073E-2
6.164050371E0,1.004109010E-1,-4.810560029E-3,-6.108647794E-4,1.005279249E-1
6.166411048E0,1.010217592E-1,-9.086613543E-3,-0.000000000E0,1.014295932E-1
6.168771673E0,1.083521396E-1,-1.397353224E-2,-6.108647794E-4,1.092511735E-1
6.171132351E0,1.120173261E-1,-1.886045001E-2,-2.443459118E-3,1.136202817E-1
6.173492976E0,1.175151095E-1,-2.496909723E-2,-3.054323839E-3,1.201773093E-1
6.175853653E0,1.193477064E-1,-2.985601686E-2,-5.497782957E-3,1.231482131E-1
6.178214278E0,1.193477064E-1,-3.168861195E-2,-8.552107029E-3,1.237787611E-1
6.180574955E0,1.211803034E-1,-3.535379842E-2,-1.038470119E-2,1.266585923E-1
6.182935632E0,1.205694377E-1,-3.352120519E-2,-1.343902480E-2,1.258620988E-1
6.185296257E0,1.236237586E-1,-3.168861195E-2,-1.527161989E-2,1.285310242E-1
6.187656882E0,1.224020272E-1,-2.924515121E-2,-1.954767294E-2,1.273563766E-1
6.190017507E0,1.205694377E-1,-2.435823344E-2,-2.199113183E-2,1.249556831E-1
6.192378236E0,1.181259751E-1,-2.069304511E-2,-2.260199748E-2,1.220360537E-1
6.194738861E0,1.205694377E-1,-1.824958436E-2,-2.260199748E-2,1.240197038E-1
6.197099538E0,1.217911690E-1,-1.580612548E-2,-2.443459071E-2,1.252196937E-1
6.199460163E0,1.217911690E-1,-1.519526169E-2,-2.260199748E-2,1.247991792E-1
6.201820840E0,1.254563481E-1,-1.458439697E-2,-2.260199748E-2,1.283076389E-1
6.204181413E0,1.242346242E-1,-1.336266659E-2,-2.015853859E-2,1.265668574E-1
6.206542142E0,1.260672212E-1,-1.214093715E-2,-1.832594350E-2,1.279694761E-1
6.208902767E0,1.272889525E-1,-1.336266659E-2,-1.771507785E-2,1.292085998E-1
6.211263444E0,1.309541315E-1,-1.519526169E-2,-1.710421406E-2,1.329377097E-1
6.213624069E0,1.303432733E-1,-1.824958436E-2,-1.832594350E-2,1.328843724E-1
6.215984746E0,1.297324002E-1,-2.374736778E-2,-1.832594350E-2,1.331550725E-1
6.218345371E0,1.291215420E-1,-2.802342176E-2,-2.015853859E-2,1.336564680E-1
6.220706048E0,1.297324002E-1,-3.107774630E-2,-2.260199748E-2,1.353039994E-1
6.223066726E0,1.291215420E-1,-3.352120519E-2,-2.443459071E-2,1.356211378E-1
6.225427351E0,1.303432733E-1,-3.474293277E-2,-2.443459071E-2,1.370893486E-1
6.227788028E0,1.278998107E-1,-3.779725730E-2,-2.687804960E-2,1.360493432E-1
6.230148653E0,1.266780794E-1,-3.962985426E-2,-2.871064469E-2,1.358019229E-1
6.232509330E0,1.285106838E-1,-3.962985426E-2,-2.871064469E-2,1.375129896E-1
6.234869955E0,1.266780794E-1,-4.207331315E-2,-2.993237413E-2,1.367970997E-1
6.237230632E0,1.309541315E-1,-4.512763396E-2,-2.932151034E-2,1.415812094E-1
6.239591257E0,1.309541315E-1,-4.818195850E-2,-3.115410358E-2,1.429722485E-1
6.241951934E0,1.297324002E-1,-5.184714869E-2,-3.237583488E-2,1.434113565E-1
6.244312559E0,1.278998107E-1,-5.306887627E-2,-3.604102135E-2,1.430860665E-1
6.246673236E0,1.272889525E-1,-5.367974192E-2,-3.787361458E-2,1.432424616E-1
6.249033861E0,1.297324002E-1,-5.490147322E-2,-3.787361458E-2,1.458735003E-1
6.251394538E0,1.278998107E-1,-5.856665969E-2,-3.970621154E-2,1.461677065E-1
6.253755163E0,1.254563481E-1,-6.101011857E-2,-4.092793912E-2,1.453844078E-1
6.256115840E0,1.254563481E-1,-6.284271181E-2,-4.276053607E-2,1.466866222E-1
6.258476465E0,1.224020272E-1,-6.467530876E-2,-4.337139800E-2,1.450731884E-1
6.260837142E0,1.187368408E-1,-6.711876392E-2,-4.642572254E-2,1.440788449E-1
6.263197819E0,1.138499230E-1,-7.017309219E-2,-4.703658819E-2,1.417692085E-1
6.265558444E0,1.150716543E-1,-7.017309219E-2,-5.131264031E-2,1.442176673E-1
6.267919121E0,1.126281917E-1,-7.139482349E-2,-5.375609919E-2,1.437777750E-1
6.270279746E0,1.107956022E-1,-7.383827865E-2,-5.558869615E-2,1.442839561E-1
6.272640423E0,1.132390574E-1,-7.628174126E-2,-5.681042373E-2,1.478831039E-1
6.275001048E0,1.120173261E-1,-7.689260691E-2,-5.742128938E-2,1.475044366E-1
6.277361726E0,1.138499230E-1,-7.689260691E-2,-5.925388262E-2,1.496171801E-1
6.279722351E0,1.169042438E-1,-7.567087561E-2,-5.925388262E-2,1.513397048E-1
6.282083028E0,1.217911690E-1,-7.383827865E-2,-5.986474827E-2,1.544958522E-1
6.284443653E0,1.266780794E-1,-7.139482349E-2,-5.986474827E-2,1.572524871E-1
6.286804330E0,1.327867359E-1,-6.772962958E-2,-5.681042373E-2,1.595212970E-1
6.289164955E0,1.395062506E-1,-6.772962958E-2,-5.436696485E-2,1.643321744E-1
6.291525632E0,1.462257504E-1,-6.711876392E-2,-5.375609919E-2,1.696367200E-1
6.293886309E0,1.523344070E-1,-6.772962958E-2,-5.314523727E-2,1.749785430E-1
6.296246934E0,1.602756530E-1,-6.711876392E-2,-5.192350596E-2,1.813539740E-1
6.298607611E0,1.651625633E-1,-6.589704007E-2,-5.314523727E-2,1.855950119E-1
6.300968236E0,1.700494885E-1,-6.345357746E-2,-5.070177838E-2,1.884512016E-1
6.303328913E0,1.749363989E-1,-5.978839099E-2,-5.009091273E-2,1.915371893E-1
6.305689538E0,1.755472720E-1,-5.367974192E-2,-5.131264031E-2,1.906078342E-1
6.308050215E0,1.786015928E-1,-4.696023092E-2,-5.131264031E-2,1.916684097E-1
6.310410840E0,1.779907197E-1,-3.962985426E-2,-5.070177838E-2,1.892667218E-1
6.312771517E0,1.779907197E-1,-3.352120519E-2,-5.131264031E-2,1.882481196E-1
6.315132142E0,1.743255407E-1,-2.435823344E-2,-5.253437161E-2,1.836915291E-1
6.317492819E0,1.700494885E-1,-1.947131567E-2,-5.131264031E-2,1.786867307E-1
6.319853444E0,1.645517051E-1,-1.397353224E-2,-5.009091273E-2,1.725735287E-1
6.322214121E0,1.566104591E-1,-1.336266659E-2,-4.703658819E-2,1.640665639E-1
6.324574746E0,1.474474818E-1,-1.397353224E-2,-4.214967042E-2,1.539890067E-1
6.326935423E0,1.388953775E-1,-1.397353224E-2,-3.787361458E-2,1.446429956E-1
6.329296101E0,1.297324002E-1,-1.397353224E-2,-3.359756246E-2,1.347388269E-1
6.331656726E0,1.211803034E-1,-1.153007243E-2,-2.993237413E-2,1.253537216E-1
6.334017403E0,1.120173261E-1,-8.475748822E-3,-2.748891525E-2,1.156518920E-1
6.336378028E0,1.071304083E-1,-1.756236190E-3,-2.565632015E-2,1.101737515E-1
6.338738705E0,1.010217592E-1,3.130682046E-3,-2.199113183E-2,1.034350370E-1
6.341099330E0,9.980003536E-2,7.406735327E-3,-2.015853859E-2,1.020846387E-1
6.343460007E0,9.491311759E-2,1.107192412E-2,-1.893680729E-2,9.741504024E-2
6.345820632E0,9.369138628E-2,1.412624773E-2,-1.893680729E-2,9.662416576E-2
6.348181309E0,9.308052063E-2,1.595884189E-2,-1.832594350E-2,9.620035426E-2
6.350541934E0,9.308052063E-2,1.656970754E-2,-1.466075517E-2,9.567380138E-2
6.352902611E0,9.857830405E-2,1.473711245E-2,-1.282816008E-2,1.004959014E-1
6.355263236E0,1.028543562E-1,9.850194678E-3,-1.282816008E-2,1.041182338E-1
6.357623913E0,1.065195426E-1,5.574141163E-3,-1.099556591E-2,1.072305296E-1
6.359984538E0,1.107956022E-1,1.298087649E-3,-1.038470119E-2,1.112887798E-1
6.362345215E0,1.169042438E-1,-4.199695308E-3,-1.099556591E-2,1.174952856E-1
6.364705840E0,1.230128929E-1,-8.475748822E-3,-1.160643063E-2,1.238495836E-1
6.367066465E0,1.266780794E-1,-1.519526169E-2,-1.404988952E-2,1.283574352E-1
6.369427194E0,1.327867359E-1,-2.008217946E-2,-1.588248461E-2,1.352326310E-1
6.371787819E0,1.358410567E-1,-2.313650399E-2,-1.466075517E-2,1.385749914E-1
6.374148496E0,1.370627880E-1,-2.619082667E-2,-1.649334840E-2,1.405140484E-1
6.376509121E0,1.401171088E-1,-2.985601686E-2,-1.771507785E-2,1.443537665E-1
6.378869798E0,1.419496983E-1,-3.107774630E-2,-1.710421406E-2,1.463150618E-1
6.381230423E0,1.419496983E-1,-3.229947388E-2,-1.649334840E-2,1.465093970E-1
6.383591101E0,1.437823027E-1,-3.474293277E-2,-1.588248461E-2,1.487705457E-1
6.385951726E0,1.425605714E-1,-3.718639165E-2,-1.466075517E-2,1.480583736E-1
6.388312403E0,1.437823027E-1,-3.596466407E-2,-1.221729536E-2,1.487147267E-1
6.390673028E0,1.437823027E-1,-3.535379842E-2,-1.282816008E-2,1.486196600E-1
6.393033705E0,1.474474818E-1,-3.107774630E-2,-1.221729536E-2,1.511815084E-1
6.395394330E0,1.498909444E-1,-2.680169232E-2,-1.282816008E-2,1.528076818E-1
6.397755007E0,1.572213173E-1,-2.374736778E-2,-1.282816008E-2,1.595212894E-1
6.400115632E0,1.645517051E-1,-1.824958436E-2,-1.099556591E-2,1.659253249E-1
6.402476309E0,1.749363989E-1,-1.580612548E-2,-1.221729536E-2,1.760733925E-1
6.404836986E0,1.865428388E-1,-1.580612548E-2,-1.221729536E-2,1.876095057E-1
6.407197611E0,2.005927265E-1,-1.641699113E-2,-1.038470119E-2,2.015311428E-1
6.409558288E0,2.158643454E-1,-1.824958436E-2,-1.099556591E-2,2.169132671E-1
6.411918913E0,2.335794270E-1,-2.191477455E-2,-1.099556591E-2,2.348627440E-1
6.414279590E0,2.512944937E-1,-2.496909723E-2,-1.221729536E-2,2.528272942E-1
6.416640215E0,2.665661275E-1,-2.924515121E-2,-1.588248461E-2,2.686355013E-1
6.419000892E0,2.848920524E-1,-3.352120519E-2,-1.588248461E-2,2.872967213E-1
6.421361517E0,2.989419401E-1,-3.962985426E-2,-1.893680729E-2,3.021513057E-1
6.423722194E0,3.178787529E-1,-4.818195850E-2,-2.015853859E-2,3.221409154E-1
6.426082819E0,3.307069242E-1,-5.978839099E-2,-2.626718581E-2,3.370929938E-1
6.428443496E0,3.429242074E-1,-6.956222653E-2,-2.932151034E-2,3.511348265E-1
6.430804121E0,3.508654535E-1,-7.322741300E-2,-3.176496923E-2,3.598302846E-1
6.433164798E0,3.588066995E-1,-7.994692773E-2,-3.665188700E-2,3.694280981E-1
6.435525423E0,3.643044829E-1,-8.422297984E-2,-3.726275265E-2,3.757655910E-1
6.437886101E0,3.661370873E-1,-9.338594973E-2,-3.848448023E-2,3.798135826E-1
6.440246726E0,3.685805500E-1,-1.001054645E-1,-4.092793912E-2,3.841195413E-1
6.442607403E0,3.630827665E-1,-1.043815166E-1,-4.214967042E-2,3.801331228E-1
6.444968080E0,3.575849831E-1,-1.037706509E-1,-4.214967042E-2,3.747158428E-1
6.447328705E0,3.472002745E-1,-9.705114365E-2,-4.459312931E-2,3.632567993E-1
6.449689382E0,3.343721032E-1,-8.972076327E-2,-4.764745384E-2,3.494635870E-1
6.452050007E0,3.264308572E-1,-7.994692773E-2,-4.948004708E-2,3.397011787E-1
6.454410684E0,3.087157905E-1,-7.017309219E-2,-5.131264031E-2,3.207221371E-1
6.456771309E0,2.952767611E-1,-5.673406646E-2,-5.253437161E-2,3.052326655E-1
6.459131986E0,2.781725526E-1,-4.451677203E-2,-5.192350596E-2,2.864572612E-1
6.461492611E0,2.659552395E-1,-3.168861195E-2,-5.314523727E-2,2.730581876E-1
6.463853288E0,2.488510460E-1,-1.763872057E-2,-4.948004708E-2,2.543349024E-1
6.466213913E0,2.354120165E-1,-4.810560029E-3,-4.825831577E-2,2.403556200E-1
6.468574590E0,2.213621289E-1,6.185005885E-3,-4.276053607E-2,2.255391537E-1
6.470935215E0,2.079230994E-1,1.779143699E-2,-3.787361458E-2,2.120918697E-1
6.473295892E0,1.981492639E-1,2.756527252E-2,-3.237583488E-2,2.026602322E-1
6.475656569E0,1.889862865E-1,3.550651670E-2,-2.748891525E-2,1.942477019E-1
6.478017194E0,1.834885031E-1,4.405862093E-2,-2.260199748E-2,1.900527378E-1
6.480377819E0,1.743255407E-1,5.016727000E-2,-1.649334840E-2,1.821487844E-1
6.482738496E0,1.663842946E-1,5.566505343E-2,-9.773836471E-3,1.757209707E-1
6.485099173E0,1.645517051E-1,5.810851231E-2,-4.276053514E-3,1.745627323E-1
6.487459798E0,1.627191007E-1,5.871937796E-2,-6.108647794E-4,1.729908791E-1
6.489820476E0,1.608865112E-1,5.871937796E-2,4.276053514E-3,1.713205168E-1
6.492181101E0,1.608865112E-1,5.871937796E-2,9.162971750E-3,1.715120838E-1
6.494541778E0,1.608865112E-1,5.871937796E-2,1.099556591E-2,1.716197463E-1
6.496902403E0,1.614973694E-1,5.810851231E-2,1.282816008E-2,1.721120601E-1
6.499263080E0,1.633299738E-1,5.566505343E-2,1.649334840E-2,1.733415965E-1
6.501623705E0,1.651625633E-1,5.199986324E-2,1.588248461E-2,1.738818893E-1
6.503984382E0,1.669951528E-1,4.894553870E-2,1.527161989E-2,1.746890643E-1
6.506344955E0,1.694386154E-1,4.589121789E-2,1.588248461E-2,1.762603234E-1
6.508705684E0,1.712712198E-1,4.528035223E-2,1.710421406E-2,1.779794797E-1
6.511066309E0,1.737146676E-1,4.466948658E-2,1.771507785E-2,1.802386550E-1
6.513426986E0,1.767689884E-1,4.528035223E-2,1.893680729E-2,1.834562297E-1
6.515787611E0,1.804341823E-1,4.283689335E-2,2.015853859E-2,1.865418458E-1
6.518148288E0,1.816559136E-1,4.283689335E-2,2.015853859E-2,1.877238319E-1
6.520508965E0,1.816559136E-1,4.344775900E-2,2.015853859E-2,1.878641674E-1
6.522869590E0,1.804341823E-1,4.344775900E-2,2.015853859E-2,1.866830699E-1
6.525230267E0,1.755472720E-1,4.466948658E-2,1.832594350E-2,1.820660538E-1
6.527590892E0,1.737146676E-1,4.955640435E-2,1.649334840E-2,1.813963987E-1
6.529951569E0,1.706603467E-1,5.322159454E-2,1.588248461E-2,1.794707369E-1
6.532312194E0,1.682168841E-1,5.810851231E-2,1.404988952E-2,1.785242804E-1
6.534672871E0,1.645517051E-1,6.238456443E-2,1.343902480E-2,1.764927900E-1
6.537033496E0,1.627191007E-1,6.543888897E-2,1.221729536E-2,1.758096022E-1
6.539394173E0,1.645517051E-1,6.604975462E-2,1.282816008E-2,1.777762510E-1
6.541754798E0,1.621082425E-1,6.604975462E-2,1.282816008E-2,1.755169908E-1
6.544115476E0,1.651625633E-1,6.482802331E-2,1.527161989E-2,1.780858425E-1
6.546476101E0,1.645517051E-1,6.238456443E-2,1.710421406E-2,1.768096481E-1
6.548836778E0,1.700494885E-1,6.055197120E-2,1.832594350E-2,1.814365178E-1
6.551197403E0,1.737146676E-1,5.688678101E-2,2.015853859E-2,1.839001312E-1
6.553558080E0,1.816559136E-1,5.444332212E-2,2.015853859E-2,1.907074014E-1
6.555918757E0,1.871536970E-1,4.894553870E-2,2.076940238E-2,1.945598626E-1
6.558279382E0,1.920406222E-1,4.589121789E-2,2.199113183E-2,1.986686043E-1
6.560640059E0,1.993709952E-1,4.100430012E-2,2.076940238E-2,2.046008661E-1
6.563000684E0,2.048687786E-1,3.611737862E-2,1.832594350E-2,2.088337178E-1
6.565361361E0,2.128100246E-1,3.123046272E-2,1.771507785E-2,2.158176832E-1
6.567721986E0,2.213621289E-1,2.634354308E-2,1.466075517E-2,2.234057119E-1
6.570082663E0,2.268599123E-1,2.206749097E-2,1.282816008E-2,2.282913832E-1
6.572443288E0,2.354120165E-1,1.901316643E-2,1.038470119E-2,2.364067682E-1
6.574803965E0,2.427423894E-1,1.534797717E-2,7.330377586E-3,2.433375484E-1
6.577164590E0,2.451858521E-1,1.351538301E-2,4.276053514E-3,2.455953018E-1
6.579525267E0,2.506836355E-1,1.168278884E-2,4.886918236E-3,2.510032960E-1
6.581885892E0,2.543488145E-1,6.795870606E-3,3.054323839E-3,2.544579183E-1
6.584246569E0,2.549596727E-1,1.908952487E-3,4.886918236E-3,2.550136482E-1
6.586607246E0,2.543488145E-1,-3.588830587E-3,6.108647678E-3,2.544474695E-1
6.588967871E0,2.525162399E-1,-9.086613543E-3,6.719512399E-3,2.527690048E-1
6.591328548E0,2.482401729E-1,-1.458439697E-2,4.886918236E-3,2.487162440E-1
6.593689173E0,2.451858521E-1,-1.702785492E-2,4.886918236E-3,2.458250025E-1
6.596049851E0,2.372446060E-1,-1.763872057E-2,5.497782957E-3,2.379629239E-1
6.598410476E0,2.299142331E-1,-1.519526169E-2,3.665188793E-3,2.304449699E-1
6.600771153E0,2.256381810E-1,-1.030834299E-2,3.054323839E-3,2.258941777E-1
6.603131778E0,2.189186662E-1,-2.367100911E-3,1.832594397E-3,2.189391331E-1
6.605492455E0,2.121991515E-1,6.795870606E-3,-0.000000000E0,2.123079456E-1
6.607853080E0,2.079230994E-1,1.595884189E-2,-1.832594397E-3,2.085427014E-1
6.610213757E0,2.018144578E-1,2.573267929E-2,-1.832594397E-3,2.034566405E-1
6.612574382E0,1.993709952E-1,3.428478539E-2,-2.443459118E-3,2.023121616E-1
6.614935059E0,1.963166744E-1,3.856083751E-2,-1.221729559E-3,2.000716558E-1
6.617295684E0,1.963166744E-1,3.856083751E-2,-0.000000000E0,2.000679255E-1
6.619656309E0,1.993709952E-1,3.611737862E-2,1.221729559E-3,2.026197211E-1
6.622017038E0,2.030361742E-1,3.123046272E-2,3.665188793E-3,2.054567191E-1
6.624377663E0,2.103665620E-1,2.634354308E-2,6.719512399E-3,2.121160638E-1
6.626738340E0,2.183077931E-1,2.512181364E-2,8.552107029E-3,2.199148394E-1
6.629098965E0,2.268599123E-1,2.084576152E-2,1.038470119E-2,2.280522037E-1
6.631459642E0,2.348011434E-1,1.901316643E-2,1.343902480E-2,2.359527174E-1
6.633820267E0,2.415206581E-1,1.656970754E-2,1.710421406E-2,2.426918574E-1
6.636180944E0,2.494619042E-1,1.473711245E-2,1.893680729E-2,2.506133013E-1
6.638541569E0,2.586248815E-1,1.229365356E-2,2.015853859E-2,2.597004619E-1
6.640902246E0,2.629009187E-1,1.046105940E-2,2.076940238E-2,2.639274425E-1
6.643262819E0,2.702313066E-1,7.406735327E-3,2.138026804E-2,2.711769434E-1
6.645623548E0,2.775616944E-1,4.352411721E-3,2.015853859E-2,2.783267942E-1
6.647984173E0,2.830594778E-1,7.635809743E-5,1.893680729E-2,2.836922214E-1
6.650344851E0,2.867246568E-1,-4.810560029E-3,1.954767294E-2,2.874304817E-1
6.652705476E0,2.873355150E-1,-1.030834299E-2,1.771507785E-2,2.880655899E-1
6.655066153E0,2.848920524E-1,-1.458439697E-2,1.527161989E-2,2.856736049E-1
6.657426778E0,2.848920524E-1,-2.008217946E-2,1.466075517E-2,2.859750220E-1
6.659787455E0,2.836703360E-1,-2.313650399E-2,1.404988952E-2,2.849588685E-1
6.662148132E0,2.763399482E-1,-2.680169232E-2,1.221729536E-2,2.779053076E-1
6.664508757E0,2.714530230E-1,-2.863428742E-2,1.038470119E-2,2.731565634E-1
6.666869434E0,2.665661275E-1,-2.741255611E-2,7.330377586E-3,2.680721601E-1
6.669230059E0,2.616792023E-1,-2.924515121E-2,7.330377586E-3,2.634103609E-1
6.671590736E0,2.555705607E-1,-2.741255611E-2,5.497782957E-3,2.570952846E-1
6.673951361E0,2.512944937E-1,-2.435823344E-2,4.886918236E-3,2.525195598E-1
6.676312038E0,2.494619042E-1,-2.252563834E-2,3.665188793E-3,2.505036519E-1
6.678672663E0,2.500727773E-1,-2.008217946E-2,4.276053514E-3,2.509142732E-1
6.681033340E0,2.531270981E-1,-1.824958436E-2,6.108647678E-3,2.538576189E-1
6.683393965E0,2.531270981E-1,-1.397353224E-2,7.941242307E-3,2.536368481E-1
6.685754642E0,2.537379563E-1,-1.030834299E-2,1.160643063E-2,2.542123554E-1
6.688115267E0,2.537379563E-1,-6.032289471E-3,1.343902480E-2,2.541651950E-1
6.690475944E0,2.525162399E-1,-6.032289471E-3,1.649334840E-2,2.531261947E-1
6.692836621E0,2.525162399E-1,-1.145371469E-3,1.954767294E-2,2.532743074E-1
6.695197246E0,2.506836355E-1,7.635809743E-5,2.138026804E-2,2.515937336E-1
6.697557923E0,2.500727773E-1,-1.145371469E-3,2.321286127E-2,2.511504385E-1
6.699918548E0,2.439641207E-1,6.872228696E-4,2.443459071E-2,2.451856719E-1
6.702279226E0,2.415206581E-1,-1.145371469E-3,2.565632015E-2,2.428822491E-1
6.704639851E0,2.341902852E-1,-1.145371469E-3,2.565632015E-2,2.355942451E-1
6.707000528E0,2.268599123E-1,-3.588830587E-3,2.504545636E-2,2.282664548E-1
6.709361153E0,2.207512558E-1,-6.032289471E-3,2.565632015E-2,2.223190325E-1
6.711721830E0,2.158643454E-1,-9.697478265E-3,2.626718581E-2,2.176727401E-1
6.714082455E0,2.079230994E-1,-1.275180187E-2,2.565632015E-2,2.098877569E-1
6.716443132E0,2.067013681E-1,-1.824958436E-2,2.748891525E-2,2.093182824E-1
6.718803757E0,2.030361742E-1,-2.435823344E-2,2.748891525E-2,2.063314131E-1
6.721164434E0,1.981492639E-1,-3.046688065E-2,2.565632015E-2,2.021128604E-1
6.723525059E0,1.920406222E-1,-3.718639165E-2,2.382372692E-2,1.970532879E-1
6.725885736E0,1.871536970E-1,-4.146244749E-2,2.321286127E-2,1.930918895E-1
6.728246413E0,1.853211075E-1,-4.451677203E-2,2.199113183E-2,1.918574100E-1
6.730607038E0,1.822667718E-1,-4.879282415E-2,2.015853859E-2,1.897584846E-1
6.732967715E0,1.786015928E-1,-5.062541738E-2,1.771507785E-2,1.864813283E-1
6.735328340E0,1.749363989E-1,-5.062541738E-2,1.771507785E-2,1.829740433E-1
6.737689017E0,1.718820781E-1,-4.879282415E-2,1.588248461E-2,1.793779300E-1
6.740049642E0,1.682168841E-1,-4.634936526E-2,1.404988952E-2,1.750502304E-1
6.742410319E0,1.633299738E-1,-4.329504073E-2,1.282816008E-2,1.694570819E-1
6.744770944E0,1.596647799E-1,-3.901898861E-2,9.162971750E-3,1.646186000E-1
6.747131621E0,1.547778696E-1,-3.413207084E-2,9.773836471E-3,1.587977174E-1
6.749492246E0,1.492800862E-1,-2.985601686E-2,9.162971750E-3,1.525119206E-1
6.751852923E0,1.431714296E-1,-2.680169232E-2,7.330377586E-3,1.458428038E-1
6.754213601E0,1.376736462E-1,-2.313650399E-2,6.108647678E-3,1.397377768E-1
6.756574226E0,1.303432733E-1,-1.947131567E-2,4.886918236E-3,1.318801842E-1
6.758934851E0,1.254563481E-1,-1.702785492E-2,2.443459118E-3,1.266302239E-1
6.761295528E0,1.199585721E-1,-1.519526169E-2,6.108647794E-4,1.209186840E-1
6.763656205E0,1.156825200E-1,-1.397353224E-2,1.221729559E-3,1.165298144E-1
6.766016830E0,1.169042438E-1,-1.458439697E-2,6.108647794E-4,1.178120538E-1
6.768377507E0,1.095738709E-1,-1.397353224E-2,1.221729559E-3,1.104680289E-1
6.770738080E0,1.120173261E-1,-1.336266659E-2,2.443459118E-3,1.128379931E-1
6.773098809E0,1.083521396E-1,-1.519526169E-2,3.665188793E-3,1.094738130E-1
6.775459434E0,1.071304083E-1,-1.580612548E-2,4.276053514E-3,1.083745478E-1
6.777820111E0,1.052978188E-1,-1.702785492E-2,7.941242307E-3,1.069609359E-1
6.780180788E0,1.040760875E-1,-1.824958436E-2,9.162971750E-3,1.060605457E-1
6.782541413E0,1.004109010E-1,-1.947131567E-2,9.773836471E-3,1.027473068E-1
6.784902090E0,1.004109010E-1,-2.313650399E-2,1.160643063E-2,1.036935682E-1
6.787262715E0,9.796743840E-2,-2.680169232E-2,1.099556591E-2,1.021609131E-1
6.789623392E0,9.552398324E-2,-2.924515121E-2,1.099556591E-2,1.005037945E-1
6.791984017E0,9.369138628E-2,-3.291033953E-2,1.099556591E-2,9.991030368E-2
6.794344694E0,9.369138628E-2,-3.718639165E-2,1.038470119E-2,1.013348193E-1
6.796705319E0,9.308052063E-2,-3.962985426E-2,1.221729536E-2,1.019007899E-1
6.799065996E0,9.124792367E-2,-4.268417507E-2,1.404988952E-2,1.017129381E-1
6.801426621E0,9.369138628E-2,-4.268417507E-2,1.527161989E-2,1.040828374E-1
6.803787298E0,9.552398324E-2,-4.390590638E-2,1.466075517E-2,1.061484702E-1
6.806147923E0,9.308052063E-2,-4.329504073E-2,1.649334840E-2,1.039734313E-1
6.808508601E0,9.491311759E-2,-4.329504073E-2,1.771507785E-2,1.058148592E-1
6.810869226E0,9.674570709E-2,-4.024071619E-2,1.710421406E-2,1.061677975E-1
6.813229903E0,9.369138628E-2,-3.901898861E-2,1.710421406E-2,1.029228423E-1
6.815590580E0,9.552398324E-2,-3.535379842E-2,1.832594350E-2,1.034918482E-1
6.817951205E0,9.552398324E-2,-3.229947388E-2,1.893680729E-2,1.025996591E-1
6.820311882E0,9.796743840E-2,-2.924515121E-2,1.588248461E-2,1.034657005E-1
6.822672507E0,1.004109010E-1,-2.435823344E-2,1.282816008E-2,1.041164457E-1
6.825033184E0,9.980003536E-2,-1.763872057E-2,1.038470119E-2,1.018774437E-1
6.827393809E0,1.046869531E-1,-1.030834299E-2,7.941242307E-3,1.054925752E-1
6.829754486E0,1.089630052E-1,-3.588830587E-3,4.276053514E-3,1.091059157E-1
6.832115163E0,1.175151095E-1,-5.345066893E-4,3.665188793E-3,1.175734675E-1
6.834475788E0,1.199585721E-1,3.130682046E-3,1.221729559E-3,1.200056366E-1
6.836836465E0,1.254563481E-1,4.352411721E-3,2.443459118E-3,1.255556022E-1
6.839197090E0,1.297324002E-1,2.519817324E-3,2.443459118E-3,1.297798737E-1
6.841557767E0,1.358410567E-1,-1.145371469E-3,1.221729559E-3,1.358513790E-1
6.843918392E0,1.395062506E-1,-6.643154658E-3,6.108647794E-4,1.396656673E-1
6.846279069E0,1.425605714E-1,-1.275180187E-2,-2.443459118E-3,1.431506042E-1
6.848639694E0,1.450040340E-1,-1.947131567E-2,-4.276053514E-3,1.463679837E-1
6.851000371E0,1.425605714E-1,-2.313650399E-2,-6.719512399E-3,1.445820397E-1
6.853360996E0,1.456148922E-1,-2.680169232E-2,-7.941242307E-3,1.482737026E-1
6.855721673E0,1.431714296E-1,-2.985601686E-2,-9.162971750E-3,1.465380499E-1
6.858082298E0,1.425605714E-1,-3.291033953E-2,-9.162971750E-3,1.465966133E-1
6.860442923E0,1.382845193E-1,-3.596466407E-2,-1.160643063E-2,1.433554135E-1
6.862803601E0,1.364519149E-1,-3.596466407E-2,-1.099556591E-2,1.415396927E-1
6.865164278E0,1.370627880E-1,-3.718639165E-2,-1.160643063E-2,1.424912096E-1
6.867524955E0,1.321758628E-1,-3.901898861E-2,-9.162971750E-3,1.381191523E-1
6.869885580E0,1.340084672E-1,-3.901898861E-2,-7.330377586E-3,1.397658227E-1
6.872246257E0,1.346193254E-1,-4.024071619E-2,-4.886918236E-3,1.405900423E-1
6.874606882E0,1.346193254E-1,-4.085158184E-2,-1.221729559E-3,1.406865563E-1
6.876967559E0,1.388953775E-1,-4.207331315E-2,6.108647794E-4,1.451291243E-1
6.879328184E0,1.388953775E-1,-4.268417507E-2,4.276053514E-3,1.453690109E-1
6.881688861E0,1.401171088E-1,-4.268417507E-2,6.719512399E-3,1.466284244E-1
6.884049486E0,1.413388401E-1,-4.207331315E-2,7.330377586E-3,1.476501468E-1
6.886410163E0,1.413388401E-1,-4.146244749E-2,8.552107029E-3,1.475430134E-1
6.888770840E0,1.401171088E-1,-4.207331315E-2,7.941242307E-3,1.465129045E-1
6.891131413E0,1.376736462E-1,-3.962985426E-2,6.719512399E-3,1.434214421E-1
6.893492142E0,1.388953775E-1,-3.718639165E-2,5.497782957E-3,1.438922487E-1
6.895852767E0,1.364519149E-1,-3.718639165E-2,6.108647678E-3,1.415601229E-1
6.898213444E0,1.340084672E-1,-3.657552972E-2,3.665188793E-3,1.389585271E-1
6.900574069E0,1.309541315E-1,-3.657552972E-2,3.054323839E-3,1.360003045E-1
6.902934746E0,1.291215420E-1,-3.535379842E-2,1.832594397E-3,1.338866015E-1
6.905295371E0,1.236237586E-1,-3.535379842E-2,1.221729559E-3,1.285854477E-1
6.907656048E0,1.236237586E-1,-3.596466407E-2,2.443459118E-3,1.287721291E-1
6.910016726E0,1.193477064E-1,-3.657552972E-2,6.108647794E-4,1.248279518E-1
6.912377351E0,1.156825200E-1,-3.535379842E-2,1.832594397E-3,1.209780761E-1
6.914738028E0,1.132390574E-1,-3.474293277E-2,-0.000000000E0,1.184489573E-1
6.917098653E0,1.114064679E-1,-3.168861195E-2,1.832594397E-3,1.158400950E-1
6.919459330E0,1.034652218E-1,-3.168861195E-2,1.832594397E-3,1.082246675E-1
6.921819955E0,1.016326249E-1,-2.863428742E-2,3.054323839E-3,1.056335257E-1
6.924180632E0,9.430225194E-2,-2.435823344E-2,3.054323839E-3,9.744520076E-2
6.926541257E0,9.002619982E-2,-2.069304511E-2,4.886918236E-3,9.250297692E-2
6.928901934E0,8.697187155E-2,-1.641699113E-2,7.330377586E-3,8.881080157E-2
6.931262559E0,8.330668509E-2,-1.091920771E-2,9.162971750E-3,8.451741199E-2
6.933623236E0,7.903063297E-2,-6.643154658E-3,1.038470119E-2,7.998633928E-2
6.935983913E0,7.903063297E-2,-6.032289471E-3,1.343902480E-2,8.039177105E-2
6.938344538E0,7.841976732E-2,-4.199695308E-3,1.649334840E-2,8.024542285E-2
6.940705215E0,7.658717036E-2,-2.977965865E-3,2.076940238E-2,7.940926281E-2
6.943065840E0,7.658717036E-2,-2.977965865E-3,2.260199748E-2,7.990815500E-2
6.945426517E0,7.903063297E-2,-2.367100911E-3,2.626718581E-2,8.331511967E-2
6.947787142E0,7.964149863E-2,-4.199695308E-3,2.687804960E-2,8.415958231E-2
6.950147819E0,8.086322248E-2,-5.421424750E-3,3.176496923E-2,8.704749202E-2
6.952508496E0,8.025235683E-2,-5.421424750E-3,3.359756246E-2,8.717011429E-2
6.954869121E0,8.086322248E-2,-5.421424750E-3,3.298669681E-2,8.750071293E-2
6.957229798E0,8.147408813E-2,-2.977965865E-3,3.176496923E-2,8.749804905E-2
6.959590423E0,8.147408813E-2,6.872228696E-4,3.176496923E-2,8.745005765E-2
6.961951101E0,8.636100590E-2,5.574141163E-3,3.115410358E-2,9.197756552E-2
6.964311726E0,8.513928205E-2,9.239329956E-3,2.748891525E-2,8.994277640E-2
6.966672403E0,9.063705802E-2,1.290451828E-2,2.565632015E-2,9.507812389E-2
6.969033028E0,9.430225194E-2,1.779143699E-2,2.382372692E-2,9.887881429E-2
6.971393705E0,9.796743840E-2,2.023489587E-2,2.138026804E-2,1.022946033E-1
6.973754330E0,1.034652218E-1,2.451094985E-2,1.832594350E-2,1.078966125E-1
6.976115007E0,1.083521396E-1,2.756527252E-2,1.649334840E-2,1.130135432E-1
6.978475684E0,1.156825200E-1,2.817613818E-2,1.221729536E-2,1.196896090E-1
6.980836309E0,1.217911690E-1,2.634354308E-2,1.099556591E-2,1.250918606E-1
6.983196986E0,1.303432733E-1,2.573267929E-2,1.038470119E-2,1.332643302E-1
6.985557611E0,1.413388401E-1,2.328922041E-2,9.162971750E-3,1.435375058E-1
6.987918288E0,1.517235339E-1,1.840230078E-2,7.330377586E-3,1.530111429E-1
6.990278913E0,1.572213173E-1,1.412624773E-2,5.497782957E-3,1.579503691E-1
6.992639590E0,1.700494885E-1,8.628465235E-3,6.719512399E-3,1.704007946E-1
6.995000215E0,1.779907197E-1,4.963276442E-3,7.941242307E-3,1.782369034E-1
6.997360892E0,1.834885031E-1,-1.145371469E-3,8.552107029E-3,1.836912659E-1
6.999721569E0,1.902080178E-1,-4.199695308E-3,9.162971750E-3,1.904749000E-1
7.002082194E0,1.920406222E-1,-7.864884101E-3,7.941242307E-3,1.923655903E-1
7.004442819E0,1.963166744E-1,-1.091920771E-2,9.162971750E-3,1.968334976E-1
7.006803496E0,1.957058012E-1,-1.275180187E-2,8.552107029E-3,1.963071767E-1
7.009164173E0,1.950949430E-1,-1.763872057E-2,7.941242307E-3,1.960515866E-1
7.011524798E0,1.895971596E-1,-2.069304511E-2,6.719512399E-3,1.908413920E-1
7.013885476E0,1.816559136E-1,-2.435823344E-2,6.108647678E-3,1.833835054E-1
7.016246101E0,1.731038094E-1,-2.496909723E-2,4.276053514E-3,1.749476186E-1
7.018606778E0,1.663842946E-1,-2.435823344E-2,4.276053514E-3,1.682121924E-1
7.020967455E0,1.553887278E-1,-2.069304511E-2,4.886918236E-3,1.568366692E-1
7.023328080E0,1.450040340E-1,-1.641699113E-2,4.276053514E-3,1.459930550E-1
7.025688757E0,1.346193254E-1,-9.697478265E-3,4.276053514E-3,1.350358785E-1
7.028049382E0,1.236237586E-1,-1.145371469E-3,4.276053514E-3,1.237029918E-1
7.030410163E0,1.114064679E-1,9.239329956E-3,4.276053514E-3,1.118706884E-1
7.032770684E0,1.004109010E-1,1.840230078E-2,1.221729559E-3,1.020905791E-1
7.035131361E0,8.758273721E-2,2.756527252E-2,1.832594397E-3,9.183647700E-2
7.037492038E0,7.597630471E-2,3.550651670E-2,3.054323839E-3,8.391924987E-2
7.039852663E0,6.498073786E-2,4.161516204E-2,3.665188793E-3,7.725122403E-2
7.042213340E0,5.398517475E-2,4.955640435E-2,4.276053514E-3,7.340654561E-2
7.044573965E0,4.787652567E-2,5.566505343E-2,7.330377586E-3,7.378681670E-2
7.046934642E0,3.810269013E-2,6.177370250E-2,8.552107029E-3,7.308176141E-2
7.049295267E0,3.565923125E-2,6.788235158E-2,9.162971750E-3,7.722405377E-2
7.051655944E0,3.016144782E-2,7.460185885E-2,9.773836471E-3,8.105971971E-2
7.054016569E0,2.893971838E-2,8.009964228E-2,1.099556591E-2,8.587410822E-2
7.056377246E0,2.710712515E-2,8.315397054E-2,1.160643063E-2,8.822748031E-2
7.058737923E0,2.893971838E-2,8.926261961E-2,1.221729536E-2,9.462866831E-2
7.061098548E0,3.382663801E-2,9.231694043E-2,1.099556591E-2,9.893210500E-2
7.063459226E0,3.810269013E-2,9.353867173E-2,1.038470119E-2,1.015339358E-1
7.065819851E0,4.726566374E-2,9.353867173E-2,9.773836471E-3,1.052570851E-1
7.068180528E0,5.703949928E-2,9.231694043E-2,8.552107029E-3,1.088533899E-1
7.070541153E0,7.108938694E-2,9.292780608E-2,7.941242307E-3,1.172703774E-1
7.072901830E0,8.208495378E-2,8.926261961E-2,6.719512399E-3,1.214533110E-1
7.075262507E0,9.552398324E-2,8.559742570E-2,6.108647678E-3,1.284097591E-1
7.077623132E0,1.126281917E-1,8.254310489E-2,5.497782957E-3,1.397451228E-1
7.079983809E0,1.321758628E-1,7.704532146E-2,5.497782957E-3,1.530903847E-1
7.082344434E0,1.486692131E-1,6.421715766E-2,3.665188793E-3,1.619870731E-1
7.084705111E0,1.596647799E-1,5.199986324E-2,-1.221729559E-3,1.679235551E-1
7.087065788E0,1.669951528E-1,4.039343446E-2,-5.497782957E-3,1.718989128E-1
7.089426413E0,1.749363989E-1,3.794997558E-2,-9.162971750E-3,1.792397957E-1
7.091787090E0,1.810450554E-1,3.733910993E-2,-1.343902480E-2,1.853432723E-1
7.094147715E0,1.828776449E-1,3.856083751E-2,-1.710421406E-2,1.876798480E-1
7.096508340E0,1.840993762E-1,3.794997558E-2,-1.771507785E-2,1.888030851E-1
7.098869017E0,1.859319657E-1,3.856083751E-2,-2.015853859E-2,1.909554941E-1
7.101229642E0,1.859319657E-1,3.917170316E-2,-1.954767294E-2,1.910163075E-1
7.103590319E0,1.859319657E-1,3.917170316E-2,-1.954767294E-2,1.910163075E-1
7.105950996E0,1.828776449E-1,3.978256881E-2,-1.832594350E-2,1.880497966E-1
7.108311673E0,1.804341823E-1,3.794997558E-2,-1.527161989E-2,1.850132891E-1
7.110672298E0,1.731038094E-1,4.039343446E-2,-1.221729536E-2,1.781735689E-1
7.113032976E0,1.657734364E-1,4.650207981E-2,-6.108647678E-3,1.722805596E-1
7.115393601E0,1.553887278E-1,5.383246019E-2,-1.221729559E-3,1.644538936E-1
7.117754278E0,1.456148922E-1,6.543888897E-2,3.054323839E-3,1.596723956E-1
7.120114903E0,1.303432733E-1,7.521272451E-2,6.108647678E-3,1.506108840E-1
7.122475580E0,1.169042438E-1,8.437569439E-2,1.038470119E-2,1.445465394E-1
7.124836257E0,1.065195426E-1,9.231694043E-2,1.282816008E-2,1.415393661E-1
7.127196882E0,9.124792367E-2,9.537126124E-2,1.466075517E-2,1.328036098E-1
7.129557559E0,7.719803602E-2,9.964732081E-2,1.771507785E-2,1.272908060E-1
7.131918184E0,6.803506613E-2,1.027016416E-1,2.260199748E-2,1.252487433E-1
7.134278809E0,5.765036494E-2,1.033125073E-1,2.687804960E-2,1.213238158E-1
7.136639486E0,4.848739132E-2,1.063668281E-1,3.054323979E-2,1.208214332E-1
7.139000163E0,4.237874225E-2,1.100320220E-1,3.604102135E-2,1.232962241E-1
7.141360840E0,3.749182448E-2,1.130863428E-1,3.909534588E-2,1.253898078E-1
7.143721465E0,3.199404106E-2,1.136972085E-1,4.092793912E-2,1.250030803E-1
7.146082142E0,3.016144782E-2,1.130863428E-1,4.031707719E-2,1.237889356E-1
7.148442767E0,3.199404106E-2,1.118646115E-1,4.214967042E-2,1.237493624E-1
7.150803444E0,3.138317913E-2,1.100320220E-1,4.276053607E-2,1.221491434E-1
7.153164121E0,3.627009690E-2,1.063668281E-1,4.214967042E-2,1.200250672E-1
7.155524746E0,3.871355578E-2,1.014799103E-1,4.092793912E-2,1.160689786E-1
7.157885423E0,4.726566374E-2,9.659299254E-2,4.092793912E-2,1.150623543E-1
7.160246048E0,5.398517475E-2,8.865175396E-2,3.787361458E-2,1.104895617E-1
7.162606726E0,6.620246917E-2,8.071050793E-2,3.543015569E-2,1.102372394E-1
7.164967351E0,7.353284955E-2,7.460185885E-2,3.176496923E-2,1.094601780E-1
7.167328028E0,8.391755074E-2,6.910407543E-2,2.993237413E-2,1.127540491E-1
7.169688705E0,9.552398324E-2,6.177370250E-2,2.626718581E-2,1.167509604E-1
7.172049330E0,1.077412739E-1,5.566505343E-2,2.138026804E-2,1.231417725E-1
7.174410007E0,1.242346242E-1,4.955640435E-2,1.832594350E-2,1.350034047E-1
7.176770632E0,1.340084672E-1,4.222602770E-2,1.343902480E-2,1.411450108E-1
7.179131309E0,1.450040340E-1,3.367391974E-2,7.330377586E-3,1.490430716E-1
7.181491934E0,1.535561383E-1,2.573267929E-2,1.832594397E-3,1.557081141E-1
7.183852611E0,1.627191007E-1,1.779143699E-2,-6.108647794E-4,1.636899940E-1
7.186213288E0,1.694386154E-1,9.850194678E-3,-3.665188793E-3,1.697642611E-1
7.188573913E0,1.731038094E-1,1.298087649E-3,-6.108647678E-3,1.732164236E-1
7.190934590E0,1.798233241E-1,-6.032289471E-3,-7.941242307E-3,1.800996383E-1
7.193295215E0,1.779907197E-1,-1.153007243E-2,-9.773836471E-3,1.786313711E-1
7.195655892E0,1.779907197E-1,-1.519526169E-2,-9.162971750E-3,1.788730061E-1
7.198016569E0,1.773798615E-1,-1.886045001E-2,-9.773836471E-3,1.786473054E-1
7.200377194E0,1.731038094E-1,-1.886045001E-2,-9.773836471E-3,1.744023316E-1
7.202737871E0,1.688277572E-1,-2.130390890E-2,-9.773836471E-3,1.704470476E-1
7.205098496E0,1.627191007E-1,-2.130390890E-2,-1.160643063E-2,1.645176936E-1
7.207459173E0,1.584430486E-1,-2.069304511E-2,-1.404988952E-2,1.604051158E-1
7.209819851E0,1.523344070E-1,-1.824958436E-2,-1.527161989E-2,1.541818448E-1
7.212180476E0,1.486692131E-1,-1.336266659E-2,-1.771507785E-2,1.503160662E-1
7.214541153E0,1.425605714E-1,-7.864884101E-3,-1.954767294E-2,1.441092795E-1
7.216901778E0,1.413388401E-1,-1.756236190E-3,-2.015853859E-2,1.427799663E-1
7.219262455E0,1.407279670E-1,3.741546767E-3,-1.832594350E-2,1.419654890E-1
7.221623080E0,1.382845193E-1,8.017600514E-3,-1.710421406E-2,1.395687800E-1
7.223983757E0,1.364519149E-1,1.168278884E-2,-1.649334840E-2,1.379407234E-1
7.226344434E0,1.358410567E-1,1.412624773E-2,-1.404988952E-2,1.372943661E-1
7.228705059E0,1.352301836E-1,1.901316643E-2,-1.221729536E-2,1.371056722E-1
7.231065736E0,1.376736462E-1,2.206749097E-2,-9.773836471E-3,1.397731551E-1
7.233426361E0,1.370627880E-1,2.451094985E-2,-8.552107029E-3,1.394995808E-1
7.235787038E0,1.382845193E-1,2.939786762E-2,-6.719512399E-3,1.415344296E-1
7.238147715E0,1.407279670E-1,3.000873141E-2,-6.719512399E-3,1.440487296E-1
7.240508340E0,1.431714296E-1,2.939786762E-2,-5.497782957E-3,1.462618149E-1
7.242869017E0,1.468366235E-1,2.817613818E-2,-4.886918236E-3,1.495953567E-1
7.245229642E0,1.535561383E-1,2.390008420E-2,-5.497782957E-3,1.555021776E-1
7.247590319E0,1.584430486E-1,1.962403022E-2,-4.276053514E-3,1.597109478E-1
7.249950996E0,1.645517051E-1,1.534797717E-2,-3.054323839E-3,1.652941407E-1
7.252311621E0,1.676060259E-1,1.229365356E-2,-3.054323839E-3,1.680840348E-1
7.254672298E0,1.755472720E-1,1.107192412E-2,-1.832594397E-3,1.759056298E-1
7.257032923E0,1.840993762E-1,1.046105940E-2,-6.108647794E-4,1.843973623E-1
7.259393601E0,1.920406222E-1,1.107192412E-2,6.108647794E-4,1.923604981E-1
7.261754278E0,1.981492639E-1,1.351538301E-2,6.108647794E-4,1.986105977E-1
7.264114903E0,2.018144578E-1,1.351538301E-2,2.443459118E-3,2.022812681E-1
7.266475580E0,2.073122412E-1,1.351538301E-2,3.054323839E-3,2.077747815E-1
7.268836205E0,2.097556889E-1,1.229365356E-2,4.276053514E-3,2.101591482E-1
7.271196882E0,2.073122412E-1,1.168278884E-2,2.443459118E-3,2.076555403E-1
7.273557559E0,2.054796368E-1,9.850194678E-3,3.665188793E-3,2.057482468E-1
7.275918184E0,2.018144578E-1,8.017600514E-3,3.665188793E-3,2.020069080E-1
7.278278861E0,1.975383908E-1,6.185005885E-3,2.443459118E-3,1.976502988E-1
7.280639486E0,1.902080178E-1,6.795870606E-3,3.665188793E-3,1.903646698E-1
7.283000163E0,1.828776449E-1,1.046105940E-2,4.886918236E-3,1.832417767E-1
7.285360788E0,1.755472720E-1,1.473711245E-2,3.054323839E-3,1.761912486E-1
7.287721465E0,1.706603467E-1,2.145662531E-2,3.665188793E-3,1.720429433E-1
7.290082142E0,1.639408320E-1,2.695440874E-2,5.497782957E-3,1.662328553E-1
7.292442767E0,1.578321904E-1,3.245219216E-2,6.108647678E-3,1.612496843E-1
7.294803444E0,1.523344070E-1,3.856083751E-2,7.941242307E-3,1.573396742E-1
7.297164069E0,1.474474818E-1,4.283689335E-2,1.038470119E-2,1.538947735E-1
7.299524746E0,1.413388401E-1,4.466948658E-2,1.343902480E-2,1.488376234E-1
7.301885423E0,1.370627880E-1,4.711294547E-2,1.710421406E-2,1.459396849E-1
7.304246048E0,1.333975941E-1,4.772381112E-2,1.893680729E-2,1.429373392E-1
7.306606726E0,1.309541315E-1,4.711294547E-2,2.138026804E-2,1.408038708E-1
7.308967351E0,1.303432733E-1,4.772381112E-2,2.321286127E-2,1.407329669E-1
7.311328028E0,1.309541315E-1,4.650207981E-2,2.382372692E-2,1.409929003E-1
7.313688705E0,1.303432733E-1,4.222602770E-2,2.260199748E-2,1.388641660E-1
7.316049330E0,1.327867359E-1,3.856083751E-2,2.260199748E-2,1.401074791E-1
7.318409955E0,1.352301836E-1,3.611737862E-2,2.076940238E-2,1.415027762E-1
7.320770632E0,1.364519149E-1,3.367391974E-2,1.771507785E-2,1.416576222E-1
7.323131309E0,1.358410567E-1,3.428478539E-2,1.832594350E-2,1.412943007E-1
7.325491986E0,1.388953775E-1,3.428478539E-2,1.649334840E-2,1.440118153E-1
7.327852611E0,1.388953775E-1,3.489565104E-2,1.343902480E-2,1.438410225E-1
7.330213288E0,1.395062506E-1,3.489565104E-2,1.160643063E-2,1.442719989E-1
7.332573965E0,1.388953775E-1,3.367391974E-2,8.552107029E-3,1.431747090E-1
7.334934590E0,1.401171088E-1,3.245219216E-2,6.108647678E-3,1.439557729E-1
7.337295267E0,1.401171088E-1,3.123046272E-2,4.886918236E-3,1.436385323E-1
7.339655892E0,1.376736462E-1,2.878700197E-2,2.443459118E-3,1.406722959E-1
7.342016569E0,1.364519149E-1,2.695440874E-2,-0.000000000E0,1.390886956E-1
7.344377246E0,1.327867359E-1,2.512181364E-2,-3.665188793E-3,1.351919242E-1
7.346737871E0,1.303432733E-1,2.328922041E-2,-4.276053514E-3,1.324765689E-1
7.349098548E0,1.254563481E-1,2.267835476E-2,-8.552107029E-3,1.277761385E-1
7.351459173E0,1.217911690E-1,2.390008420E-2,-8.552107029E-3,1.244083655E-1
7.353819851E0,1.187368408E-1,2.451094985E-2,-9.162971750E-3,1.215861179E-1
7.356180528E0,1.138499230E-1,2.512181364E-2,-1.099556591E-2,1.171059903E-1
7.358541153E0,1.077412739E-1,2.756527252E-2,-1.099556591E-2,1.117538761E-1
7.360901830E0,1.040760875E-1,2.756527252E-2,-1.343902480E-2,1.085001549E-1
7.363262507E0,9.735657275E-2,3.000873141E-2,-1.404988952E-2,1.028407780E-1
7.365623132E0,9.430225194E-2,3.000873141E-2,-1.343902480E-2,9.987014603E-2
7.367983809E0,9.369138628E-2,3.306305781E-2,-1.343902480E-2,1.002589100E-1
7.370344434E0,9.308052063E-2,3.123046272E-2,-1.221729536E-2,9.893729038E-2
7.372705111E0,9.369138628E-2,3.184132650E-2,-1.099556591E-2,9.956328845E-2
7.375065736E0,9.308052063E-2,3.000873141E-2,-7.941242307E-3,9.812018452E-2
7.377426413E0,9.491311759E-2,2.817613818E-2,-7.330377586E-3,9.927803931E-2
7.379787090E0,9.735657275E-2,2.512181364E-2,-3.054323839E-3,1.005919314E-1
7.382147715E0,9.613484144E-2,2.267835476E-2,-0.000000000E0,9.877355675E-2
7.384508392E0,9.918916970E-2,2.084576152E-2,3.665188793E-3,1.014222400E-1
7.386869069E0,9.796743840E-2,1.779143699E-2,4.886918236E-3,9.968969950E-2
7.389229694E0,1.004109010E-1,1.656970754E-2,7.941242307E-3,1.020782424E-1
7.391590371E0,9.857830405E-2,1.779143699E-2,8.552107029E-3,1.005353460E-1
7.393950996E0,9.674570709E-2,1.962403022E-2,9.773836471E-3,9.919860020E-2
7.396311673E0,9.369138628E-2,2.023489587E-2,8.552107029E-3,9.623235116E-2
7.398672351E0,9.185878932E-2,2.267835476E-2,8.552107029E-3,9.500254463E-2
7.401032976E0,9.063705802E-2,2.512181364E-2,1.038470119E-2,9.462570383E-2
7.403393653E0,8.819360286E-2,2.634354308E-2,1.038470119E-2,9.262794323E-2
7.405754330E0,8.575014025E-2,2.512181364E-2,9.162971750E-3,8.982289310E-2
7.408114955E0,8.391755074E-2,2.512181364E-2,8.552107029E-3,8.801363177E-2
7.410475632E0,8.452841640E-2,2.328922041E-2,6.719512399E-3,8.793516255E-2
7.412836257E0,8.208495378E-2,2.328922041E-2,8.552107029E-3,8.575235250E-2
7.415196934E0,8.208495378E-2,2.206749097E-2,6.108647678E-3,8.521871492E-2
7.417557611E0,8.452841640E-2,2.145662531E-2,4.276053514E-3,8.731394265E-2
7.419918236E0,8.758273721E-2,2.267835476E-2,5.497782957E-3,9.063812249E-2
7.422278913E0,9.063705802E-2,2.206749097E-2,5.497782957E-3,9.344664821E-2
7.424639590E0,9.613484144E-2,2.084576152E-2,3.054323839E-3,9.841637266E-2
7.427000215E0,9.674570709E-2,2.084576152E-2,1.832594397E-3,9.898300873E-2
7.429360892E0,9.918916970E-2,1.962403022E-2,6.108647794E-4,1.011136346E-1
7.431721465E0,1.034652218E-1,1.779143699E-2,-1.832594397E-3,1.049997417E-1
7.434082142E0,1.052978188E-1,1.779143699E-2,-6.108647678E-3,1.069648608E-1
7.436442871E0,1.120173261E-1,1.595884189E-2,-7.330377586E-3,1.133856270E-1
7.438803444E0,1.107956022E-1,1.534797717E-2,-1.221729536E-2,1.125188348E-1
7.441164173E0,1.144607887E-1,1.351538301E-2,-1.588248461E-2,1.163451376E-1
7.443524851E0,1.156825200E-1,1.290451828E-2,-1.893680729E-2,1.179303807E-1
7.445885476E0,1.199585721E-1,1.107192412E-2,-2.076940238E-2,1.222457140E-1
7.448246153E0,1.199585721E-1,8.017600514E-3,-2.199113183E-2,1.222209099E-1
7.450606778E0,1.181259751E-1,5.574141163E-3,-2.199113183E-2,1.202847743E-1
7.452967455E0,1.224020272E-1,5.574141163E-3,-2.199113183E-2,1.244866949E-1
7.455328132E0,1.217911690E-1,4.352411721E-3,-2.382372692E-2,1.241756913E-1
7.457688757E0,1.236237586E-1,3.741546767E-3,-2.260199748E-2,1.257286091E-1
7.460049434E0,1.217911690E-1,2.519817324E-3,-2.321286127E-2,1.240091741E-1
7.462410111E0,1.224020272E-1,7.635809743E-5,-2.321286127E-2,1.245837029E-1
7.464770736E0,1.211803034E-1,-5.345066893E-4,-2.382372692E-2,1.235010996E-1
7.467131413E0,1.199585721E-1,-3.588830587E-3,-2.321286127E-2,1.222365561E-1
7.469491986E0,1.181259751E-1,-4.810560029E-3,-2.015853859E-2,1.199302054E-1
7.471852715E0,1.126281917E-1,-5.421424750E-3,-1.954767294E-2,1.144404340E-1
7.474213340E0,1.095738709E-1,-5.421424750E-3,-1.710421406E-2,1.110332345E-1
7.476574017E0,1.022434905E-1,-5.421424750E-3,-1.404988952E-2,1.033466139E-1
7.478934694E0,9.796743840E-2,-6.032289471E-3,-1.221729536E-2,9.891041304E-2
7.481295371E0,9.002619982E-2,-8.475748822E-3,-1.038470119E-2,9.101866287E-2
7.483655996E0,8.269581944E-2,-9.086613543E-3,-7.330377586E-3,8.351586396E-2
7.486016673E0,7.414371520E-2,-1.275180187E-2,-4.276053514E-3,7.535372312E-2
7.488377351E0,6.986765563E-2,-1.214093715E-2,-1.832594397E-3,7.093835395E-2
7.490737976E0,6.131555140E-2,-1.153007243E-2,6.108647794E-4,6.239320932E-2
7.493098653E0,5.398517475E-2,-6.032289471E-3,4.276053514E-3,5.448919381E-2
7.495459278E0,4.848739132E-2,-2.977965865E-3,4.886918236E-3,4.882394257E-2
7.497819903E0,4.298960790E-2,3.130682046E-3,6.719512399E-3,4.362406909E-2
7.500180632E0,3.627009690E-2,9.239329956E-3,7.941242307E-3,3.826157964E-2
7.502541257E0,3.260490671E-2,1.473711245E-2,9.162971750E-3,3.693538244E-2
7.504901934E0,2.893971838E-2,1.962403022E-2,1.160643063E-2,3.684181176E-2
7.507262611E0,2.771798894E-2,2.328922041E-2,1.343902480E-2,3.861712166E-2
7.509623236E0,2.527453005E-2,3.000873141E-2,1.527161989E-2,4.210164135E-2
7.511983913E0,2.649625950E-2,3.245219216E-2,1.527161989E-2,4.459169112E-2
7.514344590E0,2.832885459E-2,3.672824427E-2,1.282816008E-2,4.812535320E-2
7.516705215E0,3.199404106E-2,3.856083751E-2,1.221729536E-2,5.157343462E-2
7.519065840E0,3.504836559E-2,3.856083751E-2,9.773836471E-3,5.301748767E-2
7.521426517E0,4.237874225E-2,3.856083751E-2,4.886918236E-3,5.750459072E-2
7.523787194E0,4.909825698E-2,3.917170316E-2,1.832594397E-3,6.283645096E-2
7.526147871E0,5.887209252E-2,3.856083751E-2,-3.665188793E-3,7.047194531E-2
7.528508548E0,6.559160352E-2,3.489565104E-2,-1.038470119E-2,7.501871055E-2
7.530869173E0,7.780890167E-2,3.061959706E-2,-1.466075517E-2,8.489241807E-2
7.533229851E0,9.124792367E-2,2.512181364E-2,-2.015853859E-2,9.676598459E-2
7.535590476E0,1.034652218E-1,2.145662531E-2,-2.443459071E-2,1.084550050E-1
7.537951153E0,1.162933856E-1,1.595884189E-2,-2.993237413E-2,1.211395195E-1
7.540311830E0,1.297324002E-1,8.017600514E-3,-3.298669681E-2,1.341003346E-1
7.542672455E0,1.419496983E-1,3.741546767E-3,-3.787361458E-2,1.469630114E-1
7.545033132E0,1.578321904E-1,-4.199695308E-3,-3.970621154E-2,1.628042413E-1
7.547393809E0,1.657734364E-1,-1.336266659E-2,-4.153880477E-2,1.714201429E-1
7.549754434E0,1.749363989E-1,-2.130390890E-2,-4.398226365E-2,1.816343572E-1
7.552115111E0,1.834885031E-1,-3.107774630E-2,-4.520399496E-2,1.915130759E-1
7.554475788E0,1.895971596E-1,-4.024071619E-2,-4.703658819E-2,1.994463306E-1
7.556836413E0,1.944840699E-1,-4.818195850E-2,-4.642572254E-2,2.056718316E-1
7.559197090E0,1.975383908E-1,-5.551233515E-2,-4.642572254E-2,2.103767641E-1
7.561557767E0,1.993709952E-1,-6.039925665E-2,-4.581485689E-2,2.132975973E-1
7.563918392E0,1.981492639E-1,-6.589704007E-2,-4.581485689E-2,2.137862291E-1
7.566279069E0,1.957058012E-1,-6.956222653E-2,-4.398226365E-2,2.123066262E-1
7.568639746E0,1.932623386E-1,-7.139482349E-2,-4.214967042E-2,2.102953805E-1
7.571000371E0,1.865428388E-1,-7.444914430E-2,-3.909534588E-2,2.046200183E-1
7.573361048E0,1.822667718E-1,-7.506000996E-2,-3.543015569E-2,2.002760024E-1
7.575721673E0,1.755472720E-1,-7.567087561E-2,-3.115410358E-2,1.936840321E-1
7.578082351E0,1.700494885E-1,-7.628174126E-2,-2.871064469E-2,1.885736825E-1
7.580443028E0,1.614973694E-1,-7.383827865E-2,-2.382372692E-2,1.791676915E-1
7.582803653E0,1.505018175E-1,-6.834049523E-2,-2.138026804E-2,1.666683420E-1
7.585164330E0,1.431714296E-1,-6.345357746E-2,-2.015853859E-2,1.578948430E-1
7.587525007E0,1.333975941E-1,-5.673406646E-2,-1.832594350E-2,1.461147241E-1
7.589885632E0,1.266780794E-1,-5.123628303E-2,-1.954767294E-2,1.380384150E-1
7.592246309E0,1.199585721E-1,-4.757109284E-2,-1.649334840E-2,1.300964966E-1
7.594606986E0,1.095738709E-1,-4.268417507E-2,-1.588248461E-2,1.186618106E-1
7.596967611E0,1.022434905E-1,-4.024071619E-2,-1.649334840E-2,1.111084026E-1
7.599328288E0,9.735657275E-2,-3.596466407E-2,-1.466075517E-2,1.048174464E-1
7.601688965E0,9.369138628E-2,-3.168861195E-2,-1.282816008E-2,9.973367376E-2
7.604049590E0,8.941533417E-2,-2.680169232E-2,-1.160643063E-2,9.406456255E-2
7.606410267E0,8.269581944E-2,-2.069304511E-2,-9.162971750E-3,8.573657749E-2
7.608770944E0,8.391755074E-2,-1.580612548E-2,-9.773836471E-3,8.595066495E-2
7.611131569E0,8.330668509E-2,-1.214093715E-2,-1.099556591E-2,8.490175855E-2
7.613492246E0,8.513928205E-2,-8.475748822E-3,-9.773836471E-3,8.611656952E-2
7.615852923E0,8.269581944E-2,-6.032289471E-3,-1.099556591E-2,8.364143434E-2
7.618213548E0,8.819360286E-2,-4.199695308E-3,-1.282816008E-2,8.922057340E-2
7.620574226E0,9.369138628E-2,-2.367100911E-3,-1.404988952E-2,9.476855188E-2
7.622934903E0,9.796743840E-2,-1.145371469E-3,-1.710421406E-2,9.945594503E-2
7.625295528E0,9.918916970E-2,-5.345066893E-4,-1.893680729E-2,1.009820764E-1
7.627656205E0,1.034652218E-1,6.872228696E-4,-2.076940238E-2,1.055314762E-1
7.630016882E0,1.101847365E-1,1.298087649E-3,-2.382372692E-2,1.127383305E-1
7.632377455E0,1.150716543E-1,-1.145371469E-3,-2.504545636E-2,1.177712715E-1
7.634738184E0,1.187368408E-1,-3.588830587E-3,-2.809977904E-2,1.220693026E-1
7.637098861E0,1.236237586E-1,-8.475748822E-3,-3.054323979E-2,1.276227311E-1
7.639459486E0,1.278998107E-1,-1.214093715E-2,-3.298669681E-2,1.326419470E-1
7.641820163E0,1.333975941E-1,-1.763872057E-2,-3.665188700E-2,1.394611179E-1
7.644180840E0,1.407279670E-1,-2.252563834E-2,-4.031707719E-2,1.481122270E-1
7.646541465E0,1.486692131E-1,-2.802342176E-2,-4.031707719E-2,1.565672820E-1
7.648902142E0,1.511126757E-1,-2.924515121E-2,-4.092793912E-2,1.592652373E-1
7.651262819E0,1.572213173E-1,-2.985601686E-2,-4.214967042E-2,1.654887279E-1
7.653623444E0,1.602756530E-1,-3.352120519E-2,-4.520399496E-2,1.698686472E-1
7.655984121E0,1.627191007E-1,-3.107774630E-2,-4.581485689E-2,1.718788328E-1
7.658344798E0,1.608865112E-1,-2.985601686E-2,-4.398226365E-2,1.694411129E-1
7.660705423E0,1.627191007E-1,-2.802342176E-2,-4.337139800E-2,1.707158343E-1
7.663066101E0,1.590539217E-1,-2.680169232E-2,-4.031707719E-2,1.662586763E-1
7.665426778E0,1.559995860E-1,-2.557996288E-2,-3.543015569E-2,1.620046335E-1
7.667787403E0,1.492800862E-1,-2.130390890E-2,-3.115410358E-2,1.539772023E-1
7.670148028E0,1.437823027E-1,-1.519526169E-2,-2.748891525E-2,1.471729833E-1
7.672508757E0,1.358410567E-1,-1.153007243E-2,-2.321286127E-2,1.382916201E-1
7.674869382E0,1.272889525E-1,-2.977965865E-3,-1.710421406E-2,1.284675050E-1
7.677230059E0,1.169042438E-1,5.574141163E-3,-1.221729536E-2,1.176730028E-1
7.679590736E0,1.059086844E-1,1.534797717E-2,-7.330377586E-3,1.072657647E-1
7.681951361E0,9.430225194E-2,2.634354308E-2,-1.221729559E-3,9.792032274E-2
7.684312038E0,8.452841640E-2,3.550651670E-2,3.054323839E-3,9.173382582E-2
7.686672715E0,7.292198390E-2,4.589121789E-2,9.162971750E-3,8.664629055E-2
7.689033340E0,6.314814836E-2,5.566505343E-2,1.282816008E-2,8.515191428E-2
7.691394017E0,5.826122686E-2,6.116283685E-2,1.527161989E-2,8.583988316E-2
7.693754694E0,5.031998456E-2,6.910407543E-2,1.710421406E-2,8.717814075E-2
7.696115319E0,4.848739132E-2,7.460185885E-2,1.893680729E-2,9.096739598E-2
7.698475996E0,4.543306679E-2,8.009964228E-2,1.893680729E-2,9.401446123E-2
7.700836673E0,4.726566374E-2,8.193223923E-2,1.832594350E-2,9.634715876E-2
7.703197298E0,5.276344717E-2,8.132137358E-2,1.710421406E-2,9.843628039E-2
7.705557976E0,5.703949928E-2,7.765618712E-2,1.404988952E-2,9.737241535E-2
7.707918601E0,6.681333482E-2,7.704532146E-2,1.343902480E-2,1.028620953E-1
7.710279278E0,7.353284955E-2,7.093667239E-2,1.038470119E-2,1.026982642E-1
7.712639955E0,8.330668509E-2,6.360629201E-2,7.941242307E-3,1.051134030E-1
7.715000632E0,9.308052063E-2,5.749764666E-2,6.719512399E-3,1.096134779E-1
7.717361309E0,1.028543562E-1,5.138900131E-2,4.276053514E-3,1.150570844E-1
7.719721934E0,1.138499230E-1,4.222602770E-2,1.221729559E-3,1.214344885E-1
7.722082611E0,1.217911690E-1,3.428478539E-2,-6.108647794E-4,1.265263155E-1
7.724443288E0,1.309541315E-1,2.573267929E-2,-3.665188793E-3,1.335087598E-1
7.726803913E0,1.388953775E-1,1.718057133E-2,-5.497782957E-3,1.400618561E-1
7.729164590E0,1.450040340E-1,8.628465235E-3,-6.719512399E-3,1.454158593E-1
7.731525267E0,1.541669965E-1,7.635809743E-5,-7.941242307E-3,1.543714092E-1
7.733885892E0,1.578321904E-1,-5.421424750E-3,-6.719512399E-3,1.580681626E-1
7.736246569E0,1.627191007E-1,-8.475748822E-3,-7.941242307E-3,1.631330971E-1
7.738607246E0,1.706603467E-1,-1.091920771E-2,-1.099556591E-2,1.713624391E-1
7.740967871E0,1.749363989E-1,-1.336266659E-2,-1.343902480E-2,1.759599724E-1
7.743328548E0,1.804341823E-1,-1.397353224E-2,-1.160643063E-2,1.813462516E-1
7.745689226E0,1.828776449E-1,-1.519526169E-2,-1.221729536E-2,1.839140867E-1
7.748049851E0,1.877645552E-1,-1.580612548E-2,-1.282816008E-2,1.888648286E-1
7.750410528E0,1.908188909E-1,-1.702785492E-2,-9.773836471E-3,1.918262882E-1
7.752771205E0,1.981492639E-1,-1.763872057E-2,-7.941242307E-3,1.990912318E-1
7.755131830E0,2.005927265E-1,-1.580612548E-2,-7.941242307E-3,2.013711470E-1
7.757492455E0,2.048687786E-1,-1.397353224E-2,-4.886918236E-3,2.054029163E-1
7.759853184E0,2.085339576E-1,-1.336266659E-2,-4.276053514E-3,2.090053994E-1
7.762213861E0,2.103665620E-1,-1.214093715E-2,-3.054323839E-3,2.107387522E-1
7.764574486E0,2.097556889E-1,-9.697478265E-3,-2.443459118E-3,2.099939537E-1
7.766935163E0,2.060905099E-1,-9.086613543E-3,-2.443459118E-3,2.063051994E-1
7.769295840E0,2.042579055E-1,-8.475748822E-3,-4.276053514E-3,2.044783972E-1
7.771656465E0,2.042579055E-1,-7.864884101E-3,-2.443459118E-3,2.044238705E-1
7.774017142E0,2.012035847E-1,-9.086613543E-3,-1.221729559E-3,2.014123672E-1
7.776377819E0,1.993709952E-1,-1.275180187E-2,-0.000000000E0,1.997783826E-1
7.778738444E0,1.957058012E-1,-1.458439697E-2,3.054323839E-3,1.962722450E-1
7.781099121E0,1.932623386E-1,-1.641699113E-2,6.108647678E-3,1.940545406E-1
7.783459798E0,1.902080178E-1,-1.702785492E-2,9.162971750E-3,1.911883834E-1
7.785820371E0,1.865428388E-1,-1.763872057E-2,1.160643063E-2,1.877340257E-1
7.788181101E0,1.834885031E-1,-1.886045001E-2,1.343902480E-2,1.849441936E-1
7.790541778E0,1.761581302E-1,-1.458439697E-2,1.343902480E-2,1.772709758E-1
7.792902455E0,1.700494885E-1,-1.336266659E-2,1.466075517E-2,1.712025910E-1
7.795263080E0,1.657734364E-1,-1.091920771E-2,1.649334840E-2,1.669493692E-1
7.797623757E0,1.584430486E-1,-9.086613543E-3,1.710421406E-2,1.596224305E-1
7.799984434E0,1.505018175E-1,-6.643154658E-3,1.588248461E-2,1.514832726E-1
7.802345059E0,1.456148922E-1,-5.421424750E-3,1.771507785E-2,1.467886667E-1
7.804705736E0,1.388953775E-1,-6.032289471E-3,1.893680729E-2,1.403100748E-1
7.807066413E0,1.333975941E-1,-5.421424750E-3,1.954767294E-2,1.349311731E-1
7.809427038E0,1.248454899E-1,-7.864884101E-3,1.954767294E-2,1.266110748E-1
7.811787715E0,1.144607887E-1,-6.643154658E-3,1.832594350E-2,1.161087587E-1
7.814148392E0,1.077412739E-1,-7.254019380E-3,1.832594350E-2,1.095291884E-1
7.816509069E0,1.004109010E-1,-7.254019380E-3,2.015853859E-2,1.026710111E-1
7.818869694E0,9.124792367E-2,-7.254019380E-3,1.893680729E-2,9.347409824E-2
7.821230371E0,8.025235683E-2,-6.032289471E-3,2.015853859E-2,8.296502860E-2
7.823591048E0,7.170025259E-2,-4.810560029E-3,2.015853859E-2,7.463534275E-2
7.825951673E0,6.192641705E-2,-4.810560029E-3,2.260199748E-2,6.609745008E-2
7.828312351E0,5.215258151E-2,-4.810560029E-3,2.076940238E-2,5.634182569E-2
7.830673028E0,4.482220486E-2,-2.367100911E-3,2.260199748E-2,5.025418893E-2
7.833033705E0,4.115701467E-2,-2.977965865E-3,2.138026804E-2,4.647455216E-2
7.835394330E0,3.688096255E-2,-4.810560029E-3,2.199113183E-2,4.320829510E-2
7.837755007E0,3.627009690E-2,-4.810560029E-3,2.199113183E-2,4.268806971E-2
7.840115684E0,3.565923125E-2,-8.475748822E-3,2.321286127E-2,4.338497458E-2
7.842476309E0,3.871355578E-2,-1.153007243E-2,2.504545636E-2,4.752848468E-2
7.844836986E0,4.298960790E-2,-1.336266659E-2,2.748891525E-2,5.274758485E-2
7.847197663E0,5.031998456E-2,-1.702785492E-2,2.932151034E-2,6.067783498E-2
7.849558340E0,5.826122686E-2,-1.886045001E-2,3.115410358E-2,6.870709789E-2
7.851918965E0,6.925679743E-2,-2.069304511E-2,3.298669681E-2,7.945330876E-2
7.854279642E0,7.536543906E-2,-2.130390890E-2,3.237583488E-2,8.474668503E-2
7.856640319E0,8.269581944E-2,-2.313650399E-2,3.359756246E-2,9.221004594E-2
7.859000944E0,9.124792367E-2,-2.680169232E-2,3.298669681E-2,1.006609977E-1
7.861361621E0,9.735657275E-2,-2.985601686E-2,2.993237413E-2,1.061396769E-1
7.863722298E0,1.028543562E-1,-3.291033953E-2,2.687804960E-2,1.112858418E-1
7.866082976E0,1.089630052E-1,-3.718639165E-2,2.138026804E-2,1.171020072E-1
7.868443601E0,1.138499230E-1,-4.146244749E-2,1.649334840E-2,1.222823375E-1
7.870804278E0,1.138499230E-1,-4.696023092E-2,1.160643063E-2,1.237003536E-1
7.873164955E0,1.144607887E-1,-5.001455545E-2,7.330377586E-3,1.251257861E-1
7.875525580E0,1.150716543E-1,-5.306887627E-2,6.108647794E-4,1.267208129E-1
7.877886257E0,1.150716543E-1,-5.612320080E-2,-5.497782957E-3,1.281464979E-1
7.880246934E0,1.120173261E-1,-6.039925665E-2,-9.162971750E-3,1.275927568E-1
7.882607611E0,1.095738709E-1,-6.162098423E-2,-1.038470119E-2,1.261404808E-1
7.884968236E0,1.065195426E-1,-6.406444311E-2,-1.343902480E-2,1.250250904E-1
7.887328913E0,9.796743840E-2,-6.528617442E-2,-1.710421406E-2,1.189641025E-1
7.889689590E0,9.491311759E-2,-6.772962958E-2,-1.588248461E-2,1.176777631E-1
7.892050215E0,8.330668509E-2,-6.834049523E-2,-1.527161989E-2,1.088285323E-1
7.894410892E0,7.719803602E-2,-6.711876392E-2,-1.404988952E-2,1.032563055E-1
7.896771517E0,6.620246917E-2,-6.528617442E-2,-1.099556591E-2,9.362667336E-2
7.899132246E0,5.703949928E-2,-6.223184988E-2,-9.773836471E-3,8.498138324E-2
7.901492871E0,4.665479809E-2,-5.795579776E-2,-4.886918236E-3,7.456156281E-2
7.903853548E0,3.138317913E-2,-5.306887627E-2,-1.221729559E-3,6.166605374E-2
7.906214226E0,2.038761228E-2,-4.696023092E-2,1.832594397E-3,5.122769197E-2
7.908574903E0,8.170315996E-3,-3.840812296E-2,5.497782957E-3,3.965051816E-2
7.910935528E0,-3.436114406E-3,-3.291033953E-2,9.162971750E-3,3.433449260E-2
7.913296205E0,-1.992946304E-2,-2.191477455E-2,1.160643063E-2,3.181430611E-2
7.915656830E0,-3.275762498E-2,-1.397353224E-2,1.466075517E-2,3.851310608E-2
7.918017507E0,-4.497491941E-2,-6.032289471E-3,1.527161989E-2,4.787853659E-2
7.920378184E0,-5.780307949E-2,2.519817324E-3,1.588248461E-2,5.999832327E-2
7.922738861E0,-6.635518372E-2,8.628465235E-3,1.588248461E-2,6.877291717E-2
7.925099538E0,-7.368556410E-2,1.534797717E-2,1.771507785E-2,7.732364931E-2
7.927460163E0,-7.979421318E-2,2.084576152E-2,1.710421406E-2,8.422717120E-2
7.929820840E0,-8.529199660E-2,2.328922041E-2,1.649334840E-2,8.993966318E-2
7.932181517E0,-8.529199660E-2,2.695440874E-2,1.649334840E-2,9.095765705E-2
7.934542142E0,-8.590286225E-2,3.000873141E-2,1.588248461E-2,9.236925366E-2
7.936902819E0,-8.284853399E-2,3.061959706E-2,1.221729536E-2,8.916670687E-2
7.939263496E0,-7.673988491E-2,3.061959706E-2,1.404988952E-2,8.380912275E-2
7.941624173E0,-7.124210149E-2,2.939786762E-2,1.466075517E-2,7.845131858E-2
7.943984798E0,-6.268999726E-2,2.573267929E-2,1.221729536E-2,6.885832444E-2
7.946345476E0,-5.291616172E-2,2.145662531E-2,1.038470119E-2,5.803747892E-2
7.948706153E0,-4.314232618E-2,1.656970754E-2,1.038470119E-2,4.736726227E-2
7.951066830E0,-3.459021822E-2,1.351538301E-2,9.773836471E-3,3.840151889E-2
7.953427455E0,-2.481638081E-2,1.046105940E-2,8.552107029E-3,2.825641618E-2
7.955788080E0,-1.748600416E-2,7.406735327E-3,7.330377586E-3,2.035569958E-2
7.958148809E0,-9.544761851E-3,6.795870606E-3,6.719512399E-3,1.350696794E-2
7.960509434E0,-9.544761851E-3,5.574141163E-3,6.108647678E-3,1.262889959E-2
7.962870111E0,-7.712167688E-3,4.352411721E-3,4.886918236E-3,1.011449396E-2
7.965230788E0,-5.879573524E-3,2.519817324E-3,4.276053514E-3,7.694380926E-3
7.967591465E0,-8.323032409E-3,7.635809743E-5,2.443459118E-3,8.674629185E-3
7.969952090E0,-1.137735695E-2,-1.756236190E-3,1.832594397E-3,1.165705876E-2
7.972312767E0,-1.809686981E-2,-2.977965865E-3,3.665188793E-3,1.870290316E-2
7.974673444E0,-2.298378758E-2,-1.756236190E-3,6.108647678E-3,2.384647633E-2
7.977034121E0,-3.031416424E-2,1.298087649E-3,8.552107029E-3,3.152415137E-2
7.979394746E0,-3.886627033E-2,4.963276442E-3,1.221729536E-2,4.104245836E-2
7.981755423E0,-4.925097153E-2,9.850194678E-3,1.710421406E-2,5.305882273E-2
7.984116048E0,-5.963567272E-2,1.595884189E-2,2.138026804E-2,6.533156937E-2
7.986476778E0,-7.124210149E-2,2.451094985E-2,2.565632015E-2,7.958938655E-2
7.988837403E0,-8.284853399E-2,3.367391974E-2,3.176496923E-2,9.490429771E-2
7.991198080E0,-9.628756344E-2,4.161516204E-2,3.604102135E-2,1.109147051E-1
7.993558757E0,-1.085048541E-1,5.077813566E-2,4.092793912E-2,1.265970720E-1
7.995919434E0,-1.182786897E-1,6.055197120E-2,4.398226365E-2,1.399672432E-1
7.998280059E0,-1.298851222E-1,6.910407543E-2,4.825831577E-2,1.548366341E-1
8.000640736E0,-1.384372264E-1,7.460185885E-2,5.192350596E-2,1.656090380E-1
8.003001413E0,-1.506545246E-1,8.009964228E-2,5.436696485E-2,1.790768141E-1
8.005362038E0,-1.585957706E-1,8.315397054E-2,5.803215504E-2,1.882416858E-1
8.007722715E0,-1.622609496E-1,8.315397054E-2,5.803215504E-2,1.913398275E-1
8.010083392E0,-1.640935540E-1,8.132137358E-2,5.986474827E-2,1.926749811E-1
8.012444069E0,-1.671478748E-1,7.887791097E-2,6.047561392E-2,1.944670583E-1
8.014804694E0,-1.689804643E-1,7.582359016E-2,6.047561392E-2,1.948356077E-1
8.017165371E0,-1.689804643E-1,7.215840369E-2,5.803215504E-2,1.926887739E-1
8.019526048E0,-1.708130687E-1,6.849320978E-2,5.558869615E-2,1.922460075E-1
8.021886726E0,-1.708130687E-1,6.177370250E-2,5.253437161E-2,1.890845181E-1
8.024247403E0,-1.702021956E-1,5.688678101E-2,4.703658819E-2,1.855190930E-1
8.026608028E0,-1.665370166E-1,5.016727000E-2,4.153880477E-2,1.788205950E-1
8.028968705E0,-1.677587330E-1,4.528035223E-2,3.543015569E-2,1.773375277E-1
8.031329382E0,-1.647044122E-1,3.611737862E-2,2.748891525E-2,1.708439314E-1
8.033690007E0,-1.628718227E-1,2.817613818E-2,2.015853859E-2,1.665157412E-1
8.036050684E0,-1.616500914E-1,2.023489587E-2,1.160643063E-2,1.633245612E-1
8.038411361E0,-1.592066288E-1,1.107192412E-2,2.443459118E-3,1.596098639E-1
8.040772038E0,-1.561523080E-1,3.741546767E-3,-5.497782957E-3,1.562938517E-1
8.043132715E0,-1.506545246E-1,-8.475748822E-3,-1.221729536E-2,1.513865463E-1
8.045493340E0,-1.433241516E-1,-2.191477455E-2,-1.954767294E-2,1.463016791E-1
8.047854017E0,-1.359937787E-1,-3.657552972E-2,-2.932151034E-2,1.438465439E-1
8.050214694E0,-1.225547493E-1,-5.551233515E-2,-3.726275265E-2,1.396058690E-1
8.052575371E0,-1.103374511E-1,-8.055779338E-2,-4.764745384E-2,1.446865268E-1
8.054935996E0,-9.689842910E-2,-9.949459881E-2,-5.436696485E-2,1.491450556E-1
8.057296673E0,-8.223766834E-2,-1.111010313E-1,-5.986474827E-2,1.506328694E-1
8.059657351E0,-7.185296714E-2,-1.159879491E-1,-6.414080411E-2,1.507650356E-1
8.062018028E0,-6.452259421E-2,-1.129336283E-1,-6.780599058E-2,1.466793166E-1
8.064378653E0,-6.085740402E-2,-9.949459881E-2,-7.024945319E-2,1.361535328E-1
8.066739330E0,-6.207913160E-2,-8.239039034E-2,-6.841685623E-2,1.237855453E-1
8.069100007E0,-6.330086291E-2,-6.772962958E-2,-6.719512492E-2,1.144966671E-1
8.071460684E0,-6.391172856E-2,-5.978839099E-2,-6.352993846E-2,1.081453366E-1
8.073821309E0,-6.696604937E-2,-5.856665969E-2,-5.497783050E-2,1.045804343E-1
8.076181986E0,-7.429642975E-2,-6.101011857E-2,-4.825831577E-2,1.075688574E-1
8.078542663E0,-7.673988491E-2,-6.406444311E-2,-4.092793912E-2,1.080201787E-1
8.080903288E0,-8.101594448E-2,-6.345357746E-2,-3.115410358E-2,1.075198490E-1
8.083263965E0,-8.407026529E-2,-6.039925665E-2,-2.138026804E-2,1.057023915E-1
8.085624642E0,-8.773545176E-2,-5.612320080E-2,-1.160643063E-2,1.047951926E-1
8.087985319E0,-9.262236953E-2,-5.184714869E-2,-1.221729559E-3,1.061532985E-1
8.090345996E0,-9.628756344E-2,-4.879282415E-2,5.497782957E-3,1.080845048E-1
8.092706621E0,-9.873101860E-2,-4.940368980E-2,9.773836471E-3,1.108335079E-1
8.095067298E0,-9.812015295E-2,-4.879282415E-2,1.527161989E-2,1.106414320E-1
8.097427976E0,-1.017853469E-1,-4.451677203E-2,1.954767294E-2,1.128012028E-1
8.099788653E0,-1.030070707E-1,-4.146244749E-2,2.260199748E-2,1.133156717E-1
8.102149278E0,-1.066722646E-1,-3.718639165E-2,2.565632015E-2,1.158449245E-1
8.104509955E0,-1.109483168E-1,-3.474293277E-2,2.443459071E-2,1.188008821E-1
8.106870632E0,-1.133917719E-1,-2.985601686E-2,2.199113183E-2,1.193008196E-1
8.109231309E0,-1.195004210E-1,-2.557996288E-2,1.893680729E-2,1.236660333E-1
8.111591986E0,-1.268308014E-1,-2.191477455E-2,1.282816008E-2,1.293478690E-1
8.113952611E0,-1.329394430E-1,-1.763872057E-2,7.941242307E-3,1.343394331E-1
8.116313288E0,-1.366046369E-1,-1.519526169E-2,3.054323839E-3,1.374810958E-1
8.118673965E0,-1.408806890E-1,-1.275180187E-2,-6.108647794E-4,1.414579448E-1
8.121034642E0,-1.427132785E-1,-1.214093715E-2,-7.330377586E-3,1.434162357E-1
8.123395267E0,-1.451567411E-1,-1.153007243E-2,-1.527161989E-2,1.464125829E-1
8.125755944E0,-1.463784724E-1,-1.153007243E-2,-2.138026804E-2,1.483803074E-1
8.128116621E0,-1.457676142E-1,-1.153007243E-2,-2.993237413E-2,1.492551070E-1
8.130477298E0,-1.402698308E-1,-1.214093715E-2,-3.543015569E-2,1.451837585E-1
8.132837871E0,-1.372154951E-1,-1.214093715E-2,-4.092793912E-2,1.437031338E-1
8.135198601E0,-1.317177117E-1,-7.864884101E-3,-4.581485689E-2,1.396796803E-1
8.137559278E0,-1.286633909E-1,-6.643154658E-3,-5.314523727E-2,1.393657630E-1
8.139919955E0,-1.256090701E-1,-7.254019380E-3,-6.047561392E-2,1.395978480E-1
8.142280580E0,-1.195004210E-1,-4.810560029E-3,-6.780599058E-2,1.374814332E-1
8.144641257E0,-1.140026376E-1,-2.367100911E-3,-7.513637096E-2,1.365565040E-1
8.147001934E0,-1.097265854E-1,-1.756236190E-3,-7.941242307E-2,1.354597389E-1
8.149362611E0,-1.054505333E-1,-5.421424750E-3,-8.307760954E-2,1.343543674E-1
8.151723288E0,-1.011744812E-1,-5.421424750E-3,-8.246674389E-2,1.306385523E-1
8.154083913E0,-9.323323518E-2,-9.697478265E-3,-7.635809481E-2,1.209009341E-1
8.156444590E0,-8.773545176E-2,-1.336266659E-2,-6.719512492E-2,1.113160149E-1
8.158805267E0,-8.040507883E-2,-1.702785492E-2,-5.925388262E-2,1.013210104E-1
8.161165944E0,-7.246383280E-2,-1.947131567E-2,-5.131264031E-2,9.090173955E-2
8.163526569E0,-6.696604937E-2,-1.641699113E-2,-4.276053607E-2,8.113219344E-2
8.165887246E0,-6.268999726E-2,-1.030834299E-2,-3.420842811E-2,7.215617954E-2
8.168247923E0,-6.085740402E-2,-4.199695308E-3,-2.748891525E-2,6.690965197E-2
8.170608601E0,-5.841394514E-2,1.298087649E-3,-2.443459071E-2,6.333185013E-2
8.172969278E0,-5.902481079E-2,8.017600514E-3,-2.076940238E-2,6.308389876E-2
8.175329903E0,-5.963567272E-2,1.473711245E-2,-1.771507785E-2,6.393293304E-2
8.177690580E0,-5.780307949E-2,2.145662531E-2,-1.404988952E-2,6.323750599E-2
8.180051257E0,-6.268999726E-2,2.939786762E-2,-1.221729536E-2,7.031026015E-2
8.182411934E0,-6.513345987E-2,3.794997558E-2,-9.773836471E-3,7.601378901E-2
8.184772559E0,-6.574432552E-2,4.589121789E-2,-6.108647678E-3,8.040917730E-2
8.187133236E0,-6.391172856E-2,5.016727000E-2,-4.886918236E-3,8.139622840E-2
8.189493913E0,-6.330086291E-2,5.383246019E-2,-4.276053514E-3,8.320587509E-2
8.191854590E0,-6.330086291E-2,5.566505343E-2,-0.000000000E0,8.429470575E-2
8.194215215E0,-6.024653837E-2,5.566505343E-2,-0.000000000E0,8.202587128E-2
8.196575892E0,-6.024653837E-2,5.566505343E-2,1.221729559E-3,8.203496926E-2
8.198936569E0,-5.719221383E-2,5.688678101E-2,2.443459118E-3,8.070331882E-2
8.201297246E0,-5.658135191E-2,5.566505343E-2,3.665188793E-3,7.945741731E-2
8.203657923E0,-5.291616172E-2,5.383246019E-2,6.108647678E-3,7.573222245E-2
8.206018548E0,-5.108356848E-2,5.199986324E-2,3.665188793E-3,7.298595998E-2
8.208379226E0,-4.497491941E-2,5.138900131E-2,6.719512399E-3,6.862014776E-2
8.210739903E0,-3.947713599E-2,4.711294547E-2,6.108647678E-3,6.176883901E-2
8.213100580E0,-3.703367710E-2,4.344775900E-2,6.719512399E-3,5.748350067E-2
8.215461205E0,-2.787070535E-2,3.978256881E-2,4.886918236E-3,4.881916599E-2
8.217821882E0,-2.298378758E-2,3.428478539E-2,1.832594397E-3,4.131657540E-2
8.220182559E0,-1.809686981E-2,3.000873141E-2,-6.108647794E-4,3.504844952E-2
8.222543236E0,-1.382081583E-2,2.695440874E-2,-2.443459118E-3,3.038956388E-2
8.224903913E0,-9.544761851E-3,2.084576152E-2,-4.886918236E-3,2.344206096E-2
8.227264590E0,-6.490438245E-3,1.779143699E-2,-7.330377586E-3,2.030752211E-2
8.229625215E0,-4.046979360E-3,1.351538301E-2,-9.162971750E-3,1.682271295E-2
8.231985892E0,-4.046979360E-3,8.628465235E-3,-9.773836471E-3,1.365123927E-2
8.234346569E0,-2.214384731E-3,1.908952487E-3,-1.221729536E-2,1.256224125E-2
8.236707246E0,-1.603520010E-3,-1.756236190E-3,-1.588248461E-2,1.605954419E-2
8.239067871E0,2.290742996E-4,-8.475748822E-3,-1.771507785E-2,1.963962261E-2
8.241428548E0,-4.657844082E-3,-1.275180187E-2,-1.832594350E-2,2.280666937E-2
8.243789226E0,-6.490438245E-3,-1.641699113E-2,-2.076940238E-2,2.725823659E-2
8.246149851E0,-1.076649129E-2,-1.702785492E-2,-2.260199748E-2,3.027730946E-2
8.248510580E0,-1.565340906E-2,-1.641699113E-2,-2.382372692E-2,3.289554343E-2
8.250871205E0,-2.115119249E-2,-1.397353224E-2,-2.504545636E-2,3.563576057E-2
8.253231882E0,-2.542724647E-2,-1.091920771E-2,-2.565632015E-2,3.773619912E-2
8.255592559E0,-3.153589368E-2,-4.810560029E-3,-2.626718581E-2,4.132334846E-2
8.257953236E0,-3.642281145E-2,-1.756236190E-3,-2.748891525E-2,4.566558902E-2
8.260313861E0,-4.253146052E-2,3.130682046E-3,-2.687804960E-2,5.040987854E-2
8.262674538E0,-4.986183718E-2,9.239329956E-3,-2.504545636E-2,5.655831424E-2
8.265035215E0,-5.474875495E-2,1.412624773E-2,-2.321286127E-2,6.112130538E-2
8.267395892E0,-5.780307949E-2,1.779143699E-2,-2.138026804E-2,6.414707390E-2
8.269756569E0,-6.085740402E-2,2.390008420E-2,-1.649334840E-2,6.743046931E-2
8.272117194E0,-6.391172856E-2,3.000873141E-2,-1.466075517E-2,7.211220944E-2
8.274477819E0,-6.391172856E-2,3.245219216E-2,-1.160643063E-2,7.261241668E-2
8.276838496E0,-6.391172856E-2,3.245219216E-2,-9.162971750E-3,7.226211922E-2
8.279199226E0,-6.452259421E-2,3.123046272E-2,-3.665188793E-3,7.177701982E-2
8.281559903E0,-6.268999726E-2,2.939786762E-2,-0.000000000E0,6.924066996E-2
8.283920528E0,-5.841394514E-2,2.817613818E-2,7.941242307E-3,6.533871041E-2
8.286281205E0,-5.597048625E-2,2.512181364E-2,1.221729536E-2,6.255448152E-2
8.288641882E0,-5.230529606E-2,2.145662531E-2,1.710421406E-2,5.906593692E-2
8.291002559E0,-4.802924395E-2,1.718057133E-2,2.199113183E-2,5.554808894E-2
8.293363236E0,-4.314232618E-2,1.107192412E-2,2.809977904E-2,5.266351103E-2
8.295723861E0,-4.375318810E-2,6.185005885E-3,3.298669681E-2,5.514270517E-2
8.298084538E0,-3.947713599E-2,1.908952487E-3,3.848448023E-2,5.516469509E-2
8.300445215E0,-3.336848691E-2,-4.810560029E-3,4.581485689E-2,5.688232167E-2
8.302805892E0,-3.397935256E-2,-1.091920771E-2,5.009091273E-2,6.150548785E-2
8.305166569E0,-2.970330045E-2,-1.641699113E-2,5.314523727E-2,6.305727475E-2
8.307527194E0,-3.031416424E-2,-1.886045001E-2,5.681042373E-2,6.709761078E-2
8.309887871E0,-2.359465137E-2,-2.130390890E-2,6.108647957E-2,6.886306771E-2
8.312248548E0,-2.359465137E-2,-2.374736778E-2,6.414080411E-2,7.235114237E-2
8.314609226E0,-1.931859925E-2,-2.374736778E-2,6.658425927E-2,7.328444130E-2
8.316969851E0,-1.443168055E-2,-2.191477455E-2,7.086031139E-2,7.556265266E-2
8.319330528E0,-1.320995111E-2,-1.824958436E-2,7.330377400E-2,7.668763538E-2
8.321691205E0,-8.323032409E-3,-1.397353224E-2,7.880155742E-2,8.046252497E-2
8.324051882E0,-8.323032409E-3,-1.153007243E-2,8.368847519E-2,8.488802223E-2
8.326412559E0,-5.268708803E-3,-7.254019380E-3,8.735366166E-2,8.781254064E-2
8.328773236E0,-5.268708803E-3,-5.421424750E-3,9.101885557E-2,9.133226817E-2
8.331133913E0,-1.603520010E-3,-3.588830587E-3,9.651663154E-2,9.659664148E-2
8.333494538E0,-9.926552884E-4,-2.367100911E-3,9.773836285E-2,9.777206198E-2
8.335855215E0,-2.214384731E-3,-1.145371469E-3,1.001818255E-1,1.002128411E-1
8.338215892E0,-4.657844082E-3,1.298087649E-3,1.038470119E-1,1.039595230E-1
8.340576569E0,-7.101302966E-3,3.130682046E-3,1.038470119E-1,1.041366005E-1
8.342937246E0,-8.323032409E-3,3.741546767E-3,1.050687432E-1,1.054642728E-1
8.345297871E0,-8.933897130E-3,3.741546767E-3,1.087339297E-1,1.091644684E-1
8.347658548E0,-7.712167688E-3,2.519817324E-3,1.111773923E-1,1.114730441E-1
8.350019226E0,-2.825249685E-3,7.635809743E-5,1.111773923E-1,1.112133105E-1
8.352379903E0,-5.879573524E-3,-5.345066893E-4,1.136208475E-1,1.137741274E-1
8.354740580E0,-4.657844082E-3,-1.145371469E-3,1.178968996E-1,1.179944334E-1
8.357101205E0,-1.603520010E-3,-5.421424750E-3,1.191186309E-1,1.192527205E-1
8.359461882E0,-3.817904799E-4,-7.864884101E-3,1.215620935E-1,1.218168492E-1
8.361822507E0,2.672533505E-3,-9.697478265E-3,1.246164143E-1,1.250217351E-1
8.364183236E0,6.337722298E-3,-9.086613543E-3,1.240055487E-1,1.244994352E-1
8.366543913E0,1.183550525E-2,-4.810560029E-3,1.252272725E-1,1.258772833E-1
8.368904590E0,1.427896414E-2,1.298087649E-3,1.240055487E-1,1.248316865E-1
8.371265163E0,1.733328775E-2,7.406735327E-3,1.215620935E-1,1.230148169E-1
8.373625892E0,1.855501719E-2,9.850194678E-3,1.197294965E-1,1.215584935E-1
8.375986569E0,2.344193682E-2,1.168278884E-2,1.191186309E-1,1.219641758E-1
8.378347246E0,2.588539571E-2,1.168278884E-2,1.191186309E-1,1.224572966E-1
8.380707923E0,2.588539571E-2,1.229365356E-2,1.178968996E-1,1.213295783E-1
8.383068548E0,2.832885459E-2,1.168278884E-2,1.172860414E-1,1.212230467E-1
8.385429226E0,3.077231348E-2,1.046105940E-2,1.178968996E-1,1.222949221E-1
8.387789903E0,3.382663801E-2,8.017600514E-3,1.178968996E-1,1.229154274E-1
8.390150580E0,3.260490671E-2,5.574141163E-3,1.197294965E-1,1.242147468E-1
8.392511205E0,3.565923125E-2,2.519817324E-3,1.185077652E-1,1.237821501E-1
8.394871882E0,3.749182448E-2,1.908952487E-3,1.185077652E-1,1.243115901E-1
8.397232559E0,3.871355578E-2,-5.345066893E-4,1.185077652E-1,1.246720318E-1
8.399593236E0,4.115701467E-2,-3.588830587E-3,1.191186309E-1,1.260794503E-1
8.401953913E0,4.421133921E-2,-3.588830587E-3,1.172860414E-1,1.253935314E-1
8.404314590E0,4.360047355E-2,-6.032289471E-3,1.172860414E-1,1.252733224E-1
8.406675267E0,4.604393244E-2,-7.864884101E-3,1.148425788E-1,1.239786998E-1
8.409035892E0,4.665479809E-2,-1.153007243E-2,1.123991162E-1,1.222422761E-1
8.411396569E0,4.787652567E-2,-1.275180187E-2,1.117882580E-1,1.222758553E-1
8.413757246E0,5.031998456E-2,-1.641699113E-2,1.111773923E-1,1.231341992E-1
8.416117923E0,5.215258151E-2,-2.252563834E-2,1.099556610E-1,1.237640640E-1
8.418478601E0,4.909825698E-2,-2.802342176E-2,1.093447953E-1,1.230944161E-1
8.420839226E0,4.665479809E-2,-3.474293277E-2,1.093447953E-1,1.238548579E-1
8.423199903E0,4.421133921E-2,-4.207331315E-2,1.075121984E-1,1.236271774E-1
8.425560580E0,4.298960790E-2,-4.940368980E-2,1.044578776E-1,1.232894121E-1
8.427921257E0,3.932442144E-2,-5.429060757E-2,1.038470119E-1,1.236045391E-1
8.430281934E0,3.627009690E-2,-5.856665969E-2,1.020144150E-1,1.230955499E-1
8.432642559E0,3.260490671E-2,-6.162098423E-2,9.896009415E-2,1.210509226E-1
8.435003236E0,2.710712515E-2,-6.589704007E-2,9.773836285E-2,1.209545522E-1
8.437363913E0,2.466366626E-2,-6.650790572E-2,9.468404204E-2,1.183075051E-1
8.439724590E0,2.222020552E-2,-7.078395784E-2,9.407317638E-2,1.198076322E-1
8.442085267E0,1.855501719E-2,-7.200568914E-2,9.040798992E-2,1.170585861E-1
8.444445944E0,1.122464053E-2,-7.567087561E-2,8.857539296E-2,1.170370634E-1
8.446806621E0,8.170315996E-3,-7.872519642E-2,8.796452731E-2,1.183307597E-1
8.449167246E0,5.726857111E-3,-8.055779338E-2,8.613193035E-2,1.180722846E-1
8.451527923E0,1.450803829E-3,-7.994692773E-2,8.613193035E-2,1.175258504E-1
8.453888601E0,-2.825249685E-3,-7.811433077E-2,8.429934084E-2,1.149617744E-1
8.456249278E0,-7.101302966E-3,-7.689260691E-2,8.429934084E-2,1.143209533E-1
8.458609955E0,-1.626427472E-2,-7.383827865E-2,8.429934084E-2,1.132386723E-1
8.460970580E0,-1.992946304E-2,-7.322741300E-2,8.368847519E-2,1.129743262E-1
8.463331257E0,-2.603811212E-2,-7.444914430E-2,8.307760954E-2,1.145536886E-1
8.465691934E0,-3.031416424E-2,-7.872519642E-2,8.185587823E-2,1.175456928E-1
8.468052611E0,-3.825540841E-2,-8.605557680E-2,7.941242307E-2,1.231883578E-1
8.470413288E0,-4.375318810E-2,-9.888373315E-2,7.696896046E-2,1.327273711E-1
8.472773965E0,-4.802924395E-2,-1.147662178E-1,7.574722916E-2,1.456562245E-1
8.475134590E0,-5.291616172E-2,-1.355356276E-1,7.330377400E-2,1.629216677E-1
8.477495267E0,-5.780307949E-2,-1.599702090E-1,7.024945319E-2,1.840289364E-1
8.479855944E0,-6.391172856E-2,-1.880699992E-1,6.780599058E-2,2.098873174E-1
8.482216621E0,-6.574432552E-2,-2.222784162E-1,6.536252797E-2,2.408366058E-1
8.484577298E0,-6.818778068E-2,-2.595411837E-1,6.291907281E-2,2.756265756E-1
8.486937976E0,-7.124210149E-2,-3.035234511E-1,5.742128938E-2,3.170159726E-1
8.489298601E0,-7.185296714E-2,-3.566686809E-1,5.131264031E-2,3.674348703E-1
8.491659278E0,-6.879864633E-2,-4.128682315E-1,4.948004708E-2,4.214756285E-1
8.494019955E0,-6.391172856E-2,-4.776198864E-1,4.276053607E-2,4.837705328E-1
8.496380632E0,-5.597048625E-2,-5.442041755E-1,3.665188700E-2,5.483012318E-1
8.498741309E0,-4.864010960E-2,-6.126210093E-1,2.809977904E-2,6.151909939E-1
8.501101986E0,-3.642281145E-2,-6.840922236E-1,2.015853859E-2,6.853576864E-1
8.503462611E0,-2.664897591E-2,-7.525090575E-1,1.099556591E-2,7.530610547E-1
8.505823288E0,-1.809686981E-2,-8.221476078E-1,-0.000000000E0,8.223467552E-1
8.508183965E0,-9.544761851E-3,-8.893427849E-1,-1.038470119E-2,8.894546270E-1
8.510544642E0,-4.657844082E-3,-9.559270144E-1,-2.443459071E-2,9.562505956E-1
8.512905319E0,-3.817904799E-4,-1.023122191E0,-3.604102135E-2,1.023756865E0
8.515265996E0,2.672533505E-3,-1.095815063E0,-4.948004708E-2,1.096934852E0
8.517626621E0,5.115992390E-3,-1.171562314E0,-6.047561392E-2,1.173133295E0
8.519987298E0,6.948587019E-3,-1.257083416E0,-6.963858753E-2,1.259029996E0
8.522347976E0,8.170315996E-3,-1.351767421E0,-7.819069177E-2,1.354051586E0
8.524708653E0,8.170315996E-3,-1.458057880E0,-8.674279600E-2,1.460658704E0
8.527069330E0,6.948587019E-3,-1.569235206E0,-9.529490769E-2,1.572141385E0
8.529430007E0,5.726857111E-3,-1.681634426E0,-1.044578776E-1,1.684885334E0
8.531790684E0,8.399390499E-4,-1.792200923E0,-1.117882580E-1,1.795684123E0
8.534151309E0,-8.323032409E-3,-1.896047950E0,-1.185077652E-1,1.899766089E0
8.536511986E0,-1.382081583E-2,-1.996840596E0,-1.258381456E-1,2.000849475E0
8.538872663E0,-2.359465137E-2,-2.092135429E0,-1.307250559E-1,2.096348350E0
8.541233340E0,-3.581194952E-2,-2.193539143E0,-1.392771751E-1,2.198248075E0
8.543594017E0,-5.108356848E-2,-2.301662207E0,-1.502727419E-1,2.307128159E0
8.545954642E0,-7.063124329E-2,-2.418948174E0,-1.631008983E-1,2.425469221E0
8.548315319E0,-9.078978002E-2,-2.546618938E0,-1.740964651E-1,2.554177046E0
8.550675996E0,-1.127809063E-1,-2.682230949E0,-1.771507859E-1,2.690439518E0
8.553036673E0,-1.402698308E-1,-2.827616692E0,-1.844811589E-1,2.837098003E0
8.555397351E0,-1.689804643E-1,-2.975445986E0,-1.912006736E-1,2.986367511E0
8.557758028E0,-1.976911128E-1,-3.127551317E0,-1.985310465E-1,3.140075412E0
8.560118705E0,-2.264017612E-1,-3.282711029E0,-2.034179717E-1,3.296790610E0
8.562479330E0,-2.496146262E-1,-3.438481569E0,-2.070831656E-1,3.453743824E0
8.564840007E0,-2.679405510E-1,-3.603415012E0,-2.021962404E-1,3.619015779E0
8.567200684E0,-2.850447893E-1,-3.783620119E0,-1.973093301E-1,3.799468740E0
8.569561361E0,-2.990946770E-1,-3.977264166E0,-1.887572110E-1,3.992958447E0
8.571922038E0,-3.082576394E-1,-4.189845085E0,-1.765399277E-1,4.204877044E0
8.574282715E0,-3.168097436E-1,-4.415864944E0,-1.606574357E-1,4.430128941E0
8.576643340E0,-3.229183853E-1,-4.653491497E0,-1.417206228E-1,4.666834487E0
8.579004017E0,-3.333030939E-1,-4.899670124E0,-1.178968996E-1,4.912408570E0
8.581364694E0,-3.412443399E-1,-5.155622482E0,-9.040798992E-2,5.167694310E0
8.583725371E0,-3.497964442E-1,-5.420737743E0,-6.475166976E-2,5.432397998E0
8.586086048E0,-3.650680780E-1,-5.702346325E0,-4.214967042E-2,5.714175785E0
8.588446726E0,-3.766745031E-1,-6.001059055E0,-2.565632015E-2,6.012923724E0
8.590807403E0,-3.907243907E-1,-6.312600136E0,-1.221729536E-2,6.324692505E0
8.593168080E0,-3.998873532E-1,-6.638802052E0,-1.221729559E-3,6.650834840E0
8.595528705E0,-4.011090994E-1,-6.972945213E0,8.552107029E-3,6.984477546E0
8.597889382E0,-3.992764950E-1,-7.311975002E0,1.832594350E-2,7.322891232E0
8.600250059E0,-3.919461071E-1,-7.655281067E0,3.054323979E-2,7.665369062E0
8.602610736E0,-3.748418987E-1,-8.001030922E0,4.031707719E-2,8.009908097E0
8.604971413E0,-3.504073024E-1,-8.352889061E0,5.436696485E-2,8.360412472E0
8.607332090E0,-3.216966689E-1,-8.709022522E0,6.475166976E-2,8.715202511E0
8.609692715E0,-2.801578641E-1,-9.063323975E0,7.452550530E-2,9.067959194E0
8.612053392E0,-2.331212759E-1,-9.413960457E0,7.941242307E-2,9.417181285E0
8.614414069E0,-1.799760312E-1,-9.762764931E0,8.063415438E-2,9.764756645E0
8.616774746E0,-1.237764731E-1,-1.009751892E1,7.391463965E-2,1.009854803E1
8.619135423E0,-6.635518372E-2,-1.041150284E1,5.864302069E-2,1.041187943E1
8.621496101E0,-5.879573524E-3,-1.069922066E1,3.420842811E-2,1.069927696E1
8.623856778E0,5.337430909E-2,-1.096067047E1,1.832594397E-3,1.096080058E1
8.626217403E0,1.120173261E-1,-1.119340992E1,-3.848448023E-2,1.119403656E1
8.628578080E0,1.633299738E-1,-1.140293694E1,-8.002328873E-2,1.140438736E1
8.630938757E0,2.115882933E-1,-1.159291553E1,-1.215620935E-1,1.159548350E1
8.633299434E0,2.592357397E-1,-1.176945496E1,-1.649334878E-1,1.177346492E1
8.635660111E0,3.026071489E-1,-1.193377781E1,-2.101374865E-1,1.193946321E1
8.638020788E0,3.374264240E-1,-1.208832645E1,-2.583957911E-1,1.209579520E1
8.640381465E0,3.673588037E-1,-1.222943687E1,-3.097084463E-1,1.223887242E1
8.642742090E0,3.942368627E-1,-1.236810303E1,-3.634645343E-1,1.237972139E1
8.645102767E0,4.125627875E-1,-1.249638462E1,-4.166097939E-1,1.251013191E1
8.647463444E0,4.302778840E-1,-1.262100124E1,-4.667007029E-1,1.263695458E1
8.649824069E0,4.418843091E-1,-1.274561691E1,-5.119046569E-1,1.276354412E1
8.652184798E0,4.565450549E-1,-1.287267685E1,-5.516108871E-1,1.289257605E1
8.654545476E0,4.693732262E-1,-1.300095844E1,-5.876519084E-1,1.302269428E1
8.656906101E0,4.754818678E-1,-1.313473797E1,-6.175842881E-1,1.315784309E1
8.659266778E0,4.809796512E-1,-1.326546288E1,-6.420188546E-1,1.328969657E1
8.661627455E0,4.864774346E-1,-1.337969494E1,-6.615665555E-1,1.340487103E1
8.663988132E0,4.907535017E-1,-1.344872284E1,-6.805033684E-1,1.347486808E1
8.666348809E0,4.950295389E-1,-1.346338367E1,-7.012727857E-1,1.349072043E1
8.668709486E0,4.944186807E-1,-1.342123413E1,-7.159335017E-1,1.344940654E1
8.671070163E0,4.956403971E-1,-1.331982994E1,-7.263182402E-1,1.334882269E1
8.673430840E0,4.986947477E-1,-1.315306377E1,-7.275399566E-1,1.318260587E1
8.675791517E0,4.986947477E-1,-1.292337894E1,-7.208204269E-1,1.295306921E1
8.678152142E0,4.956403971E-1,-1.262466621E1,-7.049379349E-1,1.265404259E1
8.680512819E0,4.822013974E-1,-1.225875759E1,-6.823359728E-1,1.228719814E1
8.682873496E0,4.583776593E-1,-1.182076836E1,-6.579013467E-1,1.184793268E1
8.685234121E0,4.241692424E-1,-1.131741524E1,-6.298015714E-1,1.134285931E1
8.687594851E0,3.759109080E-1,-1.075419807E1,-5.968148708E-1,1.077730362E1
8.689955528E0,3.148244321E-1,-1.014027882E1,-5.577195287E-1,1.016048325E1
8.692316205E0,2.409097999E-1,-9.485431671E0,-5.137372613E-1,9.502387989E0
8.694676882E0,1.578321904E-1,-8.795765877E0,-4.599811733E-1,8.809199228E0
8.697037507E0,6.375901401E-2,-8.085330009E0,-3.897317350E-1,8.094968647E0
8.699398184E0,-3.642281145E-2,-7.365120411E0,-3.066541255E-1,7.371591554E0
8.701758861E0,-1.414915472E-1,-6.638191223E0,-2.052505612E-1,6.642870642E0
8.704119538E0,-2.532798052E-1,-5.911262035E0,-8.613193035E-2,5.917312584E0
8.706480215E0,-3.681223989E-1,-5.191663265E0,4.031707719E-2,5.204854179E0
8.708840892E0,-4.847975671E-1,-4.478784084E0,1.808159798E-1,4.508572942E0
8.711201569E0,-5.959749222E-1,-3.785452604E0,3.280344009E-1,3.846094655E0
8.713562194E0,-7.071523666E-1,-3.115334034E0,4.807505906E-1,3.230555950E0
8.715922871E0,-8.116102219E-1,-2.478812933E0,6.340776682E-1,2.684265113E0
8.718283548E0,-9.087377191E-1,-1.889939308E0,7.812960744E-1,2.237878099E0
8.720644226E0,-9.948696494E-1,-1.359097719E0,9.230166674E-1,1.920643642E0
8.723004903E0,-1.065119147E0,-9.003383517E-1,1.051298261E0,1.746515382E0
8.725365580E0,-1.125594735E0,-5.099957585E-1,1.164308310E0,1.697843639E0
8.727726257E0,-1.171409607E0,-1.862373948E-1,1.252272844E0,1.724839735E0
8.730086934E0,-1.204396248E0,7.215840369E-2,1.318857074E0,1.787501367E0
8.732447559E0,-1.227609158E0,2.737437785E-1,1.365282774E0,1.856328891E0
8.734808236E0,-1.234939456E0,4.221839309E-1,1.393382549E0,1.909143698E0
8.737168913E0,-1.227609158E0,5.168679357E-1,1.403767228E0,1.935132847E0
8.739529590E0,-1.206839681E0,5.632936954E-1,1.396436930E0,1.929714461E0
8.741890267E0,-1.172631264E0,5.687914491E-1,1.375056624E0,1.894562882E0
8.744250944E0,-1.128648996E0,5.303069949E-1,1.337182999E0,1.828423484E0
8.746611621E0,-1.068784237E0,4.508945644E-1,1.288313866E0,1.733596917E0
8.748972298E0,-9.979239702E-1,3.348302543E-1,1.230281711E0,1.619122181E0
8.751332923E0,-9.130137563E-1,1.870009750E-1,1.162475705E0,1.489937331E0
8.753693601E0,-8.201622963E-1,1.901316643E-2,1.087950230E0,1.362594362E0
8.756054278E0,-7.181479335E-1,-1.605810821E-1,1.007315993E0,1.247480761E0
8.758414955E0,-6.057487726E-1,-3.481165767E-1,9.236275554E-1,1.158103876E0
8.760775632E0,-4.866301417E-1,-5.295433998E-1,8.381064534E-1,1.104376537E0
8.763136309E0,-3.638463318E-1,-6.975312233E-1,7.519745231E-1,1.088301265E0
8.765496986E0,-2.392299175E-1,-8.520799875E-1,6.646208763E-1,1.106793643E0
8.767857663E0,-1.158352345E-1,-9.864702821E-1,5.803215504E-1,1.150354085E0
8.770218288E0,5.115992390E-3,-1.100091100E0,4.990765154E-1,1.208016543E0
8.772578965E0,1.205694377E-1,-1.192331672E0,4.233292937E-1,1.270983672E0
8.774939642E0,2.280816436E-1,-1.267468095E0,3.543015718E-1,1.335674441E0
8.777300319E0,3.282634616E-1,-1.323056698E0,2.926042378E-1,1.394221348E0
8.779660996E0,4.198931754E-1,-1.357876062E0,2.394589931E-1,1.441345999E0
8.782021673E0,4.986947477E-1,-1.373147607E0,1.905898154E-1,1.473280448E0
8.784382351E0,5.677224398E-1,-1.370704174E0,1.496618688E-1,1.491153036E0
8.786742976E0,6.196459532E-1,-1.345047832E0,1.130099818E-1,1.485222553E0
8.789103653E0,6.587412953E-1,-1.296178699E0,8.307760954E-2,1.456338286E0
8.791464330E0,6.819541454E-1,-1.226540089E0,5.864302069E-2,1.404599961E0
8.793825007E0,6.935606003E-1,-1.135521293E0,4.214967042E-2,1.331244345E0
8.796185684E0,6.898953915E-1,-1.026176453E0,3.176496923E-2,1.236932810E0
8.798546361E0,6.740128994E-1,-9.015600681E-1,2.687804960E-2,1.125977964E0
8.800907038E0,6.526326537E-1,-7.714458704E-1,2.932151034E-2,1.010899531E0
8.803267715E0,6.172025204E-1,-6.382773519E-1,3.787361458E-2,8.886908010E-1
8.805628392E0,5.744419694E-1,-5.026653409E-1,5.131264031E-2,7.650418343E-1
8.807989017E0,5.231293440E-1,-3.731620312E-1,7.024945319E-2,6.464125600E-1
8.810349694E0,4.705949426E-1,-2.448804229E-1,9.468404204E-2,5.388794757E-1
8.812710371E0,4.150062501E-1,-1.233183295E-1,1.203403622E-1,4.493544267E-1
8.815071048E0,3.575849831E-1,-4.810560029E-3,1.514944583E-1,3.883821990E-1
8.817431726E0,3.001636863E-1,1.081994250E-1,1.850920320E-1,3.688691020E-1
8.819792403E0,2.445749789E-1,2.187659442E-1,2.223547846E-1,3.963800057E-1
8.822153080E0,1.895971596E-1,3.268890083E-1,2.583957911E-1,4.577902265E-1
8.824513757E0,1.388953775E-1,4.301251769E-1,2.981020212E-1,5.414465890E-1
8.826874434E0,8.819360286E-2,5.296961069E-1,3.371973634E-1,6.340805462E-1
8.829235111E0,4.176788032E-2,6.213258505E-1,3.756818473E-1,7.272738265E-1
8.831595736E0,3.283398226E-3,7.031817436E-1,4.135554433E-1,8.157839481E-1
8.833956413E0,-3.459021822E-2,7.752637863E-1,4.477638900E-1,8.959480581E-1
8.836317090E0,-6.513345987E-2,8.345176578E-1,4.752528071E-1,9.625628911E-1
8.838677767E0,-9.384410083E-2,8.803325295E-1,5.002982616E-1,1.016902369E0
8.841038444E0,-1.158352345E-1,9.120974541E-1,5.216785073E-1,1.057113065E0
8.843399121E0,-1.347720474E-1,9.249256253E-1,5.351175666E-1,1.077033763E0
8.845759798E0,-1.482110620E-1,9.200387001E-1,5.448913574E-1,1.079511149E0
8.848120423E0,-1.567631811E-1,8.949932456E-1,5.497782826E-1,1.061999889E0
8.850481101E0,-1.653152853E-1,8.522327542E-1,5.497782826E-1,1.027563123E0
8.852841778E0,-1.689804643E-1,7.935897112E-1,5.424479246E-1,9.760065461E-1
8.855202455E0,-1.702021956E-1,7.294489145E-1,5.332849622E-1,9.194875514E-1
8.857563132E0,-1.683696061E-1,6.561451554E-1,5.167915821E-1,8.520260140E-1
8.859923809E0,-1.647044122E-1,5.822305083E-1,4.941896200E-1,7.812447048E-1
8.862284486E0,-1.555414498E-1,5.058723688E-1,4.703658819E-1,7.080565366E-1
8.864645163E0,-1.439350098E-1,4.301251769E-1,4.410443604E-1,6.326492573E-1
8.867005840E0,-1.298851222E-1,3.568213880E-1,4.080576599E-1,5.574071238E-1
8.869366465E0,-1.127809063E-1,2.926805913E-1,3.744601011E-1,4.884688615E-1
8.871727142E0,-8.956804872E-2,2.358701676E-1,3.420842886E-1,4.250633268E-1
8.874087819E0,-6.513345987E-2,1.876118481E-1,3.078758419E-1,3.663715425E-1
8.876448496E0,-3.825540841E-2,1.509599537E-1,2.761108875E-1,3.170009560E-1
8.878809173E0,-8.323032409E-3,1.240819097E-1,2.455676347E-1,2.752617961E-1
8.881169851E0,2.160934173E-2,1.069776937E-1,2.186895907E-1,2.444101628E-1
8.883530528E0,5.398517475E-2,9.842558950E-2,1.948658675E-1,2.248881991E-1
8.885891205E0,7.780890167E-2,9.842558950E-2,1.740964651E-1,2.145959017E-1
8.888251882E0,1.016326249E-1,1.045342386E-1,1.557705253E-1,2.133566358E-1
8.890612559E0,1.236237586E-1,1.173623949E-1,1.423314959E-1,2.220698542E-1
8.892973184E0,1.431714296E-1,1.362992078E-1,1.307250559E-1,2.369906592E-1
8.895333861E0,1.547778696E-1,1.595120728E-1,1.221729591E-1,2.536267380E-1
8.897694538E0,1.596647799E-1,1.894444376E-1,1.142317131E-1,2.728203093E-1
8.900055215E0,1.639408320E-1,2.199876755E-1,1.093447953E-1,2.953429499E-1
8.902415892E0,1.608865112E-1,2.511417866E-1,1.032361463E-1,3.156174399E-1
8.904776569E0,1.578321904E-1,2.810741663E-1,1.001818255E-1,3.375649351E-1
8.907137246E0,1.480583549E-1,3.073413372E-1,9.407317638E-2,3.538781379E-1
8.909497923E0,1.382845193E-1,3.317759335E-1,9.101885557E-2,3.707860709E-1
8.911858601E0,1.260672212E-1,3.586539924E-1,8.857539296E-2,3.903475769E-1
8.914219278E0,1.114064679E-1,3.849211633E-1,8.735366166E-2,4.101296932E-1
8.916579903E0,9.491311759E-2,4.111883640E-1,8.368847519E-2,4.302187019E-1
8.918940580E0,7.903063297E-2,4.337903559E-1,8.185587823E-2,4.484643783E-1
8.921301257E0,6.375901401E-2,4.539488852E-1,8.124501258E-2,4.655486594E-1
8.923661934E0,4.665479809E-2,4.722748399E-1,7.941242307E-2,4.811720352E-1
8.926022611E0,3.260490671E-2,4.893790483E-1,7.819069177E-2,4.966575452E-1
8.928383288E0,1.672242396E-2,5.034289360E-1,7.819069177E-2,5.097392641E-1
8.930743965E0,3.894262947E-3,5.138136148E-1,7.819069177E-2,5.197435717E-1
8.933104642E0,-8.323032409E-3,5.241983533E-1,7.880155742E-2,5.301536305E-1
8.935465319E0,-1.992946304E-2,5.309178233E-1,8.063415438E-2,5.373758326E-1
8.937825944E0,-2.787070535E-2,5.339722037E-1,8.002328873E-2,5.406540644E-1
8.940186569E0,-3.153589368E-2,5.364156365E-1,8.124501258E-2,5.434491695E-1
8.942547298E0,-3.520108387E-2,5.327504277E-1,7.819069177E-2,5.396071894E-1
8.944907976E0,-4.008800164E-2,5.248091817E-1,7.513637096E-2,5.316739596E-1
8.947268653E0,-4.192059487E-2,5.144245028E-1,7.147117704E-2,5.210547328E-1
8.949629330E0,-4.069886729E-2,4.991528690E-1,6.291907281E-2,5.047462671E-1
8.951990007E0,-3.947713599E-2,4.820486605E-1,5.558869615E-2,4.868464424E-1
8.954350684E0,-3.886627033E-2,4.637227356E-1,4.886918142E-2,4.679076398E-1
8.956711361E0,-3.520108387E-2,4.435641766E-1,4.214967042E-2,4.469506570E-1
8.959072038E0,-2.909243479E-2,4.234056473E-1,3.359756246E-2,4.257317326E-1
8.961432715E0,-2.481638081E-2,4.008036554E-1,2.626718581E-2,4.024293577E-1
8.963793340E0,-1.870773360E-2,3.782016635E-1,2.015853859E-2,3.792002693E-1
8.966154017E0,-1.076649129E-2,3.531562090E-1,1.466075517E-2,3.536243247E-1
8.968514694E0,-6.490438245E-3,3.262781501E-1,9.162971750E-3,3.264713112E-1
8.970875371E0,-2.825249685E-3,3.018435538E-1,4.886918236E-3,3.018963315E-1
8.973236048E0,2.061668551E-3,2.761872411E-1,-6.108647794E-4,2.761956114E-1
8.975596726E0,3.283398226E-3,2.486983240E-1,-5.497782957E-3,2.487807522E-1
8.977957403E0,5.726857111E-3,2.205985487E-1,-1.221729536E-2,2.210108116E-1
8.980318080E0,5.115992390E-3,1.924987584E-1,-1.893680729E-2,1.934956021E-1
8.982678757E0,5.726857111E-3,1.619555205E-1,-2.687804960E-2,1.642705606E-1
8.985039382E0,2.061668551E-3,1.338557452E-1,-3.359756246E-2,1.380232126E-1
8.987400111E0,2.061668551E-3,1.094211563E-1,-4.214967042E-2,1.172767439E-1
8.989760736E0,2.290742996E-4,8.620829135E-2,-5.131264031E-2,1.003240202E-1
8.992121413E0,2.290742996E-4,6.666062027E-2,-5.925388262E-2,8.918919988E-2
8.994482090E0,-4.657844082E-3,5.138900131E-2,-6.719512492E-2,8.472136555E-2
8.996842767E0,-3.436114406E-3,3.978256881E-2,-7.635809481E-2,8.616854592E-2
8.999203444E0,-3.436114406E-3,2.878700197E-2,-8.429934084E-2,8.914525916E-2
9.001564017E0,-5.879573524E-3,2.390008420E-2,-9.101885557E-2,9.428793920E-2
9.003924798E0,-6.490438245E-3,1.962403022E-2,-9.407317638E-2,9.631713693E-2
9.006285476E0,-5.879573524E-3,1.962403022E-2,-9.773836285E-2,9.986220266E-2
9.008646153E0,-3.436114406E-3,2.390008420E-2,-1.014035568E-1,1.042386792E-1
9.011006830E0,-4.046979360E-3,3.123046272E-2,-1.038470119E-1,1.085169191E-1
9.013367455E0,-4.046979360E-3,3.856083751E-2,-1.056796089E-1,1.125677394E-1
9.015728132E0,-9.926552884E-4,4.955640435E-2,-1.056796089E-1,1.167261852E-1
9.018088809E0,2.672533505E-3,6.238456443E-2,-1.038470119E-1,1.211741647E-1
9.020449486E0,5.115992390E-3,7.643445581E-2,-1.007926911E-1,1.266000237E-1
9.022810163E0,1.000291109E-2,8.681915700E-2,-9.773836285E-2,1.311122108E-1
9.025170840E0,1.427896414E-2,9.720385820E-2,-9.285144508E-2,1.351808778E-1
9.027531517E0,2.038761228E-2,1.051450968E-1,-8.491020650E-2,1.366780497E-1
9.029892194E0,2.527453005E-2,1.136972085E-1,-7.574722916E-2,1.389370354E-1
9.032252871E0,3.199404106E-2,1.228601784E-1,-6.475166976E-2,1.425167388E-1
9.034613548E0,3.627009690E-2,1.350774765E-1,-5.314523727E-2,1.496190524E-1
9.036974226E0,4.237874225E-2,1.491273642E-1,-3.909534588E-2,1.598855047E-1
9.039334903E0,4.970912263E-2,1.650098413E-1,-2.504545636E-2,1.741451104E-1
9.041695528E0,5.765036494E-2,1.833357960E-1,-1.160643063E-2,1.925364586E-1
9.044056205E0,6.681333482E-2,2.071595192E-1,1.832594397E-3,2.176750939E-1
9.046416882E0,7.475458086E-2,2.303723842E-1,1.710421406E-2,2.428008173E-1
9.048777559E0,8.208495378E-2,2.523635030E-1,3.115410358E-2,2.672000289E-1
9.051138236E0,8.941533417E-2,2.713003159E-1,4.520399496E-2,2.892098970E-1
9.053498913E0,9.857830405E-2,2.865719497E-1,5.497783050E-2,3.079995556E-1
9.055859590E0,1.059086844E-1,2.932914495E-1,6.658425927E-2,3.188573151E-1
9.058220267E0,1.120173261E-1,2.945131958E-1,7.635809481E-2,3.242166906E-1
9.060580944E0,1.138499230E-1,2.914588451E-1,8.491020650E-2,3.242218477E-1
9.062941621E0,1.169042438E-1,2.792415619E-1,8.979712427E-2,3.157625305E-1
9.065302298E0,1.169042438E-1,2.627482116E-1,9.346231073E-2,3.023878775E-1
9.067662976E0,1.114064679E-1,2.395353466E-1,9.834922850E-2,2.818885491E-1
9.070023653E0,1.101847365E-1,2.089921087E-1,9.834922850E-2,2.559119935E-1
9.072384278E0,1.022434905E-1,1.735619605E-1,9.712749720E-2,2.236319212E-1
9.074744955E0,9.918916970E-2,1.381317973E-1,9.468404204E-2,1.946380041E-1
9.077105632E0,9.002619982E-2,1.033125073E-1,9.101885557E-2,1.645072122E-1
9.079466309E0,8.269581944E-2,6.910407543E-2,8.674279600E-2,1.383411886E-1
9.081826986E0,7.658717036E-2,3.428478539E-2,7.941242307E-2,1.155308362E-1
9.084187663E0,7.108938694E-2,3.130682046E-3,7.330377400E-2,1.021613694E-1
9.086548340E0,6.375901401E-2,-2.252563834E-2,6.291907281E-2,9.236571860E-2
9.088909017E0,6.070468575E-2,-4.757109284E-2,5.497783050E-2,9.471340767E-2
9.091269694E0,5.826122686E-2,-7.017309219E-2,4.459312931E-2,1.015242858E-1
9.093630371E0,5.459604040E-2,-8.727730811E-2,3.359756246E-2,1.082905921E-1
9.095991048E0,5.520690605E-2,-9.705114365E-2,2.382372692E-2,1.141678454E-1
9.098351726E0,5.337430909E-2,-1.025489271E-1,1.221729536E-2,1.162512865E-1
9.100712351E0,5.337430909E-2,-1.037706509E-1,2.443459118E-3,1.167181878E-1
9.103073028E0,5.276344717E-2,-1.001054645E-1,-6.108647678E-3,1.133243175E-1
9.105433705E0,5.215258151E-2,-9.399681538E-2,-1.282816008E-2,1.082582780E-1
9.107794382E0,5.337430909E-2,-8.544471115E-2,-2.076940238E-2,1.028639082E-1
9.110155059E0,5.459604040E-2,-7.322741300E-2,-2.626718581E-2,9.504181549E-2
9.112515736E0,5.520690605E-2,-6.162098423E-2,-2.993237413E-2,8.798235729E-2
9.114876413E0,5.703949928E-2,-4.879282415E-2,-3.176496923E-2,8.150618036E-2
9.117237090E0,5.642863363E-2,-3.413207084E-2,-3.420842811E-2,7.429270157E-2
9.119597767E0,5.887209252E-2,-1.886045001E-2,-3.237583488E-2,6.978419976E-2
9.121958444E0,6.009382382E-2,-1.756236190E-3,-2.993237413E-2,6.715876003E-2
9.124319121E0,6.253728271E-2,1.718057133E-2,-2.687804960E-2,7.020337107E-2
9.126679798E0,6.498073786E-2,3.367391974E-2,-2.015853859E-2,7.591308084E-2
9.129040476E0,6.498073786E-2,5.077813566E-2,-1.404988952E-2,8.365593075E-2
9.131401153E0,6.864593178E-2,6.238456443E-2,-5.497782957E-3,9.292106030E-2
9.133761830E0,7.170025259E-2,7.399099320E-2,3.054323839E-3,1.030772632E-1
9.136122455E0,7.536543906E-2,8.193223923E-2,1.221729536E-2,1.119915333E-1
9.138483132E0,7.719803602E-2,8.681915700E-2,2.443459071E-2,1.187187938E-1
9.140843809E0,8.147408813E-2,9.231694043E-2,3.665188700E-2,1.284671372E-1
9.143204486E0,8.636100590E-2,9.842558950E-2,4.642572254E-2,1.389286426E-1
9.145565163E0,8.819360286E-2,1.033125073E-1,5.864302069E-2,1.479546877E-1
9.147925840E0,9.002619982E-2,1.112537459E-1,7.086031139E-2,1.596975152E-1
9.150286517E0,8.819360286E-2,1.179732606E-1,8.063415438E-2,1.679216146E-1
9.152647194E0,9.063705802E-2,1.246927753E-1,8.857539296E-2,1.777891019E-1
9.155007871E0,9.185878932E-2,1.326340139E-1,9.773836285E-2,1.886335240E-1
9.157368548E0,9.308052063E-2,1.399643868E-1,1.075121984E-1,1.995316659E-1
9.159729226E0,9.246965498E-2,1.479056329E-1,1.123991162E-1,2.075096977E-1
9.162089903E0,9.185878932E-2,1.558468789E-1,1.197294965E-1,2.169364865E-1
9.164450580E0,9.124792367E-2,1.668424457E-1,1.282816082E-1,2.293877858E-1
9.166811205E0,9.308052063E-2,1.766162813E-1,1.331685185E-1,2.399815586E-1
9.169171934E0,9.002619982E-2,1.863901168E-1,1.386663020E-1,2.491472167E-1
9.171532559E0,8.452841640E-2,1.961639524E-1,1.441640854E-1,2.576987251E-1
9.173893236E0,8.269581944E-2,2.059377879E-1,1.490510106E-1,2.673297118E-1
9.176253913E0,7.841976732E-2,2.120464295E-1,1.539379209E-1,2.735145913E-1
9.178614590E0,7.047852129E-2,2.218202800E-1,1.569922417E-1,2.807454764E-1
9.180975267E0,6.131555140E-2,2.322049737E-1,1.588248461E-1,2.879306833E-1
9.183335944E0,5.520690605E-2,2.438113987E-1,1.594357044E-1,2.964988102E-1
9.185696621E0,4.665479809E-2,2.548069656E-1,1.576031148E-1,3.032193953E-1
9.188057298E0,3.749182448E-2,2.633590698E-1,1.539379209E-1,3.073443021E-1
9.190417976E0,2.832885459E-2,2.700785995E-1,1.484401375E-1,3.094825493E-1
9.192778653E0,2.344193682E-2,2.749654949E-1,1.441640854E-1,3.113500141E-1
9.195139330E0,1.305723470E-2,2.780198455E-1,1.374445707E-1,3.104134918E-1
9.197500007E0,9.392046370E-3,2.798524201E-1,1.331685185E-1,3.100636094E-1
9.199860684E0,8.399390499E-4,2.829067409E-1,1.264490038E-1,3.098810741E-1
9.202221361E0,-2.825249685E-3,2.798524201E-1,1.172860414E-1,3.034491301E-1
9.204581986E0,-7.712167688E-3,2.786307037E-1,1.105665267E-1,2.998658090E-1
9.206942663E0,-1.320995111E-2,2.737437785E-1,1.044578776E-1,2.932944037E-1
9.209303340E0,-1.320995111E-2,2.645808160E-1,9.712749720E-2,2.821546770E-1
9.211664017E0,-1.687514037E-2,2.578612864E-1,9.040798992E-2,2.737714704E-1
9.214024694E0,-1.809686981E-2,2.523635030E-1,8.368847519E-2,2.664931429E-1
9.216385371E0,-2.054032870E-2,2.450331300E-1,7.941242307E-2,2.583978964E-1
9.218746048E0,-2.115119249E-2,2.358701676E-1,7.696896046E-2,2.490107022E-1
9.221106726E0,-2.237292193E-2,2.273180634E-1,7.269290835E-2,2.397046276E-1
9.223467403E0,-2.237292193E-2,2.199876755E-1,7.024945319E-2,2.320131692E-1
9.225828080E0,-2.176205814E-2,2.120464295E-1,6.902772188E-2,2.240582554E-1
9.228188757E0,-2.115119249E-2,2.059377879E-1,6.597339362E-2,2.172791617E-1
9.230549434E0,-2.115119249E-2,2.016617358E-1,6.414080411E-2,2.126708052E-1
9.232910111E0,-2.359465137E-2,1.967748106E-1,6.291907281E-2,2.079323048E-1
9.235270788E0,-2.237292193E-2,1.906661689E-1,6.047561392E-2,2.012745277E-1
9.237631465E0,-2.237292193E-2,1.839466542E-1,5.864302069E-2,1.943602920E-1
9.239992142E0,-2.054032870E-2,1.796706021E-1,5.558869615E-2,1.891917902E-1
9.242352819E0,-1.931859925E-2,1.753945500E-1,5.314523727E-2,1.842847598E-1
9.244713444E0,-2.115119249E-2,1.729510874E-1,5.253437161E-2,1.819871198E-1
9.247074121E0,-1.992946304E-2,1.698967665E-1,5.070177838E-2,1.784173902E-1
9.249434798E0,-2.115119249E-2,1.668424457E-1,4.948004708E-2,1.753055895E-1
9.251795476E0,-1.931859925E-2,1.643989831E-1,4.825831577E-2,1.724212834E-1
9.254156153E0,-2.359465137E-2,1.625663936E-1,4.642572254E-2,1.707040937E-1
9.256516830E0,-2.542724647E-2,1.589011997E-1,4.459312931E-2,1.669870753E-1
9.258877507E0,-2.909243479E-2,1.552360058E-1,4.031707719E-2,1.630032330E-1
9.261238184E0,-3.275762498E-2,1.527925581E-1,3.726275265E-2,1.606460100E-1
9.263598861E0,-3.520108387E-2,1.503490955E-1,3.420842811E-2,1.581587284E-1
9.265959538E0,-3.764454275E-2,1.497382224E-1,3.054323979E-2,1.573897593E-1
9.268320215E0,-4.069886729E-2,1.503490955E-1,2.626718581E-2,1.579595308E-1
9.270680892E0,-4.314232618E-2,1.521816850E-1,2.504545636E-2,1.601493067E-1
9.273041569E0,-4.375318810E-2,1.540142894E-1,2.382372692E-2,1.618712846E-1
9.275402246E0,-4.436405376E-2,1.589011997E-1,2.199113183E-2,1.664372867E-1
9.277762923E0,-4.558578506E-2,1.631772518E-1,2.076940238E-2,1.706934310E-1
9.280123601E0,-4.253146052E-2,1.668424457E-1,2.076940238E-2,1.734263386E-1
9.282484278E0,-4.069886729E-2,1.705076247E-1,2.199113183E-2,1.766716100E-1
9.284844903E0,-4.008800164E-2,1.760054082E-1,2.321286127E-2,1.819994190E-1
9.287205632E0,-3.703367710E-2,1.808923334E-1,2.260199748E-2,1.860225250E-1
9.289566257E0,-3.703367710E-2,1.882227063E-1,2.443459071E-2,1.933813063E-1
9.291926934E0,-3.031416424E-2,1.986074150E-1,2.748891525E-2,2.027794228E-1
9.294287611E0,-3.031416424E-2,2.132681608E-1,2.932151034E-2,2.173982703E-1
9.296648288E0,-2.909243479E-2,2.315941155E-1,3.237583488E-2,2.356488888E-1
9.299008913E0,-2.970330045E-2,2.468657345E-1,3.787361458E-2,2.515141896E-1
9.301369642E0,-3.031416424E-2,2.603047490E-1,4.337139800E-2,2.656286676E-1
9.303730319E0,-3.031416424E-2,2.700785995E-1,4.642572254E-2,2.757113457E-1
9.306090996E0,-3.153589368E-2,2.767980993E-1,5.253437161E-2,2.834987840E-1
9.308451673E0,-3.642281145E-2,2.810741663E-1,5.742128938E-2,2.891824902E-1
9.310812351E0,-4.375318810E-2,2.835176289E-1,6.108647957E-2,2.933055495E-1
9.313173028E0,-5.169443041E-2,2.847393453E-1,6.475166976E-2,2.965494691E-1
9.315533705E0,-6.207913160E-2,2.835176289E-1,6.841685623E-2,2.981894208E-1
9.317894382E0,-7.185296714E-2,2.835176289E-1,7.208204269E-2,3.012323284E-1
9.320255059E0,-8.284853399E-2,2.822958827E-1,7.452550530E-2,3.034944743E-1
9.322615736E0,-9.140064567E-2,2.835176289E-1,7.635809481E-2,3.075172883E-1
9.324976413E0,-1.030070707E-1,2.859610617E-1,7.941242307E-2,3.141504709E-1
9.327337090E0,-1.127809063E-1,2.896262705E-1,8.185587823E-2,3.214082983E-1
9.329697767E0,-1.225547493E-1,2.969566286E-1,8.368847519E-2,3.319738946E-1
9.332058392E0,-1.311068535E-1,3.079521954E-1,8.674279600E-2,3.457569585E-1
9.334419121E0,-1.402698308E-1,3.220020831E-1,8.857539296E-2,3.622244707E-1
9.336779798E0,-1.469893306E-1,3.384954333E-1,9.162971377E-2,3.802381177E-1
9.339140423E0,-1.537088454E-1,3.568213880E-1,9.651663154E-2,4.003290799E-1
9.341501153E0,-1.610392332E-1,3.788125217E-1,1.014035568E-1,4.239283460E-1
9.343861778E0,-1.640935540E-1,4.032471180E-1,1.056796089E-1,4.479990093E-1
9.346222455E0,-1.671478748E-1,4.276817143E-1,1.154534444E-1,4.734760381E-1
9.348583132E0,-1.708130687E-1,4.557814896E-1,1.240055487E-1,5.022860209E-1
9.350943809E0,-1.756999791E-1,4.838812649E-1,1.337793916E-1,5.318914239E-1
9.353304486E0,-1.756999791E-1,5.156462193E-1,1.447749585E-1,5.636677166E-1
9.355665163E0,-1.750891209E-1,5.498546362E-1,1.563813835E-1,5.978724432E-1
9.358025840E0,-1.793651730E-1,5.877282619E-1,1.692095399E-1,6.373603718E-1
9.360386517E0,-1.811977625E-1,6.286562085E-1,1.832594275E-1,6.794301108E-1
9.362747194E0,-1.866955459E-1,6.744710803E-1,1.991419196E-1,7.276152618E-1
9.365107871E0,-1.903607398E-1,7.215076685E-1,2.174678594E-1,7.772405013E-1
9.367468548E0,-1.940259188E-1,7.709876895E-1,2.376264036E-1,8.297797191E-1
9.369829173E0,-1.964693815E-1,8.241329193E-1,2.583957911E-1,8.857559886E-1
9.372189903E0,-1.989128441E-1,8.803325295E-1,2.846629918E-1,9.463533700E-1
9.374550580E0,-2.019671649E-1,9.414190054E-1,3.121519089E-1,1.012175525E0
9.376911257E0,-2.019671649E-1,1.006170630E0,3.414734006E-1,1.081560981E0
9.379271934E0,-2.037997693E-1,1.075198412E0,3.744601011E-1,1.156635785E0
9.381632611E0,-2.025780380E-1,1.145447850E0,4.062250853E-1,1.232115035E0
9.383993288E0,-2.031888962E-1,1.212032080E0,4.404335022E-1,1.305484262E0
9.386353965E0,-2.037997693E-1,1.273729444E0,4.752528071E-1,1.374694974E0
9.388714642E0,-2.037997693E-1,1.327485561E0,5.112938285E-1,1.437071202E0
9.391075319E0,-2.025780380E-1,1.371467829E0,5.485565662E-1,1.490931311E0
9.393435996E0,-2.001345754E-1,1.409952283E0,5.815432668E-1,1.538249609E0
9.395796673E0,-1.964693815E-1,1.442938924E0,6.157516837E-1,1.581082886E0
9.398157351E0,-1.909715980E-1,1.472260475E0,6.462949514E-1,1.619172079E0
9.400518028E0,-1.873064190E-1,1.497305989E0,6.756164432E-1,1.653319842E0
9.402878705E0,-1.805869043E-1,1.516242743E0,7.006618977E-1,1.680038922E0
9.405239330E0,-1.738673896E-1,1.528460026E0,7.208204269E-1,1.698823713E0
9.407600007E0,-1.665370166E-1,1.527849197E0,7.373138070E-1,1.704608283E0
9.409960684E0,-1.561523080E-1,1.515631914E0,7.458658814E-1,1.696419628E0
9.412321361E0,-1.482110620E-1,1.491197228E0,7.507528067E-1,1.676086355E0
9.414682038E0,-1.427132785E-1,1.453934550E0,7.495310903E-1,1.641977348E0
9.417042715E0,-1.378263682E-1,1.405676246E0,7.428115606E-1,1.595835465E0
9.419403392E0,-1.298851222E-1,1.350698352E0,7.318159938E-1,1.541690900E0
9.421764069E0,-1.225547493E-1,1.285946727E0,7.153226733E-1,1.476605966E0
9.424124746E0,-1.176678315E-1,1.210810304E0,6.927206516E-1,1.399917573E0
9.426485423E0,-1.109483168E-1,1.127121925E0,6.652317643E-1,1.313486454E0
9.428846101E0,-1.036179364E-1,1.031826973E0,6.328558922E-1,1.214870429E0
9.431206778E0,-9.995274991E-2,9.298125505E-1,5.937605500E-1,1.107742534E0
9.433567455E0,-9.750928730E-2,8.229112029E-1,5.491674542E-1,9.941206173E-1
9.435928132E0,-9.323323518E-2,7.086794972E-1,4.990765154E-1,8.717777436E-1
9.438288809E0,-9.140064567E-2,5.932260752E-1,4.410443604E-1,7.448431930E-1
9.440649486E0,-9.017891437E-2,4.826595485E-1,3.811796308E-1,6.216030786E-1
9.443010163E0,-9.140064567E-2,3.714821339E-1,3.164279461E-1,4.964672183E-1
9.445370840E0,-9.262236953E-2,2.682459950E-1,2.492328286E-1,3.776927588E-1
9.447731517E0,-9.201150388E-2,1.662315726E-1,1.820377111E-1,2.631288294E-1
9.450092194E0,-9.262236953E-2,6.971494108E-2,1.117882580E-1,1.610456177E-1
9.452452871E0,-9.567669779E-2,-2.252563834E-2,4.337139800E-2,1.074360882E-1
9.454813548E0,-9.384410083E-2,-1.092684343E-1,-2.382372692E-2,1.459927257E-1
9.457174226E0,-9.323323518E-2,-1.905134469E-1,-8.613193035E-2,2.289247017E-1
9.459534903E0,-8.956804872E-2,-2.674824297E-1,-1.472184062E-1,3.181863364E-1
9.461895528E0,-8.284853399E-2,-3.401753306E-1,-2.021962404E-1,4.043098500E-1
9.464256257E0,-7.673988491E-2,-4.085921645E-1,-2.522871494E-1,4.862976173E-1
9.466616934E0,-6.574432552E-2,-4.721221030E-1,-2.981020212E-1,5.622156272E-1
9.468977611E0,-5.658135191E-2,-5.283216834E-1,-3.359756172E-1,6.286532159E-1
9.471338288E0,-4.375318810E-2,-5.802451968E-1,-3.689623177E-1,6.890079983E-1
9.473698965E0,-3.031416424E-2,-6.242274642E-1,-3.952295184E-1,7.394492869E-1
9.476059642E0,-1.565340906E-2,-6.596575975E-1,-4.141663313E-1,7.790551490E-1
9.478420319E0,-2.825249685E-3,-6.859247684E-1,-4.294379354E-1,8.092698625E-1
9.480780996E0,6.948587019E-3,-7.005855441E-1,-4.404335022E-1,8.275566792E-1
9.483141673E0,1.672242396E-2,-7.060832977E-1,-4.453204274E-1,8.349512236E-1
9.485502351E0,2.160934173E-2,-7.024181485E-1,-4.447095692E-1,8.316398379E-1
9.487862976E0,2.588539571E-2,-6.895899773E-1,-4.392117858E-1,8.179922880E-1
9.490223653E0,2.710712515E-2,-6.694314480E-1,-4.288270772E-1,7.954658521E-1
9.492584330E0,2.588539571E-2,-6.413316727E-1,-4.111120105E-1,7.622266416E-1
9.494945007E0,2.649625950E-2,-6.065123677E-1,-3.878991306E-1,7.204339244E-1
9.497305684E0,2.405280061E-2,-5.637518167E-1,-3.610210717E-1,6.698737659E-1
9.499666361E0,1.794415340E-2,-5.142717957E-1,-3.298669755E-1,6.112362016E-1
9.502027038E0,1.244636998E-2,-4.623482823E-1,-2.926042378E-1,5.473007275E-1
9.504387715E0,3.283398226E-3,-4.079813063E-1,-2.547306120E-1,4.809856669E-1
9.506748392E0,-4.657844082E-3,-3.530034721E-1,-2.107483447E-1,4.111544863E-1
9.509109069E0,-1.443168055E-2,-3.004691005E-1,-1.673769504E-1,3.442455479E-1
9.511469746E0,-2.298378758E-2,-2.534325123E-1,-1.227838174E-1,2.825458522E-1
9.513830423E0,-3.459021822E-2,-2.100611329E-1,-7.941242307E-2,2.272190478E-1
9.516191101E0,-4.741837829E-2,-1.715766490E-1,-3.604102135E-2,1.816204952E-1
9.518551778E0,-5.902481079E-2,-1.379790753E-1,3.665188793E-3,1.501185769E-1
9.520912455E0,-7.490729541E-2,-1.062141135E-1,4.031707719E-2,1.360808860E-1
9.523273132E0,-8.712458611E-2,-7.872519642E-2,7.330377400E-2,1.384261295E-1
9.525633809E0,-1.011744812E-1,-5.429060757E-2,1.026252806E-1,1.539990063E-1
9.527994486E0,-1.109483168E-1,-3.474293277E-2,1.270598769E-1,1.722231480E-1
9.530355163E0,-1.219438836E-1,-1.702785492E-2,1.472184062E-1,1.919206026E-1
9.532715840E0,-1.323285848E-1,-2.367100911E-3,1.667660922E-1,2.129022945E-1
9.535076517E0,-1.366046369E-1,1.107192412E-2,1.820377111E-1,2.278621131E-1
9.537437142E0,-1.408806890E-1,2.328922041E-2,1.979201883E-1,2.440535951E-1
9.539797871E0,-1.427132785E-1,3.306305781E-2,2.101374865E-1,2.561601235E-1
9.542158548E0,-1.451567411E-1,4.100430012E-2,2.229656428E-1,2.691941864E-1
9.544519226E0,-1.427132785E-1,4.589121789E-2,2.296851575E-1,2.742778798E-1
9.546879903E0,-1.396589577E-1,5.077813566E-2,2.370155305E-1,2.797488252E-1
9.549240580E0,-1.353829056E-1,5.505418777E-2,2.419024557E-1,2.826239423E-1
9.551601257E0,-1.323285848E-1,5.749764666E-2,2.425133139E-1,2.821870676E-1
9.553961934E0,-1.256090701E-1,5.688678101E-2,2.431241870E-1,2.795051245E-1
9.556322611E0,-1.207221523E-1,5.627591908E-2,2.376264036E-1,2.724098471E-1
9.558683288E0,-1.188895553E-1,5.261072889E-2,2.315177470E-1,2.655241653E-1
9.561043965E0,-1.158352345E-1,4.833467677E-2,2.205221802E-1,2.537401712E-1
9.563404642E0,-1.158352345E-1,4.161516204E-2,2.107483447E-1,2.440583702E-1
9.565765319E0,-1.164461002E-1,3.489565104E-2,1.966984570E-1,2.312308018E-1
9.568125996E0,-1.121700481E-1,2.878700197E-2,1.832594275E-1,2.167829074E-1
9.570486673E0,-1.152243689E-1,2.145662531E-2,1.685986817E-1,2.053352318E-1
9.572847351E0,-1.164461002E-1,1.229365356E-2,1.514944583E-1,1.914716665E-1
9.575208028E0,-1.164461002E-1,4.352411721E-3,1.368337125E-1,1.797278570E-1
9.577568705E0,-1.182786897E-1,-3.588830587E-3,1.203403622E-1,1.687736085E-1
9.579929382E0,-1.207221523E-1,-1.030834299E-2,1.056796089E-1,1.607740020E-1
9.582290059E0,-1.219438836E-1,-1.763872057E-2,9.101885557E-2,1.531857281E-1
9.584650736E0,-1.249982044E-1,-2.374736778E-2,7.819069177E-2,1.493394551E-1
9.587011413E0,-1.268308014E-1,-2.985601686E-2,6.597339362E-2,1.460476723E-1
9.589372090E0,-1.292742640E-1,-3.474293277E-2,5.436696485E-2,1.444807031E-1
9.591732767E0,-1.286633909E-1,-3.901898861E-2,4.520399496E-2,1.418455173E-1
9.594093444E0,-1.286633909E-1,-4.085158184E-2,3.787361458E-2,1.402053158E-1
9.596454121E0,-1.311068535E-1,-4.207331315E-2,3.115410358E-2,1.411727625E-1
9.598814798E0,-1.292742640E-1,-3.840812296E-2,2.382372692E-2,1.369473957E-1
9.601175476E0,-1.286633909E-1,-3.168861195E-2,2.076940238E-2,1.341260763E-1
9.603536153E0,-1.262199283E-1,-2.435823344E-2,1.832594350E-2,1.298485042E-1
9.605896830E0,-1.225547493E-1,-1.458439697E-2,1.710421406E-2,1.245990583E-1
9.608257507E0,-1.201112866E-1,-1.145371469E-3,1.710421406E-2,1.213284270E-1
9.610618184E0,-1.152243689E-1,1.534797717E-2,2.015853859E-2,1.179770413E-1
9.612978861E0,-1.127809063E-1,3.306305781E-2,2.443459071E-2,1.200406091E-1
9.615339538E0,-1.121700481E-1,5.261072889E-2,2.871064469E-2,1.271782591E-1
9.617700215E0,-1.091157198E-1,7.093667239E-2,3.604102135E-2,1.350452036E-1
9.620060892E0,-1.060613990E-1,8.926261961E-2,4.398226365E-2,1.454347796E-1
9.622421569E0,-1.048396677E-1,1.075885594E-1,5.192350596E-2,1.589424566E-1
9.624782246E0,-1.054505333E-1,1.259144992E-1,6.047561392E-2,1.750187874E-1
9.627142923E0,-1.066722646E-1,1.454621702E-1,6.963858753E-2,1.933591164E-1
9.629503601E0,-1.085048541E-1,1.668424457E-1,7.941242307E-2,2.142802791E-1
9.631864278E0,-1.097265854E-1,1.851683855E-1,8.613193035E-2,2.318317579E-1
9.634224955E0,-1.121700481E-1,2.047160566E-1,9.651663154E-2,2.525989780E-1
9.636585632E0,-1.146135032E-1,2.224311382E-1,1.056796089E-1,2.716248260E-1
9.638946309E0,-1.182786897E-1,2.395353466E-1,1.130099818E-1,2.900660041E-1
9.641306986E0,-1.225547493E-1,2.566395700E-1,1.233946830E-1,3.100157790E-1
9.643667663E0,-1.256090701E-1,2.706894577E-1,1.337793916E-1,3.270280517E-1
9.646028340E0,-1.304959953E-1,2.859610617E-1,1.435532272E-1,3.455581899E-1
9.648389017E0,-1.317177117E-1,3.012326956E-1,1.533270627E-1,3.627669784E-1
9.650749694E0,-1.366046369E-1,3.165042996E-1,1.637117565E-1,3.816246031E-1
9.653110371E0,-1.408806890E-1,3.336085379E-1,1.753181964E-1,4.023412670E-1
9.655471048E0,-1.427132785E-1,3.507127464E-1,1.850920320E-1,4.214564872E-1
9.657831726E0,-1.469893306E-1,3.684278131E-1,1.936441362E-1,4.414102040E-1
9.660192403E0,-1.494327933E-1,3.867537677E-1,2.034179717E-1,4.618306051E-1
9.662553080E0,-1.524871141E-1,4.075231552E-1,2.107483447E-1,4.834690339E-1
9.664913757E0,-1.573740393E-1,4.295142889E-1,2.186895907E-1,5.070249005E-1
9.667274434E0,-1.622609496E-1,4.515054226E-1,2.272416949E-1,5.308715008E-1
9.669635111E0,-1.671478748E-1,4.741074145E-1,2.321286201E-1,5.537146818E-1
9.671995788E0,-1.750891209E-1,4.991528690E-1,2.357937992E-1,5.791446301E-1
9.674356465E0,-1.811977625E-1,5.278635025E-1,2.406807244E-1,6.077826236E-1
9.676717142E0,-1.885281354E-1,5.596284866E-1,2.455676347E-1,6.395548171E-1
9.679077819E0,-1.964693815E-1,5.920043588E-1,2.504545450E-1,6.721583577E-1
9.681438496E0,-2.080758214E-1,6.262127757E-1,2.571740746E-1,7.082206525E-1
9.683799173E0,-2.202931046E-1,6.628646255E-1,2.651153207E-1,7.471309771E-1
9.686159851E0,-2.380081862E-1,7.037925720E-1,2.712239623E-1,7.909072758E-1
9.688520528E0,-2.526689470E-1,7.434988022E-1,2.797760665E-1,8.336106483E-1
9.690881205E0,-2.679405510E-1,7.856484652E-1,2.919933498E-1,8.799407742E-1
9.693241882E0,-2.844339013E-1,8.271872401E-1,3.042106628E-1,9.261131150E-1
9.695602559E0,-3.021489978E-1,8.693369627E-1,3.182605505E-1,9.738226479E-1
9.697963236E0,-3.186423481E-1,9.120974541E-1,3.371973634E-1,1.023306784E0
9.700323913E0,-3.351356983E-1,9.560797215E-1,3.604102135E-1,1.075313857E0
9.702684590E0,-3.546833694E-1,9.994511604E-1,3.848448098E-1,1.128188124E0
9.705045215E0,-3.791179657E-1,1.051985502E0,4.123337269E-1,1.191815015E0
9.707405944E0,-4.053851366E-1,1.125289321E0,4.471530318E-1,1.276933435E0
9.709766621E0,-4.322631955E-1,1.213864684E0,4.868592322E-1,1.377443594E0
9.712127298E0,-4.591412544E-1,1.308548689E0,5.314523578E-1,1.485110087E0
9.714487976E0,-4.890736043E-1,1.410563111E0,5.833758712E-1,1.602875132E0
9.716848601E0,-5.232820511E-1,1.522351384E0,6.328558922E-1,1.729706455E0
9.719209330E0,-5.587121844E-1,1.648800373E0,6.890554428E-1,1.872297887E0
9.721570007E0,-6.026944518E-1,1.787466645E0,7.470875978E-1,2.028895633E0
9.723930684E0,-6.485093236E-1,1.935906887E0,8.051197529E-1,2.194656610E0
9.726291361E0,-6.992111206E-1,2.100840330E0,8.680388331E-1,2.378217337E0
9.728652038E0,-7.584649920E-1,2.282877922E0,9.340122342E-1,2.580538627E0
9.731012715E0,-8.213840723E-1,2.478354692E0,1.004872561E0,2.797620889E0
9.733373392E0,-8.934661150E-1,2.686659575E0,1.075121999E0,3.028581959E0
9.735734069E0,-9.673807621E-1,2.904127598E0,1.152701855E0,3.270856800E0
9.738094746E0,-1.049847484E0,3.128925800E0,1.233946800E0,3.523489905E0
9.740455423E0,-1.139644623E0,3.358610868E0,1.318246245E0,3.783758713E0
9.742816101E0,-1.234939456E0,3.589517832E0,1.407432437E0,4.048528102E0
9.745176778E0,-1.338175654E0,3.822868109E0,1.501505613E0,4.319670562E0
9.747537455E0,-1.450574756E0,4.055607796E0,1.596800566E0,4.593679763E0
9.749898132E0,-1.570915103E0,4.284681797E0,1.695760608E0,4.868457292E0
9.752258809E0,-1.696142435E0,4.515588760E0,1.795942426E0,5.147120575E0
9.754619486E0,-1.828089237E0,4.744052410E0,1.899789453E0,5.427443550E0
9.756980163E0,-1.963701248E0,4.967628956E0,2.003636360E0,5.705087089E0
9.759340840E0,-2.099924088E0,5.189372540E0,2.107483387E0,5.981701660E0
9.761701517E0,-2.237368584E0,5.410505772E0,2.207665205E0,6.257249918E0
9.764062194E0,-2.379089355E0,5.628584385E0,2.306625366E0,6.531580890E0
9.766422871E0,-2.520199060E0,5.839332581E0,2.404363871E0,6.799277455E0
9.768783548E0,-2.658254385E0,6.043361664E0,2.501491308E0,7.060169640E0
9.771144226E0,-2.800585985E0,6.243114471E0,2.598618746E0,7.319329173E0
9.773504903E0,-2.938641310E0,6.441645622E0,2.695746183E0,7.576111044E0
9.775865580E0,-3.076086044E0,6.634068012E0,2.792262793E0,7.827508879E0
9.778226309E0,-3.212919712E0,6.817938328E0,2.888779640E0,8.071690277E0
9.780586986E0,-3.347920895E0,6.994478226E0,2.984074354E0,8.308790509E0
9.782947611E0,-3.490252256E0,7.167352676E0,3.078147650E0,8.545630354E0
9.785308340E0,-3.635027170E0,7.342060089E0,3.169166565E0,8.784240752E0
9.787669017E0,-3.791408539E0,7.521654606E0,3.262017965E0,9.032764135E0
9.790029694E0,-3.952677011E0,7.701859474E0,3.355480194E0,9.284478566E0
9.792390371E0,-4.126773357E0,7.877788544E0,3.451385975E0,9.539490334E0
9.794751048E0,-4.303313255E0,8.052495956E0,3.552178621E0,9.796895889E0
9.797111726E0,-4.487183571E0,8.219262123E0,3.656025648E0,1.005274141E1
9.799472403E0,-4.671664715E0,8.371367455E0,3.761705399E0,1.029828489E1
9.801833080E0,-4.856756687E0,8.502703667E0,3.867995739E0,1.052831640E1
9.804193757E0,-5.040016174E0,8.604106903E0,3.976729631E0,1.073530611E1
9.806554434E0,-5.215334415E0,8.673134804E0,4.089128971E0,1.091530834E1
9.808915111E0,-5.379045963E0,8.703678131E0,4.205193043E0,1.106217867E1
9.811275788E0,-5.535427570E0,8.696347237E0,4.329809666E0,1.118099572E1
9.813636465E0,-5.678369999E0,8.656030655E0,4.458091259E0,1.127143869E1
9.815997142E0,-5.804208279E0,8.581504822E0,4.586983681E0,1.133011377E1
9.818357819E0,-5.917218208E0,8.470327377E0,4.712821960E0,1.135652271E1
9.820718496E0,-6.005793571E0,8.322498322E0,4.838659763E0,1.134663664E1
9.823079173E0,-6.081540585E0,8.138628006E0,4.961443901E0,1.130656125E1
9.825439851E0,-6.134685993E0,7.916883945E0,5.078118801E0,1.122936838E1
9.827800528E0,-6.168283463E0,7.668872833E0,5.191128731E0,1.112686609E1
9.830161205E0,-6.183555126E0,7.403146744E0,5.296808720E0,1.100450446E1
9.832521882E0,-6.182333469E0,7.132533550E0,5.391492367E0,1.087025629E1
9.834882559E0,-6.165840149E0,6.848481178E0,5.476402760E0,1.071962063E1
9.837243236E0,-6.134075165E0,6.556488037E0,5.547263145E0,1.055398228E1
9.839603913E0,-6.089481831E0,6.264494896E0,5.606516838E0,1.038068959E1
9.841964590E0,-6.027784348E0,5.994492531E0,5.649277687E0,1.020698110E1
9.844325267E0,-5.954480648E0,5.761753082E0,5.676766396E0,1.004386953E1
9.846685944E0,-5.862851143E0,5.563832760E0,5.686540127E0,9.882610845E0
9.849046621E0,-5.754727840E0,5.395844936E0,5.679209709E0,9.720363060E0
9.851407298E0,-5.640496254E0,5.246182919E0,5.657218933E0,9.557288280E0
9.853767976E0,-5.519545078E0,5.086136341E0,5.631562233E0,9.383424425E0
9.856128653E0,-5.404091835E0,4.869279385E0,5.616290569E0,9.190038631E0
9.858489330E0,-5.280696869E0,4.671970367E0,5.580860615E0,8.992167244E0
9.860850059E0,-5.137754440E0,4.502760410E0,5.509389400E0,8.776374170E0
9.863210684E0,-4.977707863E0,4.329885960E0,5.395157814E0,8.522512296E0
9.865571361E0,-4.793837547E0,4.139906883E0,5.243663311E0,8.222877377E0
9.867932090E0,-4.586143494E0,3.954204082E0,5.054905891E0,7.887998202E0
9.870292767E0,-4.363789082E0,3.781940222E0,4.831940174E0,7.529500172E0
9.872653444E0,-4.126162529E0,3.612119913E0,4.575376987E0,7.141897651E0
9.875014017E0,-3.873875380E0,3.431303740E0,4.294990063E0,6.725153935E0
9.877374798E0,-3.616701365E0,3.232161999E0,3.990168810E0,6.280831719E0
9.879735476E0,-3.353418589E0,3.008585453E0,3.665799618E0,5.808191586E0
9.882096153E0,-3.089524984E0,2.767293692E0,3.324937105E0,5.315852308E0
9.884456830E0,-2.828074932E0,2.519893646E0,2.972467899E0,4.814918195E0
9.886817507E0,-2.572122574E0,2.273715019E0,2.612057686E0,4.313750094E0
9.889178184E0,-2.320446253E0,2.040364742E0,2.250425816E0,3.822561372E0
9.891538809E0,-2.080987215E0,1.819231629E0,1.889404774E0,3.348128120E0
9.893899538E0,-1.853134632E0,1.620089769E0,1.533881426E0,2.900274307E0
9.896260215E0,-1.641164541E0,1.437441230E0,1.188132048E0,2.484213377E0
9.898620892E0,-1.442633510E0,1.273118615E0,8.564324379E-1,2.106062433E0
9.900981569E0,-1.261817575E0,1.122234941E0,5.430588126E-1,1.773839826E0
9.903342246E0,-1.093829751E0,9.835686684E-1,2.498437017E-1,1.492076648E0
9.905702923E0,-9.441678524E-1,8.577305079E-1,-2.138026804E-2,1.275778850E0
9.908063601E0,-8.116102219E-1,7.471640110E-1,-2.681696415E-1,1.135288584E0
9.910424278E0,-6.967676282E-1,6.524799466E-1,-4.954113364E-1,1.075475523E0
9.912784955E0,-5.935314894E-1,5.724566579E-1,-7.006618977E-1,1.082087496E0
9.915145632E0,-5.080104470E-1,5.052615404E-1,-8.839213252E-1,1.137840388E0
9.917506309E0,-4.316523373E-1,4.478402436E-1,-1.045189619E0,1.216267226E0
9.919866986E0,-3.650680780E-1,3.971384764E-1,-1.183245063E0,1.300408609E0
9.922227663E0,-3.082576394E-1,3.543779254E-1,-1.296865940E0,1.379299733E0
9.924588392E0,-2.587775886E-1,3.220020831E-1,-1.392160773E0,1.452157981E0
9.926949069E0,-2.135736048E-1,3.018435538E-1,-1.463021159E0,1.509024230E0
9.929309746E0,-1.695913374E-1,2.908479869E-1,-1.514333844E0,1.551309371E0
9.931670423E0,-1.256090701E-1,2.835176289E-1,-1.544877052E0,1.575691909E0
9.934031101E0,-8.223766834E-2,2.804632783E-1,-1.556483507E0,1.583686709E0
9.936391778E0,-3.825540841E-2,2.688568532E-1,-1.555872560E0,1.579394474E0
9.938752455E0,3.283398226E-3,2.548069656E-1,-1.535714030E0,1.556712868E0
9.941113132E0,5.031998456E-2,2.364810258E-1,-1.505170822E0,1.524465342E0
9.943473809E0,9.552398324E-2,2.163224965E-1,-1.464853764E0,1.483818319E0
9.945834486E0,1.370627880E-1,1.973856837E-1,-1.418428063E0,1.438640152E0
9.948195163E0,1.798233241E-1,1.839466542E-1,-1.365893602E0,1.389905800E0
9.950555840E0,2.134208828E-1,1.747836918E-1,-1.309083223E0,1.337832836E0
9.952916465E0,2.415206581E-1,1.772271395E-1,-1.251051068E0,1.286417686E0
9.955277194E0,2.604574561E-1,1.839466542E-1,-1.185688496E0,1.227815811E0
9.957637871E0,2.702313066E-1,1.943313628E-1,-1.121547699E0,1.169896952E0
9.959998548E0,2.696204484E-1,2.089921087E-1,-1.052520037E0,1.106422756E0
9.962359226E0,2.574031353E-1,2.242637277E-1,-9.822705388E-1,1.039906729E0
9.964719903E0,2.360228747E-1,2.425896823E-1,-9.089667797E-1,9.699366773E-1
9.967080580E0,2.060905099E-1,2.633590698E-1,-8.344413042E-1,8.989569445E-1
9.969441257E0,1.718820781E-1,2.884045243E-1,-7.574723363E-1,8.285438785E-1
9.971801934E0,1.285106838E-1,3.152825832E-1,-6.817250848E-1,7.620152192E-1
9.974162611E0,8.452841640E-2,3.409388959E-1,-6.059778333E-1,7.004238134E-1
9.976523288E0,4.360047355E-2,3.659843504E-1,-5.290089250E-1,6.447449021E-1
9.978884017E0,2.672533505E-3,3.910298049E-1,-4.569268525E-1,6.014096768E-1
9.981244642E0,-3.275762498E-2,4.160752594E-1,-3.854556680E-1,5.681265312E-1
9.983605371E0,-6.330086291E-2,4.429533184E-1,-3.170388341E-1,5.483869654E-1
9.985966048E0,-8.895718306E-2,4.673879147E-1,-2.528980076E-1,5.388155950E-1
9.988326726E0,-1.066722646E-1,4.881573021E-1,-1.912006736E-1,5.350086179E-1
9.990687403E0,-1.170569658E-1,5.064832568E-1,-1.343902498E-1,5.369249128E-1
9.993048080E0,-1.207221523E-1,5.168679357E-1,-8.735366166E-2,5.379191047E-1
9.995408757E0,-1.158352345E-1,5.193114281E-1,-4.214967042E-2,5.337403447E-1
9.997769434E0,-1.048396677E-1,5.156462193E-1,-9.162971750E-3,5.262759157E-1
1.000013011E1,-9.201150388E-2,5.040398240E-1,1.771507785E-2,5.126754188E-1
1.000249079E1,-6.818778068E-2,4.899899065E-1,3.665188700E-2,4.960675788E-1
1.000485146E1,-4.375318810E-2,4.741074145E-1,4.520399496E-2,4.782630898E-1
1.000721214E1,-1.748600416E-2,4.582249522E-1,4.764745384E-2,4.610272736E-1
1.000957282E1,1.366809942E-2,4.423424602E-1,4.153880477E-2,4.444987529E-1
1.001193350E1,4.787652567E-2,4.319577515E-1,3.237583488E-2,4.358071311E-1
1.001429417E1,8.208495378E-2,4.289034307E-1,1.649334840E-2,4.369989966E-1
1.001665485E1,1.138499230E-1,4.313468933E-1,-3.665188793E-3,4.461338151E-1
1.001901553E1,1.443931609E-1,4.405098557E-1,-2.443459071E-2,4.642147856E-1
1.002137621E1,1.663842946E-1,4.563923478E-1,-4.825831577E-2,4.881665430E-1
1.002373693E1,1.920406222E-1,4.722748399E-1,-7.513637096E-2,5.153334835E-1
1.002609756E1,2.073122412E-1,4.851029813E-1,-1.032361463E-1,5.375508997E-1
1.002845829E1,2.189186662E-1,4.954876900E-1,-1.325576603E-1,5.576781927E-1
1.003081896E1,2.274707705E-1,4.997637570E-1,-1.649334878E-1,5.733322070E-1
1.003317964E1,2.305250913E-1,4.991528690E-1,-1.960875988E-1,5.837343152E-1
1.003554032E1,2.311359644E-1,4.936550856E-1,-2.278525680E-1,5.907926627E-1
1.003790100E1,2.311359644E-1,4.814378023E-1,-2.577849329E-1,5.930086535E-1
1.004026167E1,2.323576957E-1,4.637227356E-1,-2.852738500E-1,5.919544271E-1
1.004262235E1,2.317468226E-1,4.386772811E-1,-3.133736253E-1,5.868111926E-1
1.004498303E1,2.286925018E-1,4.130209386E-1,-3.384190798E-1,5.808735058E-1
1.004734365E1,2.262490392E-1,3.849211633E-1,-3.597993553E-1,5.734182642E-1
1.004970438E1,2.238055766E-1,3.562105298E-1,-3.775144219E-1,5.652362483E-1
1.005206506E1,2.201403975E-1,3.299433291E-1,-3.903425932E-1,5.564995374E-1
1.005442574E1,2.195295244E-1,3.097847998E-1,-3.964512348E-1,5.489384445E-1
1.005678636E1,2.152534723E-1,2.963457704E-1,-4.001164436E-1,5.424463489E-1
1.005914709E1,2.140317410E-1,2.932914495E-1,-3.946186602E-1,5.362400093E-1
1.006150777E1,2.121991515E-1,3.006218374E-1,-3.848448098E-1,5.324542202E-1
1.006386844E1,2.164752036E-1,3.146717250E-1,-3.671297431E-1,5.297773651E-1
1.006622917E1,2.225838602E-1,3.354411125E-1,-3.414734006E-1,5.278905171E-1
1.006858985E1,2.311359644E-1,3.586539924E-1,-3.145953715E-1,5.301195790E-1
1.007095053E1,2.390772104E-1,3.836994469E-1,-2.822195292E-1,5.329456264E-1
1.007331121E1,2.519053519E-1,4.130209386E-1,-2.474002391E-1,5.433686413E-1
1.007567188E1,2.622900605E-1,4.447859228E-1,-2.083048970E-1,5.567957642E-1
1.007803256E1,2.775616944E-1,4.753291607E-1,-1.685986817E-1,5.756768370E-1
1.008039324E1,2.879463732E-1,5.040398240E-1,-1.288924664E-1,5.946280568E-1
1.008275391E1,2.964984775E-1,5.284743905E-1,-8.368847519E-2,6.117191263E-1
1.008511459E1,3.056614697E-1,5.492438078E-1,-4.276053607E-2,6.300207599E-1
1.008747527E1,3.148244321E-1,5.626828074E-1,-1.221729559E-3,6.447696158E-1
1.008983594E1,3.197113574E-1,5.706240535E-1,3.481929377E-2,6.550111035E-1
1.009219662E1,3.203222156E-1,5.724566579E-1,6.719512492E-2,6.594149921E-1
1.009455730E1,3.215439618E-1,5.663480163E-1,9.712749720E-2,6.584636251E-1
1.009691798E1,3.166570365E-1,5.565741658E-1,1.215620935E-1,6.517851053E-1
1.009927865E1,3.081049323E-1,5.474112034E-1,1.404989064E-1,6.436828548E-1
1.010163933E1,2.934441566E-1,5.394699574E-1,1.521053314E-1,6.326715892E-1
1.010400006E1,2.812268734E-1,5.351939201E-1,1.612683088E-1,6.257224256E-1
1.010636074E1,2.641226649E-1,5.376373529E-1,1.679878086E-1,6.221210567E-1
1.010872141E1,2.409097999E-1,5.413025618E-1,1.692095399E-1,6.161800577E-1
1.011108209E1,2.207512558E-1,5.522981286E-1,1.710421443E-1,6.188858981E-1
1.011344277E1,1.981492639E-1,5.645154119E-1,1.728747338E-1,6.227571393E-1
1.011580344E1,1.767689884E-1,5.779544115E-1,1.747073233E-1,6.291273526E-1
1.011816412E1,1.566104591E-1,5.932260752E-1,1.722638607E-1,6.372745483E-1
1.012052480E1,1.401171088E-1,6.048324704E-1,1.673769504E-1,6.430164578E-1
1.012288548E1,1.236237586E-1,6.194932461E-1,1.624900252E-1,6.522712042E-1
1.012524615E1,1.089630052E-1,6.323214173E-1,1.533270627E-1,6.597063737E-1
1.012760683E1,9.613484144E-2,6.469821334E-1,1.386663020E-1,6.686225632E-1
1.012996751E1,8.513928205E-2,6.671407223E-1,1.252272725E-1,6.841105981E-1
1.013232818E1,7.597630471E-2,6.866883636E-1,1.130099818E-1,7.000603999E-1
1.013468886E1,6.803506613E-2,7.074577808E-1,9.590577334E-2,7.171633003E-1
1.013704959E1,6.559160352E-2,7.300597429E-1,8.429934084E-2,7.378318681E-1
1.013941027E1,6.314814836E-2,7.514400482E-1,6.963858753E-2,7.572974103E-1
1.014177094E1,6.681333482E-2,7.722094655E-1,5.803215504E-2,7.772639264E-1
1.014413162E1,7.292198390E-2,7.966440320E-1,4.703658819E-2,8.013562067E-1
1.014649230E1,8.330668509E-2,8.192460537E-1,3.665188700E-2,8.242860311E-1
1.014885298E1,9.552398324E-2,8.412371874E-1,2.993237413E-2,8.471722280E-1
1.015121365E1,1.083521396E-1,8.662826419E-1,2.504545636E-2,8.733917086E-1
1.015357433E1,1.193477064E-1,8.937715292E-1,2.260199748E-2,9.019879554E-1
1.015593501E1,1.321758628E-1,9.261473417E-1,2.321286127E-2,9.358195308E-1
1.015829568E1,1.431714296E-1,9.640209675E-1,2.565632015E-2,9.749321673E-1
1.016065636E1,1.505018175E-1,1.009835839E0,3.054323979E-2,1.021446087E0
1.016301704E1,1.578321904E-1,1.061759353E0,3.665188700E-2,1.074051807E0
1.016537772E1,1.663842946E-1,1.116737127E0,4.459312931E-2,1.129944287E0
1.016773839E1,1.755472720E-1,1.171715021E0,5.619955808E-2,1.186124498E0
1.017009912E1,1.859319657E-1,1.223027706E0,7.086031139E-2,1.239108006E0
1.017245980E1,1.993709952E-1,1.272507668E0,8.491020650E-2,1.290826983E0
1.017482048E1,2.170860767E-1,1.314657331E0,1.007926911E-1,1.336266975E0
1.017718115E1,2.372446060E-1,1.347644091E0,1.203403622E-1,1.373648937E0
1.017954183E1,2.592357397E-1,1.373300433E0,1.392771751E-1,1.404476906E0
1.018190251E1,2.891681194E-1,1.381241679E0,1.588248461E-1,1.420095810E0
1.018426318E1,3.209330738E-1,1.375132918E0,1.789833754E-1,1.423384568E0
1.018662386E1,3.575849831E-1,1.342146277E0,1.948658675E-1,1.402567773E0
1.018898454E1,3.966803253E-1,1.287779331E0,2.095266134E-1,1.363683353E0
1.019134522E1,4.382191300E-1,1.210199475E0,2.199113220E-1,1.305748737E0
1.019370589E1,4.803687930E-1,1.116126299E0,2.266308367E-1,1.236063764E0
1.019606657E1,5.212967396E-1,1.012890220E0,2.241873741E-1,1.161015446E0
1.019842725E1,5.591703653E-1,9.035453796E-1,2.162461281E-1,1.084356094E0
1.020078792E1,5.884918571E-1,7.923679948E-1,2.015853822E-1,1.007375983E0
1.020314860E1,6.117047071E-1,6.848557591E-1,1.808159798E-1,9.358976857E-1
1.020550928E1,6.233111620E-1,5.871174335E-1,1.545487940E-1,8.701201154E-1
1.020787001E1,6.269763112E-1,4.991528690E-1,1.221729591E-1,8.106658457E-1
1.021023068E1,6.245328784E-1,4.221839309E-1,8.796452731E-2,7.589587247E-1
1.021259136E1,6.110938787E-1,3.555996716E-1,5.314523727E-2,7.090213476E-1
1.021495204E1,5.927678943E-1,3.000109792E-1,1.893680729E-2,6.646344610E-1
1.021731272E1,5.671116114E-1,2.523635030E-1,-1.588248461E-2,6.209308904E-1
1.021967339E1,5.414552689E-1,2.157116234E-1,-4.703658819E-2,5.847373370E-1
1.022203407E1,5.103011727E-1,1.918879002E-1,-7.696896046E-2,5.505928387E-1
1.022439475E1,4.815905094E-1,1.857792437E-1,-1.032361463E-1,5.264038830E-1
1.022675542E1,4.516581595E-1,1.973856837E-1,-1.240055487E-1,5.082652627E-1
1.022911610E1,4.217257798E-1,2.309832424E-1,-1.404989064E-1,5.009449414E-1
1.023147678E1,3.924042583E-1,2.792415619E-1,-1.508836001E-1,5.047007158E-1
1.023383751E1,3.655261993E-1,3.403280377E-1,-1.545487940E-1,5.227981498E-1
1.023619813E1,3.380373120E-1,4.044688344E-1,-1.557705253E-1,5.496623681E-1
1.023855886E1,3.136027157E-1,4.673879147E-1,-1.490510106E-1,5.822493708E-1
1.024091954E1,2.916115820E-1,5.260309577E-1,-1.423314959E-1,6.180648331E-1
1.024328022E1,2.714530230E-1,5.773435831E-1,-1.319467872E-1,6.514770228E-1
1.024564089E1,2.525162399E-1,6.188823581E-1,-1.203403622E-1,6.791624455E-1
1.024800157E1,2.360228747E-1,6.512582302E-1,-1.093447953E-1,7.012847953E-1
1.025036225E1,2.189186662E-1,6.763036847E-1,-9.834922850E-2,7.176242939E-1
1.025272292E1,2.048687786E-1,6.927970052E-1,-9.162971377E-2,7.282409706E-1
1.025508355E1,1.908188909E-1,7.031817436E-1,-8.674279600E-2,7.337579481E-1
1.025744428E1,1.822667718E-1,7.068468928E-1,-8.552107215E-2,7.349609240E-1
1.025980496E1,1.743255407E-1,6.989056468E-1,-8.491020650E-2,7.253056186E-1
1.026216563E1,1.688277572E-1,6.805797219E-1,-8.735366166E-2,7.066273641E-1
1.026452636E1,1.645517051E-1,6.530908346E-1,-9.162971377E-2,6.797064855E-1
1.026688704E1,1.590539217E-1,6.194932461E-1,-9.712749720E-2,6.469186832E-1
1.026924772E1,1.559995860E-1,5.797870159E-1,-1.044578776E-1,6.094262079E-1
1.027160839E1,1.529452652E-1,5.358047485E-1,-1.123991162E-1,5.684298937E-1
1.027396907E1,1.541669965E-1,4.893790483E-1,-1.197294965E-1,5.268723452E-1
1.027632975E1,1.486692131E-1,4.398989975E-1,-1.295033395E-1,4.820630435E-1
1.027869042E1,1.431714296E-1,3.965275884E-1,-1.380554438E-1,4.436118711E-1
1.028105110E1,1.388953775E-1,3.549887836E-1,-1.447749585E-1,4.077606540E-1
1.028341178E1,1.315650046E-1,3.207803667E-1,-1.508836001E-1,3.781206882E-1
1.028577246E1,1.217911690E-1,2.926805913E-1,-1.563813835E-1,3.534828914E-1
1.028813313E1,1.138499230E-1,2.719111741E-1,-1.582139730E-1,3.345581456E-1
1.029049381E1,1.016326249E-1,2.566395700E-1,-1.576031148E-1,3.178550002E-1
1.029285449E1,9.063705802E-2,2.499200553E-1,-1.563813835E-1,3.084319170E-1
1.029521522E1,7.780890167E-2,2.438113987E-1,-1.502727419E-1,2.967829515E-1
1.029757589E1,6.620246917E-2,2.407570779E-1,-1.429423541E-1,2.877138406E-1
1.029993657E1,5.398517475E-2,2.340375632E-1,-1.319467872E-1,2.740400240E-1
1.030229725E1,4.298960790E-2,2.248746008E-1,-1.203403622E-1,2.586474342E-1
1.030465792E1,3.565923125E-2,2.132681608E-1,-1.081230640E-1,2.417550127E-1
1.030701860E1,3.016144782E-2,1.961639524E-1,-9.407317638E-2,2.196355428E-1
1.030937928E1,2.588539571E-2,1.766162813E-1,-8.246674389E-2,1.966319617E-1
1.031173996E1,2.038761228E-2,1.564577371E-1,-7.330377400E-2,1.739773592E-1
1.031410063E1,1.611155830E-2,1.362992078E-1,-6.291907281E-2,1.509829993E-1
1.031646131E1,1.000291109E-2,1.161406636E-1,-5.619955808E-2,1.294105958E-1
1.031882204E1,3.283398226E-3,9.964732081E-2,-5.070177838E-2,1.118527585E-1
1.032118272E1,-1.603520010E-3,8.559742570E-2,-4.337139800E-2,9.597170795E-2
1.032354339E1,-8.323032409E-3,7.643445581E-2,-3.970621154E-2,8.653370522E-2
1.032590407E1,-1.809686981E-2,7.215840369E-2,-3.359756246E-2,8.162798616E-2
1.032826475E1,-2.909243479E-2,7.093667239E-2,-2.565632015E-2,8.084941568E-2
1.033062542E1,-4.130972922E-2,7.643445581E-2,-1.649334840E-2,8.843500611E-2
1.033298610E1,-5.352702737E-2,8.559742570E-2,-6.719512399E-3,1.011791174E-1
1.033534678E1,-6.513345987E-2,1.008690447E-1,6.719512399E-3,1.202584035E-1
1.033770746E1,-7.796161622E-2,1.161406636E-1,2.138026804E-2,1.415054176E-1
1.034006813E1,-8.834631741E-2,1.381317973E-1,3.604102135E-2,1.678821624E-1
1.034242881E1,-1.011744812E-1,1.625663936E-1,5.253437161E-2,1.985546982E-1
1.034478949E1,-1.158352345E-1,1.900553107E-1,6.719512492E-2,2.324951774E-1
1.034715022E1,-1.262199283E-1,2.193768173E-1,8.307760954E-2,2.663823333E-1
1.034951089E1,-1.335503161E-1,2.529743910E-1,9.957095981E-2,3.028961958E-1
1.035187157E1,-1.445458829E-1,2.841284871E-1,1.123991162E-1,3.380178557E-1
1.035423225E1,-1.537088454E-1,3.146717250E-1,1.258381456E-1,3.721289327E-1
1.035659292E1,-1.628718227E-1,3.403280377E-1,1.362228394E-1,4.011322299E-1
1.035895360E1,-1.720348001E-1,3.629300296E-1,1.478292793E-1,4.279809279E-1
1.036131428E1,-1.781434417E-1,3.849211633E-1,1.576031148E-1,4.524799770E-1
1.036367496E1,-1.860846877E-1,4.008036554E-1,1.649334878E-1,4.716716406E-1
1.036603563E1,-1.903607398E-1,4.148535430E-1,1.734855920E-1,4.883010589E-1
1.036839631E1,-1.983019859E-1,4.234056473E-1,1.820377111E-1,5.017307525E-1
1.037075699E1,-2.037997693E-1,4.295142889E-1,1.893680841E-1,5.117393297E-1
1.037311772E1,-2.105192691E-1,4.289034307E-1,1.930332631E-1,5.153041395E-1
1.037547839E1,-2.166279256E-1,4.295142889E-1,1.966984570E-1,5.197119063E-1
1.037783907E1,-2.184605151E-1,4.282925725E-1,1.991419196E-1,5.204008344E-1
1.038019975E1,-2.233474404E-1,4.258491099E-1,2.003636509E-1,5.209387067E-1
1.038256042E1,-2.233474404E-1,4.185187221E-1,2.003636509E-1,5.149636807E-1
1.038492110E1,-2.270126194E-1,4.124100804E-1,2.009745091E-1,5.118667377E-1
1.038728178E1,-2.239582986E-1,4.044688344E-1,1.997527778E-1,5.036402781E-1
1.038964246E1,-2.221257091E-1,3.953058720E-1,1.985310465E-1,4.949961005E-1
1.039200313E1,-2.184605151E-1,3.861429095E-1,1.973093301E-1,4.855536170E-1
1.039436376E1,-2.111301422E-1,3.782016635E-1,1.954767257E-1,4.752089914E-1
1.039672454E1,-2.037997693E-1,3.684278131E-1,1.948658675E-1,4.639462315E-1
1.039908522E1,-1.952476501E-1,3.580431044E-1,1.899789423E-1,4.498983307E-1
1.040144589E1,-1.854738146E-1,3.439932168E-1,1.838703007E-1,4.319029481E-1
1.040380657E1,-1.720348001E-1,3.336085379E-1,1.759290546E-1,4.145378888E-1
1.040616725E1,-1.579848975E-1,3.244455457E-1,1.685986817E-1,3.983084928E-1
1.040852792E1,-1.402698308E-1,3.177260458E-1,1.594357044E-1,3.821586182E-1
1.041088860E1,-1.231656075E-1,3.128391206E-1,1.508836001E-1,3.685158654E-1
1.041324928E1,-1.066722646E-1,3.097847998E-1,1.435532272E-1,3.577053582E-1
1.041560996E1,-8.834631741E-2,3.097847998E-1,1.380554438E-1,3.504725375E-1
1.041797063E1,-6.940951198E-2,3.103956580E-1,1.319467872E-1,3.443444490E-1
1.042033131E1,-4.864010960E-2,3.110065162E-1,1.282816082E-1,3.399221740E-1
1.042269204E1,-3.031416424E-2,3.079521954E-1,1.258381456E-1,3.340490115E-1
1.042505272E1,-8.933897130E-3,3.030653000E-1,1.258381456E-1,3.282737112E-1
1.042741339E1,1.427896414E-2,2.987892330E-1,1.221729591E-1,3.231178214E-1
1.042977407E1,3.443750367E-2,2.939023077E-1,1.191186309E-1,3.189886462E-1
1.043213475E1,5.581776798E-2,2.871828079E-1,1.160643101E-1,3.147388004E-1
1.043449542E1,7.170025259E-2,2.761872411E-1,1.111773923E-1,3.062363971E-1
1.043685610E1,8.452841640E-2,2.621373534E-1,1.026252806E-1,2.939268505E-1
1.043921678E1,9.735657275E-2,2.419788092E-1,9.101885557E-2,2.762543727E-1
1.044157746E1,1.040760875E-1,2.175442129E-1,7.635809481E-2,2.529582480E-1
1.044393808E1,1.083521396E-1,1.882227063E-1,5.864302069E-2,2.249599458E-1
1.044629886E1,1.126281917E-1,1.570686102E-1,4.031707719E-2,1.974363811E-1
1.044865954E1,1.162933856E-1,1.240819097E-1,2.076940238E-2,1.713237868E-1
1.045102022E1,1.193477064E-1,8.926261961E-2,4.886918236E-3,1.491159692E-1
1.045338089E1,1.217911690E-1,5.505418777E-2,-1.160643063E-2,1.341594636E-1
1.045574157E1,1.217911690E-1,2.695440874E-2,-2.748891525E-2,1.277312392E-1
1.045810225E1,1.248454899E-1,3.741546767E-3,-4.031707719E-2,1.312473323E-1
1.046046292E1,1.236237586E-1,-1.153007243E-2,-5.253437161E-2,1.348170481E-1
1.046282360E1,1.248454899E-1,-1.947131567E-2,-5.681042373E-2,1.385386326E-1
1.046518428E1,1.230128929E-1,-1.824958436E-2,-5.925388262E-2,1.377542803E-1
1.046754496E1,1.199585721E-1,-1.214093715E-2,-5.742128938E-2,1.335464932E-1
1.046990568E1,1.144607887E-1,-5.345066893E-4,-5.192350596E-2,1.256885369E-1
1.047226636E1,1.095738709E-1,1.656970754E-2,-4.276053607E-2,1.187832136E-1
1.047462704E1,1.010217592E-1,3.550651670E-2,-3.543015569E-2,1.127892038E-1
1.047698772E1,9.246965498E-2,5.627591908E-2,-2.504545636E-2,1.111075652E-1
1.047934839E1,8.269581944E-2,7.643445581E-2,-1.343902480E-2,1.134082536E-1
1.048170907E1,7.231111825E-2,9.414953738E-2,-1.832594397E-3,1.187282259E-1
1.048406975E1,6.314814836E-2,1.094211563E-1,6.719512399E-3,1.265141492E-1
1.048643042E1,5.826122686E-2,1.191949919E-1,1.527161989E-2,1.335478904E-1
1.048879110E1,5.154171586E-2,1.259144992E-1,2.138026804E-2,1.377248178E-1
1.049115178E1,5.093085021E-2,1.265253723E-1,2.443459071E-2,1.385628758E-1
1.049351246E1,4.970912263E-2,1.228601784E-1,2.565632015E-2,1.349958039E-1
1.049587318E1,5.093085021E-2,1.136972085E-1,2.443459071E-2,1.269569058E-1
1.049823386E1,5.520690605E-2,1.002581790E-1,2.382372692E-2,1.169062654E-1
1.050059454E1,6.253728271E-2,8.254310489E-2,1.771507785E-2,1.050623618E-1
1.050295522E1,7.047852129E-2,6.360629201E-2,1.099556591E-2,9.557135981E-2
1.050531589E1,8.147408813E-2,4.283689335E-2,1.832594397E-3,9.206728448E-2
1.050767657E1,9.369138628E-2,2.145662531E-2,-8.552107029E-3,9.649663812E-2
1.051003725E1,1.071304083E-1,3.130682046E-3,-1.710421406E-2,1.085323900E-1
1.051239792E1,1.211803034E-1,-1.336266659E-2,-2.626718581E-2,1.247124366E-1
1.051475860E1,1.291215420E-1,-2.619082667E-2,-3.420842811E-2,1.361196112E-1
1.051711933E1,1.401171088E-1,-3.474293277E-2,-4.214967042E-2,1.503877331E-1
1.051948001E1,1.486692131E-1,-3.901898861E-2,-4.825831577E-2,1.611020839E-1
1.052184068E1,1.559995860E-1,-4.085158184E-2,-5.192350596E-2,1.694130250E-1
1.052420136E1,1.621082425E-1,-3.901898861E-2,-5.314523727E-2,1.750028000E-1
1.052656204E1,1.651625633E-1,-3.535379842E-2,-5.253437161E-2,1.768853402E-1
1.052892272E1,1.663842946E-1,-2.680169232E-2,-4.764745384E-2,1.751352165E-1
1.053128339E1,1.676060259E-1,-1.458439697E-2,-4.092793912E-2,1.731461255E-1
1.053364407E1,1.633299738E-1,-5.345066893E-4,-3.237583488E-2,1.665087407E-1
1.053600475E1,1.596647799E-1,1.595884189E-2,-2.138026804E-2,1.618784805E-1
1.053836542E1,1.566104591E-1,3.245219216E-2,-8.552107029E-3,1.601659115E-1
1.054072615E1,1.511126757E-1,4.650207981E-2,3.054323839E-3,1.581354264E-1
1.054308683E1,1.443931609E-1,5.871937796E-2,1.466075517E-2,1.565640061E-1
1.054544751E1,1.382845193E-1,6.727148592E-2,2.260199748E-2,1.554313720E-1
1.054780818E1,1.309541315E-1,7.765618712E-2,2.932151034E-2,1.550458607E-1
1.055016886E1,1.236237586E-1,8.498656005E-2,3.359756246E-2,1.537346587E-1
1.055252949E1,1.181259751E-1,9.292780608E-2,3.909534588E-2,1.552989672E-1
1.055489022E1,1.114064679E-1,1.002581790E-1,3.909534588E-2,1.548920579E-1
1.055725089E1,1.065195426E-1,1.033125073E-1,4.031707719E-2,1.537704583E-1
1.055961157E1,1.028543562E-1,1.039233729E-1,4.031707719E-2,1.516725181E-1
1.056197225E1,9.980003536E-2,1.051450968E-1,4.031707719E-2,1.504692831E-1
1.056433298E1,9.980003536E-2,1.027016416E-1,3.848448023E-2,1.482859719E-1
1.056669365E1,1.034652218E-1,9.964732081E-2,3.787361458E-2,1.485565594E-1
1.056905433E1,1.040760875E-1,9.598212689E-2,3.604102135E-2,1.460936545E-1
1.057141501E1,1.107956022E-1,9.109520912E-2,3.420842811E-2,1.474592118E-1
1.057377568E1,1.150716543E-1,8.376483619E-2,3.054323979E-2,1.455710236E-1
1.057613636E1,1.224020272E-1,7.643445581E-2,2.993237413E-2,1.473785240E-1
1.057849704E1,1.321758628E-1,7.093667239E-2,2.809977904E-2,1.526173901E-1
1.058085772E1,1.419496983E-1,6.482802331E-2,2.809977904E-2,1.585622497E-1
1.058321839E1,1.511126757E-1,5.688678101E-2,2.565632015E-2,1.634912639E-1
1.058557912E1,1.590539217E-1,4.955640435E-2,2.382372692E-2,1.682900983E-1
1.058793980E1,1.688277572E-1,4.039343446E-2,2.260199748E-2,1.750579660E-1
1.059030048E1,1.749363989E-1,2.939786762E-2,2.015853859E-2,1.785310756E-1
1.059266115E1,1.853211075E-1,1.595884189E-2,1.649334840E-2,1.867367882E-1
1.059502178E1,1.944840699E-1,1.908952487E-3,1.404988952E-2,1.950002486E-1
1.059738251E1,2.012035847E-1,-1.336266659E-2,8.552107029E-3,2.018280998E-1
1.059974318E1,2.085339576E-1,-2.863428742E-2,1.832594397E-3,2.104986753E-1
1.060210386E1,2.109774202E-1,-4.451677203E-2,-4.276053514E-3,2.156652486E-1
1.060446454E1,2.140317410E-1,-5.856665969E-2,-1.160643063E-2,2.222033956E-1
1.060682522E1,2.164752036E-1,-7.078395784E-2,-2.076940238E-2,2.286990392E-1
1.060918594E1,2.158643454E-1,-8.177952468E-2,-2.993237413E-2,2.327686691E-1
1.061154662E1,2.152534723E-1,-9.094249457E-2,-3.848448023E-2,2.368240906E-1
1.061390730E1,2.115882933E-1,-9.827287495E-2,-4.825831577E-2,2.382352385E-1
1.061626798E1,2.060905099E-1,-1.043815166E-1,-5.925388262E-2,2.384949095E-1
1.061862865E1,1.987601221E-1,-1.098793000E-1,-6.902772188E-2,2.373686438E-1
1.062098933E1,1.914297491E-1,-1.141553521E-1,-7.819069177E-2,2.362002912E-1
1.062335001E1,1.834885031E-1,-1.159879491E-1,-8.735366166E-2,2.339912334E-1
1.062571068E1,1.773798615E-1,-1.129336283E-1,-9.346231073E-2,2.301148043E-1
1.062807136E1,1.676060259E-1,-1.092684343E-1,-1.014035568E-1,2.243079401E-1
1.063043209E1,1.590539217E-1,-1.007163301E-1,-1.062904745E-1,2.161934183E-1
1.063279277E1,1.480583549E-1,-9.277509153E-2,-1.099556610E-1,2.064430707E-1
1.063515344E1,1.401171088E-1,-8.422297984E-2,-1.142317131E-1,1.994372052E-1
1.063751412E1,1.333975941E-1,-7.689260691E-2,-1.172860414E-1,1.935546605E-1
1.063987480E1,1.254563481E-1,-6.834049523E-2,-1.178968996E-1,1.852279609E-1
1.064223548E1,1.193477064E-1,-6.039925665E-2,-1.197294965E-1,1.795190730E-1
1.064459615E1,1.144607887E-1,-5.306887627E-2,-1.227838174E-1,1.760495486E-1
1.064695683E1,1.107956022E-1,-4.634936526E-2,-1.227838174E-1,1.717550434E-1
1.064931756E1,1.089630052E-1,-3.840812296E-2,-1.215620935E-1,1.677064787E-1
1.065167824E1,1.065195426E-1,-3.168861195E-2,-1.209512278E-1,1.642552301E-1
1.065403891E1,1.052978188E-1,-2.802342176E-2,-1.191186309E-1,1.614378860E-1
1.065639959E1,1.065195426E-1,-2.313650399E-2,-1.178968996E-1,1.605658423E-1
1.065876027E1,1.065195426E-1,-1.886045001E-2,-1.185077652E-1,1.604562868E-1
1.066112094E1,1.101847365E-1,-1.458439697E-2,-1.178968996E-1,1.620279597E-1
1.066348157E1,1.126281917E-1,-1.214093715E-2,-1.160643101E-1,1.621833407E-1
1.066584230E1,1.175151095E-1,-1.336266659E-2,-1.142317131E-1,1.644300645E-1
1.066820298E1,1.205694377E-1,-1.275180187E-2,-1.148425788E-1,1.669982505E-1
1.067056365E1,1.272889525E-1,-1.580612548E-2,-1.136208475E-1,1.713534593E-1
1.067292433E1,1.333975941E-1,-1.824958436E-2,-1.099556610E-1,1.738338656E-1
1.067528506E1,1.382845193E-1,-2.130390890E-2,-1.081230640E-1,1.768249468E-1
1.067764574E1,1.462257504E-1,-2.435823344E-2,-1.062904745E-1,1.824087679E-1
1.068000641E1,1.498909444E-1,-2.680169232E-2,-1.026252806E-1,1.836234575E-1
1.068236704E1,1.584430486E-1,-2.924515121E-2,-1.014035568E-1,1.903737373E-1
1.068472777E1,1.633299738E-1,-3.168861195E-2,-9.834922850E-2,1.932703268E-1
1.068708844E1,1.682168841E-1,-2.863428742E-2,-9.712749720E-2,1.963430499E-1
1.068944912E1,1.712712198E-1,-2.985601686E-2,-9.651663154E-2,1.988483660E-1
1.069180980E1,1.749363989E-1,-2.802342176E-2,-9.590577334E-2,2.014596068E-1
1.069417048E1,1.731038094E-1,-2.557996288E-2,-9.407317638E-2,1.986681299E-1
1.069653121E1,1.737146676E-1,-2.374736778E-2,-9.224057943E-2,1.981137241E-1
1.069889188E1,1.737146676E-1,-2.008217946E-2,-9.040798992E-2,1.968595548E-1
1.070125256E1,1.724929363E-1,-1.519526169E-2,-8.674279600E-2,1.936724598E-1
1.070361324E1,1.700494885E-1,-7.864884101E-3,-8.307760954E-2,1.894216835E-1
1.070597391E1,1.682168841E-1,-3.588830587E-3,-7.757982612E-2,1.852793276E-1
1.070833459E1,1.645517051E-1,1.298087649E-3,-7.147117704E-2,1.794075746E-1
1.071069527E1,1.602756530E-1,6.185005885E-3,-6.536252797E-2,1.732016146E-1
1.071305594E1,1.578321904E-1,9.239329956E-3,-5.803215504E-2,1.684164379E-1
1.071541662E1,1.529452652E-1,9.850194678E-3,-5.253437161E-2,1.620158655E-1
1.071777735E1,1.474474818E-1,7.406735327E-3,-4.703658819E-2,1.549453460E-1
1.072013803E1,1.443931609E-1,4.352411721E-3,-4.031707719E-2,1.499793157E-1
1.072249871E1,1.388953775E-1,-5.345066893E-4,-3.665188700E-2,1.436508699E-1
1.072485938E1,1.388953775E-1,-5.421424750E-3,-3.298669681E-2,1.428616110E-1
1.072722006E1,1.340084672E-1,-9.697478265E-3,-3.115410358E-2,1.379234880E-1
1.072958074E1,1.333975941E-1,-1.519526169E-2,-2.871064469E-2,1.372957217E-1
1.073194141E1,1.340084672E-1,-2.069304511E-2,-2.932151034E-2,1.387307549E-1
1.073430209E1,1.333975941E-1,-2.496909723E-2,-2.993237413E-2,1.389759726E-1
1.073666282E1,1.333975941E-1,-2.985601686E-2,-2.993237413E-2,1.399365816E-1
1.073902350E1,1.327867359E-1,-3.718639165E-2,-3.298669681E-2,1.417859906E-1
1.074138417E1,1.346193254E-1,-4.268417507E-2,-3.481929377E-2,1.454533767E-1
1.074374485E1,1.364519149E-1,-4.512763396E-2,-3.787361458E-2,1.486271816E-1
1.074610553E1,1.395062506E-1,-5.062541738E-2,-4.276053607E-2,1.544454282E-1
1.074846621E1,1.419496983E-1,-5.062541738E-2,-4.642572254E-2,1.576959018E-1
1.075082688E1,1.437823027E-1,-5.306887627E-2,-4.825831577E-2,1.606814278E-1
1.075318756E1,1.456148922E-1,-5.306887627E-2,-5.253437161E-2,1.636455397E-1
1.075554824E1,1.462257504E-1,-5.245801434E-2,-5.375609919E-2,1.643883559E-1
1.075790896E1,1.468366235E-1,-5.123628303E-2,-5.558869615E-2,1.651552417E-1
1.076026964E1,1.480583549E-1,-5.001455545E-2,-5.619955808E-2,1.660756530E-1
1.076263032E1,1.486692131E-1,-4.879282415E-2,-5.742128938E-2,1.666747704E-1
1.076499100E1,1.492800862E-1,-5.001455545E-2,-5.742128938E-2,1.675804414E-1
1.076735167E1,1.511126757E-1,-4.940368980E-2,-5.619955808E-2,1.686243032E-1
1.076971235E1,1.511126757E-1,-5.184714869E-2,-5.742128938E-2,1.697656386E-1
1.077207303E1,1.529452652E-1,-5.490147322E-2,-5.681042373E-2,1.721448522E-1
1.077443370E1,1.535561383E-1,-5.673406646E-2,-5.558869615E-2,1.728824602E-1
1.077679438E1,1.541669965E-1,-5.917752534E-2,-5.375609919E-2,1.736639298E-1
1.077915511E1,1.566104591E-1,-6.162098423E-2,-5.192350596E-2,1.761250467E-1
1.078151579E1,1.578321904E-1,-6.223184988E-2,-4.825831577E-2,1.763878355E-1
1.078387646E1,1.547778696E-1,-5.978839099E-2,-4.276053607E-2,1.713455691E-1
1.078623714E1,1.529452652E-1,-5.856665969E-2,-3.665188700E-2,1.678263048E-1
1.078859782E1,1.498909444E-1,-5.490147322E-2,-3.054323979E-2,1.625249410E-1
1.079095850E1,1.474474818E-1,-5.001455545E-2,-2.443459071E-2,1.576047742E-1
1.079331917E1,1.407279670E-1,-4.390590638E-2,-1.954767294E-2,1.487084424E-1
1.079567985E1,1.352301836E-1,-3.962985426E-2,-9.773836471E-3,1.412559938E-1
1.079804053E1,1.303432733E-1,-3.535379842E-2,1.221729559E-3,1.350583303E-1
1.080040126E1,1.266780794E-1,-3.352120519E-2,1.038470119E-2,1.314490358E-1
1.080276193E1,1.199585721E-1,-2.924515121E-2,1.588248461E-2,1.244893216E-1
1.080512261E1,1.114064679E-1,-2.374736778E-2,2.138026804E-2,1.158984660E-1
1.080748329E1,1.040760875E-1,-1.763872057E-2,2.565632015E-2,1.086333430E-1
1.080984396E1,9.613484144E-2,-1.214093715E-2,3.298669681E-2,1.023593291E-1
1.081220464E1,8.758273721E-2,-5.421424750E-3,3.787361458E-2,9.557477902E-2
1.081456532E1,7.658717036E-2,-1.145371469E-3,4.337139800E-2,8.802263746E-2
1.081692600E1,6.986765563E-2,1.908952487E-3,5.009091273E-2,8.598972579E-2
1.081928673E1,6.009382382E-2,4.352411721E-3,5.681042373E-2,8.281084104E-2
1.082164740E1,5.642863363E-2,6.795870606E-3,6.414080411E-2,8.569957586E-2
1.082400808E1,5.031998456E-2,6.795870606E-3,7.208204269E-2,8.817088852E-2
1.082636876E1,4.604393244E-2,8.017600514E-3,7.941242307E-2,9.214476963E-2
1.082872943E1,4.726566374E-2,6.795870606E-3,8.613193035E-2,9.848317751E-2
1.083109011E1,4.604393244E-2,4.352411721E-3,9.040798992E-2,1.015509323E-1
1.083345079E1,4.604393244E-2,6.872228696E-4,9.407317638E-2,1.047390973E-1
1.083581146E1,4.848739132E-2,-2.977965865E-3,9.407317638E-2,1.058756720E-1
1.083817214E1,5.337430909E-2,-8.475748822E-3,9.529490769E-2,1.095526112E-1
1.084053282E1,5.826122686E-2,-1.275180187E-2,9.529490769E-2,1.124192974E-1
1.084289355E1,6.253728271E-2,-1.763872057E-2,9.529490769E-2,1.153393065E-1
1.084525417E1,6.559160352E-2,-2.191477455E-2,9.529490769E-2,1.177439392E-1
1.084761490E1,7.292198390E-2,-2.680169232E-2,9.468404204E-2,1.224786278E-1
1.084997558E1,7.841976732E-2,-3.352120519E-2,9.346231073E-2,1.265248380E-1
1.085233626E1,8.513928205E-2,-4.024071619E-2,9.162971377E-2,1.313926065E-1
1.085469693E1,9.185878932E-2,-4.696023092E-2,9.040798992E-2,1.371747247E-1
1.085705766E1,9.735657275E-2,-5.367974192E-2,8.857539296E-2,1.421457604E-1
1.085941829E1,1.028543562E-1,-5.856665969E-2,8.674279600E-2,1.467425803E-1
1.086177902E1,1.083521396E-1,-6.345357746E-2,8.735366166E-2,1.529614489E-1
1.086413969E1,1.114064679E-1,-6.528617442E-2,8.735366166E-2,1.558985178E-1
1.086650037E1,1.138499230E-1,-6.956222653E-2,8.552107215E-2,1.584757461E-1
1.086886105E1,1.162933856E-1,-7.322741300E-2,8.491020650E-2,1.615430244E-1
1.087122173E1,1.156825200E-1,-7.444914430E-2,8.491020650E-2,1.616628086E-1
1.087358240E1,1.175151095E-1,-7.567087561E-2,8.613193035E-2,1.641785363E-1
1.087594308E1,1.169042438E-1,-7.628174126E-2,8.552107215E-2,1.637051009E-1
1.087830376E1,1.175151095E-1,-7.444914430E-2,8.613193035E-2,1.636190254E-1
1.088066443E1,1.156825200E-1,-7.139482349E-2,8.918625861E-2,1.625849162E-1
1.088302516E1,1.169042438E-1,-6.711876392E-2,9.285144508E-2,1.636854347E-1
1.088538579E1,1.150716543E-1,-6.284271181E-2,9.651663154E-2,1.628071013E-1
1.088774652E1,1.095738709E-1,-5.673406646E-2,9.957095981E-2,1.585546074E-1
1.089010719E1,1.083521396E-1,-4.940368980E-2,1.044578776E-1,1.584056783E-1
1.089246787E1,9.980003536E-2,-4.329504073E-2,1.075121984E-1,1.529489471E-1
1.089482855E1,9.613484144E-2,-3.901898861E-2,1.111773923E-1,1.520684115E-1
1.089718923E1,9.002619982E-2,-3.474293277E-2,1.148425788E-1,1.500020198E-1
1.089954990E1,8.452841640E-2,-3.046688065E-2,1.154534444E-1,1.462968962E-1
1.090191063E1,8.086322248E-2,-2.496909723E-2,1.178968996E-1,1.451275146E-1
1.090427131E1,7.658717036E-2,-2.008217946E-2,1.191186309E-1,1.430319434E-1
1.090663199E1,7.292198390E-2,-1.397353224E-2,1.215620935E-1,1.424437360E-1
1.090899266E1,6.986765563E-2,-9.697478265E-3,1.233946830E-1,1.421329595E-1
1.091135334E1,6.620246917E-2,-9.697478265E-3,1.233946830E-1,1.403675739E-1
1.091371402E1,6.436987966E-2,-9.697478265E-3,1.246164143E-1,1.405943570E-1
1.091607469E1,5.826122686E-2,-1.030834299E-2,1.270598769E-1,1.401600685E-1
1.091843537E1,5.398517475E-2,-1.153007243E-2,1.276707351E-1,1.390940627E-1
1.092079605E1,5.337430909E-2,-1.336266659E-2,1.270598769E-1,1.384615111E-1
1.092315678E1,4.970912263E-2,-1.702785492E-2,1.264490038E-1,1.369317176E-1
1.092551746E1,4.726566374E-2,-1.886045001E-2,1.246164143E-1,1.346068730E-1
1.092787813E1,4.665479809E-2,-1.947131567E-2,1.215620935E-1,1.316554021E-1
1.093023881E1,4.421133921E-2,-2.008217946E-2,1.185077652E-1,1.280703981E-1
1.093259949E1,4.360047355E-2,-2.008217946E-2,1.166751757E-1,1.261641465E-1
1.093496016E1,4.543306679E-2,-2.069304511E-2,1.148425788E-1,1.252245326E-1
1.093732084E1,4.298960790E-2,-2.191477455E-2,1.111773923E-1,1.211972619E-1
1.093968152E1,4.482220486E-2,-2.496909723E-2,1.075121984E-1,1.191274891E-1
1.094204225E1,4.726566374E-2,-2.924515121E-2,1.062904745E-1,1.199457661E-1
1.094440292E1,4.970912263E-2,-3.291033953E-2,1.075121984E-1,1.229347800E-1
1.094676360E1,5.276344717E-2,-3.840812296E-2,1.050687432E-1,1.236875340E-1
1.094912428E1,5.581776798E-2,-4.024071619E-2,1.038470119E-1,1.245758417E-1
1.095148496E1,6.436987966E-2,-4.329504073E-2,1.020144150E-1,1.281595990E-1
1.095384563E1,6.742420048E-2,-4.512763396E-2,1.020144150E-1,1.303436497E-1
1.095620631E1,7.353284955E-2,-4.818195850E-2,9.957095981E-2,1.328267937E-1
1.095856699E1,7.903063297E-2,-5.123628303E-2,9.712749720E-2,1.352950419E-1
1.096092766E1,8.269581944E-2,-5.306887627E-2,9.651663154E-2,1.377329458E-1
1.096328839E1,8.697187155E-2,-5.429060757E-2,9.590577334E-2,1.403905049E-1
1.096564907E1,8.941533417E-2,-5.551233515E-2,9.346231073E-2,1.407548396E-1
1.096800975E1,9.063705802E-2,-5.612320080E-2,9.285144508E-2,1.413728432E-1
1.097037042E1,9.491311759E-2,-5.306887627E-2,9.346231073E-2,1.433876182E-1
1.097273110E1,9.552398324E-2,-5.062541738E-2,9.346231073E-2,1.429089493E-1
1.097509178E1,9.552398324E-2,-5.062541738E-2,9.162971377E-2,1.417172139E-1
1.097745246E1,9.735657275E-2,-5.245801434E-2,9.224057943E-2,1.440085762E-1
1.097981313E1,9.918916970E-2,-5.490147322E-2,9.285144508E-2,1.465402812E-1
1.098217381E1,9.918916970E-2,-5.795579776E-2,9.346231073E-2,1.480964868E-1
1.098453454E1,1.010217592E-1,-6.101011857E-2,9.529490769E-2,1.516863535E-1
1.098689522E1,1.040760875E-1,-6.223184988E-2,9.590577334E-2,1.546045034E-1
1.098925589E1,1.083521396E-1,-6.467530876E-2,9.590577334E-2,1.584960538E-1
1.099161657E1,1.089630052E-1,-6.711876392E-2,9.896009415E-2,1.617744270E-1
1.099397725E1,1.144607887E-1,-6.650790572E-2,1.001818255E-1,1.660149747E-1
1.099633792E1,1.187368408E-1,-6.528617442E-2,1.001818255E-1,1.685144507E-1
1.099869860E1,1.224020272E-1,-6.406444311E-2,1.020144150E-1,1.717365715E-1
1.100105928E1,1.254563481E-1,-6.101011857E-2,1.038470119E-1,1.739130004E-1
1.100341996E1,1.303432733E-1,-5.551233515E-2,1.050687432E-1,1.763814873E-1
1.100578068E1,1.327867359E-1,-5.184714869E-2,1.044578776E-1,1.767254714E-1
1.100814136E1,1.333975941E-1,-4.634936526E-2,1.032361463E-1,1.749310826E-1
1.101050204E1,1.346193254E-1,-4.024071619E-2,1.026252806E-1,1.739931787E-1
1.101286272E1,1.346193254E-1,-3.596466407E-2,1.014035568E-1,1.723325308E-1
1.101522334E1,1.333975941E-1,-3.474293277E-2,9.773836285E-2,1.689815879E-1
1.101758407E1,1.303432733E-1,-3.535379842E-2,9.224057943E-2,1.635468876E-1
1.101994475E1,1.285106838E-1,-3.291033953E-2,9.040798992E-2,1.605356376E-1
1.102230542E1,1.260672212E-1,-3.535379842E-2,8.429934084E-2,1.557215919E-1
1.102466615E1,1.242346242E-1,-3.657552972E-2,7.880155742E-2,1.515971526E-1
1.102702683E1,1.193477064E-1,-3.596466407E-2,7.086031139E-2,1.433824111E-1
1.102938751E1,1.156825200E-1,-3.718639165E-2,6.536252797E-2,1.379765676E-1
1.103174818E1,1.114064679E-1,-3.901898861E-2,5.742128938E-2,1.312672352E-1
1.103410886E1,1.059086844E-1,-4.268417507E-2,5.009091273E-2,1.246903676E-1
1.103646954E1,1.040760875E-1,-4.757109284E-2,4.214967042E-2,1.219484956E-1
1.103883022E1,9.857830405E-2,-5.184714869E-2,3.420842811E-2,1.165162024E-1
1.104119084E1,9.491311759E-2,-5.490147322E-2,2.748891525E-2,1.130411965E-1
1.104355162E1,9.185878932E-2,-5.856665969E-2,1.954767294E-2,1.106806321E-1
1.104591230E1,8.880446851E-2,-6.039925665E-2,1.160643063E-2,1.080232061E-1
1.104827298E1,8.636100590E-2,-5.978839099E-2,6.108647678E-3,1.052149733E-1
1.105063365E1,8.269581944E-2,-6.039925665E-2,-1.221729559E-3,1.024117248E-1
1.105299433E1,8.147408813E-2,-6.039925665E-2,-4.886918236E-3,1.015380678E-1
1.105535501E1,7.597630471E-2,-5.795579776E-2,-1.038470119E-2,9.612031726E-2
1.105771568E1,7.292198390E-2,-5.612320080E-2,-1.466075517E-2,9.317922057E-2
1.106007636E1,6.864593178E-2,-5.245801434E-2,-1.771507785E-2,8.819258020E-2
1.106243709E1,6.314814836E-2,-4.757109284E-2,-2.138026804E-2,8.190124161E-2
1.106479777E1,5.826122686E-2,-4.207331315E-2,-2.199113183E-2,7.515413571E-2
1.106715844E1,5.459604040E-2,-3.291033953E-2,-2.260199748E-2,6.763629473E-2
1.106951912E1,4.848739132E-2,-2.557996288E-2,-2.382372692E-2,5.977400424E-2
1.107187980E1,3.993528336E-2,-1.702785492E-2,-2.199113183E-2,4.866605161E-2
1.107424048E1,3.077231348E-2,-9.697478265E-3,-1.954767294E-2,3.772383701E-2
1.107660115E1,2.160934173E-2,-1.145371469E-3,-1.771507785E-2,2.796604206E-2
1.107896183E1,1.305723470E-2,5.574141163E-3,-1.649334840E-2,2.176219128E-2
1.108132256E1,2.061668551E-3,8.628465235E-3,-1.466075517E-2,1.713588725E-2
1.108368318E1,-5.879573524E-3,1.473711245E-2,-1.221729536E-2,2.002533830E-2
1.108604391E1,-1.443168055E-2,1.962403022E-2,-1.099556591E-2,2.672598801E-2
1.108840459E1,-2.115119249E-2,2.145662531E-2,-9.162971750E-3,3.149158244E-2
1.109076527E1,-2.664897591E-2,2.328922041E-2,-8.552107029E-3,3.641008430E-2
1.109312594E1,-3.214675933E-2,2.451094985E-2,-8.552107029E-3,4.131996288E-2
1.109548662E1,-3.825540841E-2,2.328922041E-2,-9.162971750E-3,4.571459407E-2
1.109784730E1,-4.008800164E-2,2.328922041E-2,-9.773836471E-3,4.738104623E-2
1.110020798E1,-4.192059487E-2,2.023489587E-2,-9.162971750E-3,4.744204187E-2
1.110256871E1,-4.314232618E-2,1.840230078E-2,-9.773836471E-3,4.791067586E-2
1.110492938E1,-4.253146052E-2,1.534797717E-2,-1.282816008E-2,4.700050243E-2
1.110729006E1,-4.130972922E-2,1.168278884E-2,-1.527161989E-2,4.556537784E-2
1.110965074E1,-3.459021822E-2,8.628465235E-3,-1.832594350E-2,4.008458324E-2
1.111201141E1,-3.153589368E-2,4.963276442E-3,-2.015853859E-2,3.775597147E-2
1.111437209E1,-2.359465137E-2,1.298087649E-3,-2.382372692E-2,3.355536573E-2
1.111673277E1,-1.504254527E-2,-2.367100911E-3,-2.809977904E-2,3.196058380E-2
1.111909339E1,-8.933897130E-3,-6.032289471E-3,-3.115410358E-2,3.296636474E-2
1.112145417E1,-3.817904799E-4,-9.086613543E-3,-3.298669681E-2,3.421745864E-2
1.112381485E1,6.948587019E-3,-1.458439697E-2,-3.665188700E-2,4.005431708E-2
1.112617553E1,1.427896414E-2,-2.069304511E-2,-3.848448023E-2,4.596896944E-2
1.112853621E1,2.038761228E-2,-2.924515121E-2,-4.214967042E-2,5.520442301E-2
1.113089688E1,2.710712515E-2,-3.413207084E-2,-4.642572254E-2,6.367999848E-2
1.113325756E1,3.077231348E-2,-3.779725730E-2,-4.948004708E-2,6.945389114E-2
1.113561824E1,3.382663801E-2,-4.207331315E-2,-5.314523727E-2,7.575500883E-2
1.113797891E1,3.504836559E-2,-4.329504073E-2,-5.742128938E-2,8.000033098E-2
1.114033959E1,3.810269013E-2,-4.268417507E-2,-6.047561392E-2,8.325294995E-2
1.114270032E1,3.749182448E-2,-4.390590638E-2,-6.414080411E-2,8.629836771E-2
1.114506100E1,3.443750367E-2,-4.390590638E-2,-6.658425927E-2,8.687424162E-2
1.114742167E1,3.688096255E-2,-4.207331315E-2,-6.902772188E-2,8.885491245E-2
1.114978235E1,3.565923125E-2,-4.085158184E-2,-7.086031139E-2,8.922788937E-2
1.115214303E1,3.321577236E-2,-3.962985426E-2,-7.330377400E-2,8.970650013E-2
1.115450371E1,3.138317913E-2,-4.024071619E-2,-7.452550530E-2,9.032314273E-2
1.115686438E1,2.527453005E-2,-3.901898861E-2,-7.391463965E-2,8.731928365E-2
1.115922511E1,2.283107117E-2,-3.779725730E-2,-7.269290835E-2,8.505380294E-2
1.116158579E1,1.916588284E-2,-3.596466407E-2,-7.086031139E-2,8.174332913E-2
1.116394646E1,1.733328775E-2,-3.413207084E-2,-6.841685623E-2,7.839838863E-2
1.116630714E1,1.244636998E-2,-3.474293277E-2,-6.658425927E-2,7.612783384E-2
1.116866777E1,1.122464053E-2,-3.413207084E-2,-6.291907281E-2,7.245550730E-2
1.117102850E1,7.559451740E-3,-3.291033953E-2,-5.925388262E-2,6.820013463E-2
1.117338917E1,6.337722298E-3,-3.291033953E-2,-5.681042373E-2,6.595969540E-2
1.117574985E1,5.115992390E-3,-3.107774630E-2,-5.375609919E-2,6.230343405E-2
1.117811058E1,3.283398226E-3,-2.741255611E-2,-5.009091273E-2,5.719552845E-2
1.118047126E1,2.061668551E-3,-2.741255611E-2,-4.581485689E-2,5.342939099E-2
1.118283193E1,2.672533505E-3,-2.435823344E-2,-4.031707719E-2,4.717979106E-2
1.118519261E1,5.115992390E-3,-2.130390890E-2,-3.481929377E-2,4.113894907E-2
1.118755329E1,6.337722298E-3,-1.824958436E-2,-2.809977904E-2,3.410002398E-2
1.118991396E1,8.170315996E-3,-1.336266659E-2,-2.138026804E-2,2.650341079E-2
1.119227464E1,8.781181648E-3,-9.697478265E-3,-1.404988952E-2,1.919764651E-2
1.119463532E1,9.392046370E-3,-4.810560029E-3,-7.330377586E-3,1.284859752E-2
1.119699600E1,8.170315996E-3,6.872228696E-4,-1.221729559E-3,8.289690094E-3
1.119935673E1,6.948587019E-3,4.352411721E-3,3.665188793E-3,8.981088923E-3
1.120171740E1,6.337722298E-3,6.185005885E-3,9.162971750E-3,1.274288323E-2
1.120407808E1,4.505127668E-3,8.017600514E-3,1.404988952E-2,1.679218535E-2
1.120643870E1,3.283398226E-3,5.574141163E-3,1.588248461E-2,1.714949186E-2
1.120879943E1,2.061668551E-3,3.130682046E-3,1.832594350E-2,1.870539635E-2
1.121116011E1,2.672533505E-3,-1.145371469E-3,2.076940238E-2,2.097194284E-2
1.121352079E1,3.894262947E-3,-5.421424750E-3,2.138026804E-2,2.239805776E-2
1.121588146E1,5.115992390E-3,-7.864884101E-3,2.199113183E-2,2.390898699E-2
1.121824214E1,6.948587019E-3,-1.153007243E-2,2.138026804E-2,2.526541694E-2
1.122060287E1,1.061377581E-2,-1.336266659E-2,2.076940238E-2,2.688086998E-2
1.122296355E1,1.183550525E-2,-1.458439697E-2,2.015853859E-2,2.755268585E-2
1.122532423E1,1.427896414E-2,-1.763872057E-2,1.832594350E-2,2.916939296E-2
1.122768490E1,1.733328775E-2,-1.947131567E-2,1.649334840E-2,3.084810431E-2
1.123004558E1,1.794415340E-2,-2.435823344E-2,1.466075517E-2,3.361924924E-2
1.123240626E1,1.855501719E-2,-2.924515121E-2,1.221729536E-2,3.672641880E-2
1.123476693E1,1.916588284E-2,-3.474293277E-2,1.038470119E-2,4.101517355E-2
1.123712766E1,2.222020552E-2,-3.657552972E-2,8.552107029E-3,4.364224378E-2
1.123948834E1,2.344193682E-2,-3.718639165E-2,6.719512399E-3,4.446913506E-2
1.124184902E1,2.466366626E-2,-3.718639165E-2,5.497782957E-3,4.495942365E-2
1.124420969E1,2.344193682E-2,-3.901898861E-2,3.054323839E-3,4.562164802E-2
1.124657037E1,2.588539571E-2,-4.024071619E-2,2.443459118E-3,4.790970092E-2
1.124893105E1,2.527453005E-2,-4.085158184E-2,6.108647794E-4,4.804192715E-2
1.125129173E1,2.344193682E-2,-4.268417507E-2,-1.221729559E-3,4.871299443E-2
1.125365240E1,2.527453005E-2,-4.329504073E-2,-2.443459118E-3,5.019196065E-2
1.125601313E1,2.405280061E-2,-4.451677203E-2,-4.886918236E-3,5.083465530E-2
1.125837381E1,2.405280061E-2,-4.573849961E-2,-4.276053514E-3,5.185395065E-2
1.126073449E1,2.527453005E-2,-4.573849961E-2,-6.108647678E-3,5.261300022E-2
1.126309516E1,2.466366626E-2,-4.512763396E-2,-8.552107029E-3,5.213384999E-2
1.126545584E1,2.344193682E-2,-4.268417507E-2,-9.773836471E-3,4.966881399E-2
1.126781652E1,2.099847607E-2,-4.146244749E-2,-1.282816008E-2,4.821444017E-2
1.127017719E1,2.222020552E-2,-4.024071619E-2,-1.466075517E-2,4.824925403E-2
1.127253787E1,1.977674663E-2,-3.840812296E-2,-1.710421406E-2,4.646350993E-2
1.127489855E1,1.794415340E-2,-3.535379842E-2,-2.015853859E-2,4.447752671E-2
1.127725928E1,1.488982886E-2,-3.107774630E-2,-2.138026804E-2,4.055427450E-2
1.127961996E1,1.122464053E-2,-2.741255611E-2,-2.443459071E-2,3.839908867E-2
1.128198063E1,1.183550525E-2,-2.496909723E-2,-2.748891525E-2,3.897660148E-2
1.128434131E1,1.366809942E-2,-2.252563834E-2,-2.748891525E-2,3.807705065E-2
1.128670199E1,1.305723470E-2,-2.191477455E-2,-2.748891525E-2,3.750185573E-2
1.128906266E1,1.366809942E-2,-2.008217946E-2,-2.871064469E-2,3.760866911E-2
1.129142334E1,1.611155830E-2,-1.947131567E-2,-3.115410358E-2,4.011598951E-2
1.129378402E1,1.855501719E-2,-1.824958436E-2,-3.237583488E-2,4.153950742E-2
1.129614469E1,2.038761228E-2,-1.519526169E-2,-3.481929377E-2,4.311535609E-2
1.129850542E1,2.405280061E-2,-1.580612548E-2,-3.543015569E-2,4.564719873E-2
1.130086610E1,2.710712515E-2,-1.824958436E-2,-3.848448023E-2,5.048661983E-2
1.130322678E1,3.382663801E-2,-2.374736778E-2,-4.092793912E-2,5.816592745E-2
1.130558746E1,3.871355578E-2,-3.291033953E-2,-4.276053607E-2,6.641003911E-2
1.130794813E1,4.543306679E-2,-3.962985426E-2,-4.153880477E-2,7.321312183E-2
1.131030881E1,5.398517475E-2,-4.818195850E-2,-4.337139800E-2,8.436218573E-2
1.131266949E1,6.131555140E-2,-5.978839099E-2,-4.642572254E-2,9.741455874E-2
1.131503022E1,6.620246917E-2,-7.017309219E-2,-4.825831577E-2,1.078698050E-1
1.131739089E1,7.414371520E-2,-7.994692773E-2,-4.948004708E-2,1.197375330E-1
1.131975157E1,8.086322248E-2,-8.727730811E-2,-5.314523727E-2,1.303096524E-1
1.132211225E1,9.002619982E-2,-9.460768104E-2,-5.681042373E-2,1.424175348E-1
1.132447292E1,9.918916970E-2,-1.013271958E-1,-5.742128938E-2,1.529800525E-1
1.132683360E1,1.052978188E-1,-1.043815166E-1,-5.681042373E-2,1.587783231E-1
1.132919428E1,1.126281917E-1,-1.086575761E-1,-5.864302069E-2,1.671244515E-1
1.133155496E1,1.169042438E-1,-1.092684343E-1,-5.681042373E-2,1.698046443E-1
1.133391563E1,1.150716543E-1,-1.056032479E-1,-5.375609919E-2,1.651764202E-1
1.133627636E1,9.491311759E-2,-9.277509153E-2,-5.253437161E-2,1.427430478E-1
1.133863704E1,6.436987966E-2,-7.628174126E-2,-5.619955808E-2,1.145459549E-1
1.134099772E1,2.710712515E-2,-6.223184988E-2,-6.597339362E-2,9.465774157E-2
1.134335839E1,-8.323032409E-3,-5.734493211E-2,-7.391463965E-2,9.392064769E-2
1.134571907E1,-3.764454275E-2,-5.673406646E-2,-7.757982612E-2,1.032206148E-1
1.134807975E1,-5.841394514E-2,-5.734493211E-2,-7.819069177E-2,1.132007708E-1
1.135044042E1,-6.879864633E-2,-6.162098423E-2,-7.269290835E-2,1.175357748E-1
1.135280110E1,-7.612902671E-2,-6.101011857E-2,-6.597339362E-2,1.177724583E-1
1.135516183E1,-7.918334752E-2,-5.673406646E-2,-5.803215504E-2,1.133864535E-1
1.135752251E1,-8.040507883E-2,-4.634936526E-2,-4.825831577E-2,1.046045190E-1
1.135988318E1,-8.223766834E-2,-3.352120519E-2,-4.092793912E-2,9.778446447E-2
1.136224386E1,-8.468113095E-2,-1.824958436E-2,-3.604102135E-2,9.382375226E-2
1.136460454E1,-8.651372790E-2,-6.643154658E-3,-2.993237413E-2,9.178618437E-2
1.136696522E1,-8.651372790E-2,-5.345066893E-4,-2.443459071E-2,8.989972212E-2
1.136932589E1,-8.529199660E-2,3.130682046E-3,-1.893680729E-2,8.742498798E-2
1.137168657E1,-8.101594448E-2,1.908952487E-3,-1.282816008E-2,8.204748047E-2
1.137404725E1,-7.612902671E-2,-1.145371469E-3,-6.719512399E-3,7.643358183E-2
1.137640798E1,-6.513345987E-2,-7.254019380E-3,6.108647794E-4,6.553900783E-2
1.137876865E1,-5.291616172E-2,-1.458439697E-2,6.108647678E-3,5.522807603E-2
1.138112933E1,-3.886627033E-2,-2.008217946E-2,1.038470119E-2,4.496357326E-2
1.138349001E1,-1.992946304E-2,-2.985601686E-2,1.343902480E-2,3.832978773E-2
1.138585068E1,-9.926552884E-4,-4.024071619E-2,1.588248461E-2,4.327301609E-2
1.138821136E1,2.099847607E-2,-4.940368980E-2,1.649334840E-2,5.615773415E-2
1.139057204E1,4.360047355E-2,-6.039925665E-2,1.527161989E-2,7.604139578E-2
1.139293272E1,6.681333482E-2,-7.017309219E-2,1.343902480E-2,9.782071337E-2
1.139529344E1,8.697187155E-2,-8.116865903E-2,9.773836471E-3,1.193649259E-1
1.139765412E1,1.059086844E-1,-9.094249457E-2,8.552107029E-3,1.398582328E-1
1.140001480E1,1.272889525E-1,-1.025489271E-1,6.719512399E-3,1.635967962E-1
1.140237548E1,1.505018175E-1,-1.098793000E-1,2.443459118E-3,1.863604790E-1
1.140473615E1,1.712712198E-1,-1.202640012E-1,-6.108647794E-4,2.092788424E-1
1.140709683E1,1.920406222E-1,-1.257617921E-1,-1.832594397E-3,2.295626000E-1
1.140945751E1,2.091448307E-1,-1.330921650E-1,-6.108647678E-3,2.479766121E-1
1.141181813E1,2.250273079E-1,-1.379790753E-1,-1.038470119E-2,2.641653962E-1
1.141417891E1,2.372446060E-1,-1.404225379E-1,-1.649334840E-2,2.761802360E-1
1.141653959E1,2.421315312E-1,-1.398116797E-1,-2.565632015E-2,2.807725609E-1
1.141890027E1,2.427423894E-1,-1.404225379E-1,-3.543015569E-2,2.826617284E-1
1.142126094E1,2.402989268E-1,-1.410334110E-1,-4.337139800E-2,2.819841758E-1
1.142362162E1,2.354120165E-1,-1.434768587E-1,-4.764745384E-2,2.797761719E-1
1.142598230E1,2.293033600E-1,-1.459203213E-1,-5.314523727E-2,2.769425704E-1
1.142834298E1,2.213621289E-1,-1.471420527E-1,-5.986474827E-2,2.724624081E-1
1.143070365E1,2.134208828E-1,-1.446985900E-1,-6.719512492E-2,2.664607663E-1
